frame,bg_sampled_mean,bg_fit_min
0,21.787344,17.711240986669882
1,21.788004,17.6964374334376
2,21.938623,17.87397512563312
3,21.916622,17.951653952855043
4,21.883661,17.938365918481637
5,21.857418,17.871684168774934
6,21.923307,17.922130420732255
7,21.919136,18.004418705223994
8,21.880322,17.896043439961684
9,21.857195,17.772009201487887
10,21.842018,17.75980962833738
11,21.811485,17.840362951558696
12,21.764006,17.714347901840313
13,21.76804,17.888943789019265
14,21.865496,17.979508212531663
15,21.831514,17.967711593975352
16,21.801653,17.91894702846746
17,21.772358,17.881505056612696
18,21.859327,17.82246399431616
19,21.83903,17.92801330443858
20,21.808813,17.84479461785562
21,20.443895,17.78063272473937
22,21.82437,17.71647083162312
23,21.772673,17.776777594249392
24,21.792032,17.992082802647143
25,21.751875,17.69940338681731
26,20.443167,17.76241960901932
27,21.767633,17.825435831221334
28,21.747883,17.878268925406317
29,21.7458,17.828244304166667
30,21.732737,17.743392077136377
31,21.728325,17.839222144110526
32,21.73053,17.911745427860847
33,21.722326,17.898230503035418
34,21.680027,17.700246241351145
35,21.709919,17.892829338822125
36,21.720078,17.77739096981962
37,21.691843,17.71596919335834
38,21.688084,17.766959155867408
39,21.696892,17.807572503478344
40,21.695883,17.82638537335763
41,21.708515,17.851167012215527
42,21.692478,17.74197744581403
43,21.695398,17.706716310337175
44,21.67301,17.83138230642388
45,21.667942,17.86882234675592
46,21.697687,17.70552659266383
47,21.685211,17.930640740660785
48,21.688759,17.808125100044265
49,21.682611,17.839527030315548
50,21.688763,17.85463159435786
51,21.678507,17.7680764566831
52,21.721848,17.835785886882952
53,21.668192,17.830393657129605
54,21.67579,17.83380579275809
55,21.69553,17.922294387854052
56,21.681824,17.773732968365973
57,21.677887,17.732956030662493
58,21.676222,17.86945359727956
59,21.669489,17.912488674431295
60,21.65734,17.651186635627724
61,21.668318,17.821051063963097
62,21.677666,17.78990666667398
63,21.658789,17.81838072716895
64,21.695406,17.92164378410955
65,21.674402,17.849763753508313
66,21.68121,17.78855659547938
67,21.685467,17.78112005317711
68,21.68818,17.83017574053337
69,21.674013,17.783749772436153
70,21.695017,17.867408171360683
71,21.695898,17.776574430325805
72,21.686628,17.88540979709865
73,21.679865,17.870215310059614
74,21.700485,17.8117627933594
75,21.705687,17.885674190334573
76,21.708778,17.752235796700948
77,21.696426,17.90908343788468
78,21.70601,17.868974536265036
79,21.687115,17.760265663727132
80,21.695347,17.912286377970077
81,21.694086,17.983049798511978
82,21.71191,17.808218905896886
83,21.73258,17.975389097645348
84,21.70669,17.859417582321655
85,21.71933,17.968835792878735
86,21.719378,17.829198349056878
87,21.719332,17.80517235841014
88,21.720419,17.973327224333545
89,21.743082,18.007750879954642
90,21.721794,17.862671638507415
91,21.740976,17.874332362670533
92,21.741037,18.065967690986824
93,21.742714,17.9623041631789
94,21.751345,17.963351004142204
95,21.742317,17.948737157279357
96,21.79333,17.82964577824255
97,21.762545,17.93347448459321
98,21.757671,18.010764993355572
99,21.7626,17.96043505321198
100,21.773,18.035749693160852
101,21.776022,17.991721386335747
102,21.745872,17.863687183484494
103,21.762882,17.977246768738574
104,21.781176,17.91040739320185
105,21.763699,17.8484565553528
106,21.773,17.9261251850891
107,21.793926,17.92553125356737
108,21.793932,17.959221787613316
109,21.79759,17.929779073373094
110,21.780945,18.10014960934595
111,21.781424,17.845946395486173
112,21.781862,17.828629084387902
113,21.787682,17.896018337392242
114,21.803375,18.044954616948605
115,21.809607,17.86895396787011
116,21.793278,17.877929253414884
117,21.803148,17.961435454743253
118,21.804705,18.151288573092778
119,21.806967,17.944467641421586
120,21.80011,18.07953986105981
121,21.812738,18.102210298162387
122,21.820087,17.962395017414565
123,21.829388,17.915107088336296
124,35.87533,17.939718951013283
125,21.84745,17.964330813690268
126,21.828548,17.933595292628286
127,21.853136,18.096007635008394
128,21.836412,18.117433924944613
129,21.831423,17.98289614113494
130,21.831013,18.121720119166845
131,21.84292,17.982950882291988
132,21.832848,18.05137758077754
133,21.860043,18.13291130888182
134,21.86624,18.16104315338402
135,21.856676,18.03817049157962
136,21.883415,18.05650608379532
137,21.87586,18.050910769169857
138,21.855623,18.07807719132488
139,21.877674,18.133599420926707
140,21.873947,18.039946312660142
141,21.870066,18.00858828495276
142,21.884134,18.22050944985883
143,21.881958,17.99947677285853
144,21.90431,18.206443571192462
145,21.909836,18.013881248452417
146,21.89781,18.161693315028547
147,21.88918,18.096752175670414
148,21.88958,18.029863346266293
149,21.885096,18.103823713849476
150,21.896193,18.02299900567567
151,21.89767,18.144553625077002
152,21.891056,18.01475310903852
153,21.922068,18.158513069814134
154,21.897585,18.142966500681084
155,21.913002,18.19785806262404
156,21.906158,18.099369961155343
157,21.892458,18.01151558996426
158,21.91142,18.308105202258382
159,21.907171,18.21705504006703
160,21.900158,18.024774225757806
161,21.922426,18.21368464386467
162,21.929222,18.091207841302097
163,21.917448,18.10548630650571
164,21.917078,18.070088614323797
165,21.928236,18.181464045911707
166,21.925467,18.136181316610337
167,21.92164,18.05828035609355
168,21.934732,18.08981941031962
169,21.93765,18.150746584468408
170,21.920738,18.155455866674522
171,21.93709,18.03338718103802
172,21.924328,18.143386809685865
173,21.93892,18.08278608678846
174,21.956093,18.13114378489317
175,21.944214,18.048544750478367
176,21.941967,18.15418960406419
177,21.952478,18.216060150836213
178,21.975153,18.061871929583152
179,21.988026,18.198587057577292
180,22.943289,18.198640634757282
181,21.9909,18.198694211937276
182,22.00641,18.287800833079075
183,21.992403,18.273414748106177
184,21.990822,18.11858534396772
185,21.982628,18.216569708573818
186,21.994867,18.224058641823945
187,21.997349,18.12467740924464
188,22.004276,18.31135584165087
189,21.963278,18.172975962836922
190,22.001463,18.218961881249424
191,21.996017,18.228612489414445
192,22.009499,18.188663486176676
193,21.990644,18.291165581658714
194,22.009525,18.32867441505079
195,22.000454,18.25793403839431
196,21.99603,18.130382280737216
197,22.02662,18.095837581336944
198,22.017277,18.00313915235298
199,22.008902,18.145546367865933
200,22.014694,18.1857122028739
201,22.018484,18.294857344789225
202,22.020254,18.166207496340867
203,22.026722,18.335136753288264
204,22.03896,18.148647133064966
205,22.053595,18.360127498108774
206,22.023333,18.20789670591472
207,22.044369,18.24896331303364
208,22.038256,18.124339673145084
209,22.043388,18.115116165177547
210,22.039043,18.305141466234403
211,22.03496,18.38954724866347
212,22.038265,18.177387259482938
213,22.02974,18.105453440230225
214,22.046513,18.29619979195892
215,22.049591,18.356991852040053
216,22.033737,18.180525187223637
217,22.055895,18.206548515078858
218,22.065495,18.313699994399464
219,22.060675,18.356033181902088
220,22.056627,18.079141389903132
221,22.073202,18.294324069864878
222,22.07469,18.31130016439257
223,22.10653,18.27272545218389
224,22.096975,18.20836882407007
225,22.099796,18.282427451611316
226,22.094639,18.377398675210696
227,22.114275,18.379767399131257
228,22.087088,18.24923706701572
229,22.100143,18.075354052228484
230,22.097452,18.30657267625665
231,22.094929,18.356470573083257
232,22.125053,18.275762178658617
233,22.131977,18.20794336189171
234,22.104996,18.370548917359848
235,22.10531,18.25032988344134
236,22.117678,18.25905328996049
237,22.09841,18.31096753764208
238,22.09998,18.036155642940845
239,22.092752,18.364607301296097
240,22.096619,18.317858719175444
241,22.108948,18.359407472315162
242,22.098938,18.17814752226007
243,22.09376,18.343408706029958
244,22.112038,18.21938180257702
245,22.107779,18.20704496125726
246,22.112408,18.2127715163562
247,22.119818,18.314293219995413
248,22.12106,18.157466201947127
249,22.132072,18.282162368571644
250,22.119532,18.35058188254474
251,22.136421,18.348836600567072
252,22.14945,18.341103283061948
253,22.142313,18.2973515608993
254,22.138533,18.338563564389453
255,22.142157,18.298388478757204
256,22.124834,18.277740142481107
257,22.143661,18.32817596406197
258,22.132662,18.43923922766033
259,22.135609,18.25695658431103
260,22.12103,18.327188557846398
261,22.135529,18.41888029728471
262,22.139732,18.34977786079285
263,22.148766,18.342673970059373
264,22.145456,18.396780680252903
265,22.156849,18.4247151234212
266,22.156826,18.268641178902527
267,22.161333,18.429269426289952
268,22.167889,18.396928710553667
269,22.186615,18.141657581004146
270,22.143309,18.32341449749255
271,23.6473,18.379297394433642
272,22.15439,18.43518029137474
273,22.17766,18.373091387051957
274,22.151999,18.377707447797796
275,22.162668,18.307663238069146
276,22.14631,18.21442330596774
277,22.146694,18.46516904594952
278,22.151825,18.314428970976707
279,22.138786,18.386381589280113
280,22.129044,18.22168699770324
281,22.572262,18.318532417567884
282,22.147068,18.415377837432526
283,22.164354,18.504767626640724
284,22.16376,18.205987336901146
285,22.168982,18.38750874240774
286,22.15745,18.422380002227147
287,22.15945,18.405123058360672
288,22.1541,18.413221655757212
289,22.169584,18.519410200133265
290,22.177248,18.447140205693454
291,22.190983,18.347179768956146
292,22.200426,18.51714920792103
293,22.221106,18.4075892063089
294,22.208626,18.315923608022928
295,22.204874,18.46772386734485
296,22.216173,18.422331345667693
297,22.215033,18.316733175794358
298,22.216385,18.47030439694931
299,22.216236,18.45028863046655
300,22.22422,18.43416383670166
301,22.226463,18.466170764752878
302,22.25225,18.311409305793727
303,22.27302,18.5694477454201
304,22.236135,18.355688661635895
305,22.235159,18.47949382420892
306,22.23145,18.353617393102017
307,22.246284,18.43970170939441
308,22.250408,18.379941308538474
309,22.26997,18.498165006322843
310,22.26443,18.442811052253873
311,22.421295,18.511978291182192
312,22.258041,18.58114553011051
313,22.253922,18.400931153077735
314,22.27478,18.292748721465212
315,22.277115,18.5626239029591
316,22.318073,18.54232888504323
317,22.268896,18.48183592171002
318,22.269577,18.54350798735708
319,22.261667,18.429129814915694
320,22.299824,18.360978063826906
321,22.292921,18.601248765468032
322,22.266987,18.527055709049474
323,22.275187,18.378535713544302
324,22.278904,18.41384965507791
325,22.28451,18.57767029655269
326,22.275585,18.436352151635823
327,22.300833,18.39573759074747
328,22.306883,18.398057158143043
329,22.291473,18.578780664046185
330,22.295506,18.403586616485573
331,22.314476,18.49033548830295
332,22.314047,18.45300341358383
333,22.298897,18.300275806110786
334,22.323017,18.364435832599327
335,22.32261,18.500473105084712
336,22.315594,18.535017506608224
337,22.32021,18.50927732536777
338,22.301397,18.487571677336007
339,22.298023,18.530820477500086
340,22.305271,18.49460083134891
341,22.321028,18.408205207928553
342,22.292408,18.341420031259254
343,22.300644,18.54429423302765
344,22.305788,18.66627239981296
345,22.305367,18.61557494050146
346,22.308104,18.652547007427987
347,22.31287,18.44506913860967
348,22.311033,18.306725426638078
349,22.305979,18.38967148780781
350,22.306213,18.50395833827054
351,22.313593,18.49225305094415
352,22.30996,18.440788748025774
353,22.314003,18.53884531502435
354,22.30396,18.497375788200095
355,22.32798,18.65999762430415
356,22.330652,18.49633204755596
357,22.3386,18.59493521397313
358,22.332256,18.55496978395645
359,22.31008,18.381420298825326
360,22.318357,18.55552945929483
361,22.304926,18.566944303932402
362,22.098335,18.619831192220644
363,22.320019,18.672718080508886
364,22.312008,18.426723289596865
365,22.310326,18.430261531654004
366,22.328732,18.65091085856361
367,22.318314,18.55741592223332
368,22.304295,18.42052065394346
369,22.309345,18.467261022907074
370,22.301039,18.45618938721607
371,22.31632,18.56364057096151
372,22.319374,18.522288528888193
373,22.303131,18.463464130883384
374,22.302082,18.602694399974606
375,22.297192,18.399649410905106
376,22.320236,18.471949144689184
377,22.311502,18.426249889337637
378,22.31903,18.535846967270444
379,22.331003,18.612690081047656
380,22.319393,18.531022543157604
381,22.341133,18.583200055511035
382,22.347715,18.370562363171384
383,22.332802,18.47796981505236
384,22.336458,18.60682700464521
385,22.35966,18.37559639097818
386,22.333347,18.365466612513316
387,22.35862,18.585583952458684
388,22.361935,18.627233292406952
389,22.356144,18.447494664533032
390,22.344946,18.539096919348168
391,22.33649,18.5669729505256
392,22.359747,18.431990925589425
393,22.333523,18.471340985498728
394,22.340868,18.38607616469364
395,22.334621,18.431663544447265
396,22.352789,18.624882675715366
397,22.360634,18.5090510193378
398,22.34897,18.529254419986167
399,22.356976,18.484953510657782
400,22.363174,18.406272249018905
401,22.355278,18.657616856525546
402,22.357737,18.389859238885716
403,22.3594,18.490697120374573
404,22.349394,18.451029608363246
405,22.352459,18.56008775081797
406,22.354141,18.545772460878258
407,22.356396,18.418690070530367
408,22.349646,18.609873702350264
409,22.355997,18.483180219325295
410,22.379313,18.688050851395147
411,22.350441,18.652292460245793
412,22.365816,18.548310601829126
413,22.350067,18.52284241395817
414,22.354023,18.510449132909883
415,22.369562,18.57938980691327
416,22.365887,18.52835340656148
417,22.37282,18.542540639056305
418,22.364792,18.590390300975223
419,22.35971,18.68091137942069
420,22.3605,18.663032302795457
421,22.173834,18.61526016050783
422,22.364403,18.567488018220207
423,22.36731,18.370646872575055
424,22.382042,18.616618317012964
425,22.392012,18.52907855907942
426,22.39595,18.49918808377248
427,22.391169,18.623177242240242
428,22.409763,18.59136421148218
429,22.37939,18.585067155419356
430,22.393969,18.533391912832055
431,22.413067,18.69920412615804
432,22.411322,18.631308609283288
433,22.38972,18.624187387647066
434,22.372038,18.558917460614484
435,22.402159,18.661811094406897
436,22.394192,18.540057423948618
437,22.38104,18.64145449035703
438,22.382887,18.536761693875444
439,22.408909,18.634980534553428
440,22.386469,18.500251387253744
441,22.37798,18.556006472932335
442,22.381535,18.653958260983845
443,22.37931,18.57361813791415
444,22.38949,18.60260438340562
445,22.383614,18.559728251510457
446,22.375996,18.674287027568333
447,22.393562,18.705419572959467
448,22.386047,18.506562716927714
449,22.391693,18.579183511553378
450,22.39949,18.555283962560804
451,22.3994,18.63965585014962
452,22.371325,18.69160350116254
453,22.382383,18.674476474259908
454,22.375385,18.506246542876788
455,22.375145,18.554539954060292
456,22.380949,18.57836427524824
457,22.366693,18.493718534287567
458,22.354197,18.62014240254174
459,22.359116,18.644793196177677
460,22.36755,18.64929100142362
461,22.367357,18.67823026795752
462,22.398855,18.710179592243286
463,22.371584,18.516478592261954
464,22.372704,18.60446253754482
465,23.879978,18.62324432365863
466,22.375887,18.642026109772438
467,22.371462,18.5936533537193
468,22.423738,18.61314146100366
469,22.3851,18.767999901711377
470,22.396776,18.579009919061424
471,22.394705,18.611208243135298
472,22.409212,18.615041256496994
473,22.394201,18.677944368091545
474,22.417376,18.757466356957014
475,22.403812,18.637876558369747
476,22.418402,18.712088502301143
477,22.442186,18.599163884556027
478,22.427526,18.70709235720953
479,22.418457,18.686203754882236
480,22.417694,18.746892692458765
481,22.434185,18.635358796388875
482,22.434515,18.6585568131351
483,22.426281,18.75828666041626
484,22.426453,18.639647377950066
485,22.432102,18.562234492552882
486,22.423616,18.492352424916664
487,22.432001,18.627150367094515
488,22.430973,18.525568341867054
489,22.417435,18.54697043307676
490,22.432577,18.535248545214692
491,22.416548,18.51548000692276
492,22.413576,18.56523945423503
493,22.412085,18.518056471017044
494,22.440842,18.634390886591554
495,22.421062,18.492910756223548
496,22.434486,18.652043620821885
497,22.44795,18.45847836352692
498,22.423784,18.790718019128573
499,22.44123,18.664641397683226
500,22.456114,18.792426591023435
501,22.434593,18.6761382122554
502,22.449255,18.743722810345957
503,22.446434,18.55143051091981
504,22.443184,18.674085639567828
505,22.454247,18.689429000923298
506,22.4517,18.667395054735
507,22.431292,18.60987984072645
508,22.422224,18.66707889785847
509,22.449484,18.56245435362496
510,22.44187,18.598449123751113
511,22.44622,18.70526539285518
512,22.448988,18.4597757130523
513,22.435705,18.668040227994137
514,22.444807,18.753140073509634
515,22.451569,18.624831327242617
516,22.446068,18.521256502432824
517,22.45328,18.631435493461705
518,22.466606,18.689403878355566
519,22.425543,18.504773839609374
520,22.447847,18.694998668024052
521,22.431763,18.64744609985619
522,22.44206,18.610485712243474
523,22.441982,18.585743627229174
524,22.43208,18.696438289179227
525,22.448675,18.58917925603071
526,22.451923,18.728345470150185
527,22.436014,18.528937203054817
528,22.450985,18.66020957048487
529,22.460958,18.607654236786225
530,22.454355,18.700719024536234
531,22.427143,18.679811069197026
532,22.438852,18.48827459559016
533,22.452555,18.60304747573601
534,22.460144,18.685617474260273
535,22.456177,18.833367445924512
536,22.444061,18.65196750290944
537,22.473381,18.743670042326364
538,22.451504,18.51123302150599
539,22.467646,18.722013892505892
540,22.447735,18.660577987429562
541,22.45737,18.722622179719696
542,22.45897,18.6429183252071
543,22.448065,18.601634458397207
544,22.458046,18.651609025208014
545,22.479097,18.65626765897434
546,22.461731,18.73965411632374
547,22.456846,18.78137635451012
548,22.474676,18.66599386057163
549,22.469376,18.657170964527996
550,22.482067,18.738520596575643
551,22.478573,18.690058463069786
552,22.487728,18.72813842887023
553,22.48779,18.73758915098842
554,22.485268,18.585631003623032
555,22.486382,18.51204963606174
556,22.496931,18.61746397103556
557,22.484886,18.63124396841089
558,22.507437,18.73342142940688
559,22.47801,18.65695427223296
560,22.499908,18.753241181211884
561,22.483921,18.694734251282956
562,22.512777,18.79767081090391
563,22.50482,18.489632359831077
564,22.494001,18.81799577712458
565,22.496798,18.839908804722914
566,22.484213,18.69625180287618
567,22.49134,18.73016596537346
568,22.47078,18.598671227862862
569,22.473185,18.745193661413712
570,22.47219,18.766582301442792
571,22.479311,18.71751221502342
572,22.46852,18.619207300848622
573,22.458979,18.56145757915755
574,22.480003,18.643037783384774
575,22.46086,18.621407441150232
576,22.481712,18.690112082897944
577,22.476269,18.72938698651634
578,22.472626,18.79589304652434
579,22.469015,18.774383631997345
580,22.48276,18.573004206000565
581,22.474066,18.76231011115555
582,22.473804,18.747304946080433
583,22.470734,18.70068930229878
584,22.487137,18.566276277389317
585,22.4701,18.57837455190924
586,22.460472,18.555692585496352
587,22.465069,18.70453038046017
588,22.49129,18.691284678667543
589,22.473688,18.502268078425605
590,22.46257,18.807079459722672
591,22.484858,18.674802350099455
592,22.47576,18.84010006127431
593,22.4417,18.7567508672032
594,22.476568,18.612631559087085
595,22.460564,18.6587594755343
596,22.454004,18.765781751579745
597,22.43744,18.704309136188012
598,22.479118,18.790455429416102
599,22.445345,18.62753628769742
600,22.442457,18.659754866322654
601,22.473953,18.70893428075552
602,22.469,18.780479227602324
603,22.495607,18.71511548288848
604,22.48196,18.67537376938578
605,22.46651,18.617506265064005
606,22.488579,18.591367762829726
607,22.490837,18.673967377307555
608,22.489445,18.539188407710462
609,22.47643,18.762993044590367
610,22.494728,18.614559972857258
611,22.464527,18.76845537152237
612,22.468279,18.6948487931449
613,22.48441,18.78779863591565
614,22.479383,18.810631185106708
615,22.464048,18.670878033700962
616,22.47574,18.738401591756904
617,22.467346,18.59720910819218
618,22.458044,18.53209671274478
619,22.482866,18.521617289890575
620,22.454927,18.6707816735949
621,22.467812,18.628659920506273
622,22.477243,18.708303369984243
623,22.470499,18.69330218912487
624,22.4803,18.804910335691652
625,22.489468,18.78414183233689
626,22.469751,18.828808756379768
627,22.469425,18.675255313544397
628,22.467003,18.577820301382655
629,22.482428,18.591638045161673
630,22.46596,18.71945958727882
631,22.466476,18.752430367702345
632,22.46155,18.759650462011074
633,22.453312,18.61626182737768
634,22.448633,18.521367019231736
635,22.449574,18.644631308702262
636,22.445984,18.673559754221774
637,22.459793,18.48779545919684
638,22.446047,18.635555394115528
639,22.451445,18.70679729299554
640,22.460827,18.717758399710682
641,22.482632,18.77932303076052
642,22.45882,18.788300626767093
643,22.471062,18.735631759501747
644,22.467194,18.72915482417331
645,22.431114,18.654262460081615
646,22.43923,18.614979329439333
647,22.458351,18.617539343000708
648,22.434261,18.647546273488075
649,22.449926,18.7861537175586
650,22.458979,18.554712694210625
651,22.473568,18.82462681649452
652,22.462465,18.70376901520755
653,22.46141,18.709556520786904
654,22.468266,18.710774032119396
655,22.485064,18.60800707720707
656,22.454638,18.83160039887871
657,22.447725,18.626986533401777
658,22.465092,18.68142997002632
659,22.49652,18.738868600810033
660,22.459608,18.755470575162512
661,22.477116,18.626402600089104
662,22.46678,18.651050789175795
663,22.480814,18.69736537354298
664,22.452763,18.67129679657967
665,22.4628,18.6907364922358
666,22.465492,18.62389785177138
667,22.46898,18.696098553683388
668,22.463335,18.7275518067383
669,22.484753,18.776180263975313
670,22.479548,18.754203040748212
671,22.46671,18.76417247053034
672,22.502192,18.761210526976228
673,22.477184,18.746002477247778
674,22.460632,18.76766459849622
675,22.49192,18.77708162574662
676,22.485483,18.671916928901965
677,22.478441,18.78541919793216
678,22.461813,18.50220815246652
679,22.484287,18.772063775722966
680,22.466063,18.64849784723312
681,22.482868,18.75695090457863
682,22.462,18.649084626697558
683,22.465925,18.745269448688244
684,22.45287,18.844591188536143
685,22.450048,18.65307624733681
686,22.446362,18.709738323504585
687,22.462841,18.5750465519393
688,22.4749,18.46849038193953
689,22.449003,18.612994986238327
690,22.456377,18.752014656647866
691,22.450203,18.870297074423142
692,22.470598,18.570289038488106
693,22.457605,18.659112061664644
694,22.467758,18.713946443941214
695,22.447573,18.54485115839881
696,22.47243,18.82697848003032
697,22.494907,18.719315731982825
698,22.47601,18.659019884697848
699,22.458672,18.824602992244333
700,22.4706,18.776162005763045
701,22.468428,18.645742729359714
702,22.47244,18.730358370403007
703,22.468096,18.730102987466374
704,22.47714,18.737601103227682
705,22.458597,18.653156846551628
706,22.468788,18.80255213846729
707,22.477022,18.735241098306
708,22.457962,18.753662271345025
709,22.468454,18.718376724160798
710,22.460318,18.718246992777974
711,22.442263,18.6545945286032
712,22.457104,18.678056068701423
713,22.440214,18.555035245762873
714,22.4388,18.786781822221656
715,22.464964,18.59999782092853
716,22.45855,18.710099936303745
717,22.464827,18.67117009639634
718,22.444468,18.714934987749302
719,22.451168,18.72336652388231
720,22.448957,18.720040377856456
721,22.45513,18.66672350056042
722,22.44652,18.72423770319388
723,22.455294,18.65422878442232
724,22.451029,18.743617996345364
725,22.46835,18.7462434890896
726,22.458841,18.701071202553045
727,22.449944,18.727915395268514
728,22.445473,18.688068991200428
729,22.468544,18.62730784418902
730,22.45484,18.56021447288081
731,22.450026,18.63478042530242
732,22.439596,18.738309056712577
733,22.451725,18.700932601219137
734,22.456923,18.714494793421437
735,22.459715,18.79070574465873
736,22.467037,18.705778031562254
737,22.447483,18.586805321929926
738,22.444166,18.77571690271257
739,22.452171,18.826190323688635
740,22.4352,18.71193234786636
741,22.462498,18.754304417206857
742,22.459955,18.947549818643427
743,22.473488,18.875967724290824
744,22.468296,18.738482641669112
745,22.463804,18.70024807552612
746,22.471607,18.724844503617238
747,22.448032,18.707353913056593
748,22.456198,18.68692366405651
749,22.468496,18.84900588121359
750,22.473358,18.59544143617604
751,22.461422,18.580596263383715
752,22.449392,18.691849916409588
753,22.475752,18.72520277609531
754,22.458935,18.652283080810985
755,22.422623,18.663356875737403
756,22.453375,18.749318562327026
757,22.463388,18.84244574177533
758,22.466125,18.774240228681364
759,22.48658,18.729978785314575
760,22.472408,18.69986678866588
761,22.485987,18.781290969938524
762,22.465769,18.732437699980917
763,22.465477,18.7987920252998
764,22.45328,18.71239924447449
765,22.464077,18.754329243181914
766,22.466913,18.621474643591824
767,22.452772,18.663079977668442
768,22.460402,18.58536176150715
769,22.466597,18.644665814428933
770,22.461842,18.680173220175522
771,22.47036,18.620117258758942
772,22.481419,18.75222105538811
773,22.456646,18.62744989205234
774,23.857777,18.6247329706786
775,22.481272,18.62201604930486
776,22.48035,18.659821580833135
777,22.457823,18.62870388892512
778,22.476122,18.61327691433017
779,22.462997,18.88890390358765
780,22.459377,18.75558333740486
781,22.41455,18.581106210129814
782,22.440746,18.469676701404985
783,22.451826,18.62717855652825
784,22.457195,18.70924605520421
785,22.417423,18.6237838887715
786,22.441875,18.723721247990323
787,22.461458,18.55223258377463
788,22.438107,18.776393956361336
789,22.42729,18.708169084629382
790,22.44224,18.765937705748236
791,22.453688,18.662029957321657
792,22.450699,18.745407211784375
793,22.440868,18.64843476377916
794,22.446884,18.6735215299264
795,22.449495,18.650996396101657
796,22.420605,18.7372090585781
797,22.442387,18.601689815314078
798,22.426756,18.595043509346628
799,22.444134,18.768402249911034
800,22.440485,18.768303320424693
801,22.42009,18.708226364246528
802,22.434652,18.653640036076062
803,22.41943,18.565093667517303
804,22.425867,18.770952066015752
805,22.427681,18.623792795366906
806,22.408165,18.677295621601374
807,22.413475,18.734436521458385
808,22.408947,18.75862139048252
809,22.398235,18.604250210816748
810,22.409447,18.601573755279702
811,22.382822,18.556977331694714
812,22.411522,18.695559363125206
813,22.412191,18.839850934322676
814,22.381496,18.764928730547577
815,22.37727,18.661725945169817
816,22.372252,18.81193277727156
817,22.393127,18.70846128424347
818,22.37806,18.689143840550972
819,22.37463,18.65076232561927
820,22.397934,18.636104107581804
821,22.418318,18.597129274992454
822,22.428165,18.82383721504279
823,22.420786,18.703962235733993
824,22.431608,18.788722314980447
825,22.415754,18.7153049384912
826,22.435875,18.74044343174257
827,22.428835,18.647090365999183
828,22.439941,18.604125313259985
829,22.422977,18.786710836090915
830,22.41998,18.7355245306889
831,22.419426,18.547418079683514
832,22.427647,18.588602037341822
833,22.425188,18.72065884201834
834,22.424978,18.627279022859067
835,22.40843,18.77483218220557
836,22.4214,18.55730082461741
837,22.413446,18.61702578833219
838,22.412064,18.585865876722462
839,22.414194,18.472280164793236
840,22.423277,18.773665756444313
841,22.411364,18.577595563038603
842,22.404089,18.588971663950495
843,22.443462,18.72872498608231
844,22.397703,18.698659619369792
845,22.398645,18.78558910404585
846,22.391102,18.646956770211773
847,22.388742,18.633564371127733
848,22.39824,18.687052249433055
849,22.41641,18.802026041934425
850,22.392544,18.53003545475932
851,22.375067,18.454652859420605
852,22.37787,18.748057987006096
853,22.371891,18.612570459558984
854,22.383554,18.701021939573963
855,21.584967,18.67671773859884
856,22.392948,18.652413537623712
857,22.385378,18.628494568709907
858,22.393383,18.597318194258378
859,22.396881,18.59095477559057
860,22.37906,18.635276394412035
861,22.41463,18.49701721529285
862,22.391216,18.721465040911966
863,22.388397,18.508316675969997
864,22.397572,18.569463842391876
865,22.393847,18.614144157045633
866,22.395897,18.495516236663196
867,22.395021,18.429779839732284
868,22.410099,18.63119730263109
869,22.391068,18.733441482571177
870,22.380974,18.714494696978846
871,22.394403,18.753814845176922
872,22.389725,18.76570713302342
873,22.391655,18.64898351562505
874,22.39208,18.704055290201325
875,22.400982,18.764407904565694
876,22.394524,18.65089285806744
877,22.383717,18.72366583052354
878,22.39137,18.609248019559356
879,22.39485,18.649383965675362
880,22.375208,18.635687125039645
881,22.37532,18.70253350487187
882,22.384613,18.765400117211144
883,22.38785,18.509593287086602
884,22.392044,18.589394864360038
885,22.390104,18.728167765442006
886,22.404428,18.68202529273109
887,22.405733,18.677580221567716
888,22.401394,18.690048064130277
889,22.38339,18.71520560094102
890,22.383923,18.809852030793444
891,22.3815,18.615832922866876
892,22.375402,18.719084541021303
893,22.36603,18.769354434779125
894,22.367424,18.674170802257684
895,22.363665,18.596782033078888
896,22.369762,18.519946676371834
897,22.365042,18.794565967590216
898,22.350227,18.593500604695198
899,22.367012,18.604420127292318
900,22.342663,18.63374257947727
901,22.335688,18.59961622455855
902,22.333437,18.667933567216643
903,22.308073,18.644755705871997
904,22.335123,18.597688071752398
905,22.334139,18.660596965489848
906,22.326532,18.511882414362375
907,22.333097,18.439935646802496
908,22.352833,18.566807725767596
909,22.32724,18.738275206681422
910,22.350962,18.719791842173816
911,22.338985,18.636276292049327
912,22.353241,18.800807635521796
913,22.36339,18.775409462705703
914,22.373974,18.617001897109915
915,22.364685,18.840805679302264
916,22.375029,18.736482641957622
917,22.3624,18.60483843879722
918,22.368807,18.551972582279227
919,22.384016,18.661547266563318
920,22.375378,18.466771789083534
921,22.36813,18.65757006121939
922,22.370163,18.689097477537143
923,22.356066,18.597510247748474
924,22.366188,18.616699601980372
925,22.381308,18.559171817303717
926,22.381413,18.647688861816825
927,22.36639,18.728808733876082
928,22.382994,18.629598028139654
929,22.36636,18.800998696269353
930,22.360727,18.58308534172572
931,22.379282,18.693031599151134
932,22.374279,18.53555985606166
933,22.37967,18.579927958703582
934,22.37956,18.73881871551939
935,22.375792,18.754019069377566
936,22.378521,18.602315811433197
937,22.378683,18.61801898969915
938,22.383795,18.68899170507486
939,22.39259,18.61346892701069
940,22.38121,18.711272893261558
941,22.390465,18.770087560268113
942,22.357325,18.75200117997748
943,22.391855,18.80146123517058
944,22.38858,18.63847903652023
945,22.385181,18.653719990142314
946,22.381569,18.661835548889105
947,22.407915,18.641139228495177
948,22.385118,18.62702904430909
949,22.411936,18.564582494537685
950,22.418358,18.637002742615618
951,23.70574,18.665002216169135
952,22.404816,18.69300168972265
953,22.371786,18.71079759126558
954,22.405813,18.766991152449076
955,22.400637,18.760438316874044
956,22.39411,18.71677572001588
957,22.390219,18.536508934964584
958,22.399395,18.56931848652981
959,22.379786,18.770523793685257
960,22.390688,18.61527660499027
961,22.371332,18.723195923577187
962,22.36292,18.65198832447827
963,22.369736,18.48493626254914
964,22.379818,18.66893364869584
965,22.39903,18.527168795538667
966,22.372223,18.642971410304025
967,22.4027,18.6295612699179
968,23.799616,18.60415329668487
969,22.394182,18.578745323451844
970,22.376453,18.696437614194103
971,22.394657,18.6175975086501
972,22.386032,18.651378795873335
973,22.400864,18.67926462815845
974,22.404716,18.533485049575503
975,22.403843,18.572560502928223
976,22.407724,18.845312939470368
977,22.428106,18.67958023987329
978,22.40384,18.82267512100166
979,22.399136,18.62857455774778
980,22.389246,18.709647498491627
981,22.38846,18.722770441619062
982,22.40117,18.75450562606867
983,22.384151,18.63497295148848
984,22.346573,18.541990542418006
985,22.378334,18.758045702556004
986,22.363836,18.653457362681166
987,22.373411,18.613096337243746
988,22.349817,18.59182917629151
989,22.345789,18.52339867062427
990,22.360744,18.707146289184063
991,22.3637,18.758800404856707
992,22.339056,18.813263005770168
993,22.376837,18.63389158286017
994,22.346188,18.556106987306492
995,22.33404,18.438274254142136
996,22.335262,18.41855439669115
997,22.34139,18.291259452009463
998,22.353487,18.616018618590665
999,22.357296,18.747730507885393
1000,22.355322,18.68046671322094
1001,22.357521,18.597405083658536
1002,22.378464,18.68506103959203
1003,22.390162,18.740706197597586
1004,22.38609,18.524308477462416
1005,22.392366,18.555636550697084
1006,22.40508,18.824315759564733
1007,22.404938,18.748951013140214
1008,22.408667,18.71674394769311
1009,22.415562,18.621203465570897
1010,22.39825,18.6552885596057
1011,22.381273,18.66663852657072
1012,22.398228,18.65559793071492
1013,22.407902,18.689091375860848
1014,22.384615,18.719173506352547
1015,22.395815,18.668467564783008
1016,22.393719,18.697987979462514
1017,22.400955,18.70784289601092
1018,22.406368,18.624337199094324
1019,22.39713,18.58067857454699
1020,22.37201,18.733341252273128
1021,22.418211,18.652180788820253
1022,22.390774,18.601257609530762
1023,22.385338,18.763786645282366
1024,22.380974,18.639538493303235
1025,22.376823,18.61288547252834
1026,22.371918,18.89271342113074
1027,22.371964,18.619575298382355
1028,22.385105,18.706262689505607
1029,22.37314,18.7030629696388
1030,22.369207,18.677398757368834
1031,22.371489,18.59415679147967
1032,22.39356,18.740149041112016
1033,22.398958,18.604749300718847
1034,22.391018,18.598168551586305
1035,22.415907,18.724934918419194
1036,22.407003,18.547564219207516
1037,22.415598,18.631892348624653
1038,22.411907,18.526723412044813
1039,22.41286,18.71760803506562
1040,22.404074,18.77344292295656
1041,22.401218,18.712309277350887
1042,22.391836,18.697057908221005
1043,22.386557,18.551950973420976
1044,22.371124,18.70306005288305
1045,22.407986,18.612497732468213
1046,22.39553,18.636966358820416
1047,22.395681,18.59029144577525
1048,22.384771,18.582245160083104
1049,22.401972,18.612107156903274
1050,22.396027,18.580405618443006
1051,22.39479,18.508587168660675
1052,22.426752,18.680564103975243
1053,22.422453,18.6561000798713
1054,22.41578,18.565086757545558
1055,22.414278,18.56284484384683
1056,22.41724,18.599447819447136
1057,22.44372,18.69093429228946
1058,22.421808,18.67318427665888
1059,22.443634,18.673804767315634
1060,22.42521,18.631445956741985
1061,22.444458,18.82120574043737
1062,22.439373,18.721016058534627
1063,22.460817,18.76234868549303
1064,22.436304,18.8756401562434
1065,22.421047,18.81056836172591
1066,22.41119,18.58746758536155
1067,22.422434,18.8173631120289
1068,22.42675,18.743747052088004
1069,22.433062,18.747014502337468
1070,22.42404,18.648510439304047
1071,22.414455,18.773215243147284
1072,22.417204,18.700944428354113
1073,22.422466,18.854784253812454
1074,22.40857,18.696493281074396
1075,22.414072,18.82506663242378
1076,22.395441,18.6598604249278
1077,22.374084,18.72509512290119
1078,22.39349,18.80869215763763
1079,22.378246,18.56468671739389
1080,22.374811,18.675798154357725
1081,24.037085,18.705027215428473
1082,22.395357,18.734256276499217
1083,22.395987,18.639746298396627
1084,22.398458,18.678636969448718
1085,22.424498,18.496930407025935
1086,22.41352,18.754602317600373
1087,22.425941,18.724477572778973
1088,22.444859,18.662391816302275
1089,22.45033,18.733434711884584
1090,22.447721,18.84190469702673
1091,22.45635,18.84229141894468
1092,22.258842,18.775339512325683
1093,22.4656,18.708387605706687
1094,22.446352,18.76289145787808
1095,22.473335,18.721668436687562
1096,22.46987,18.730999041607213
1097,22.460066,18.764583974700386
1098,22.492332,18.884147858754467
1099,22.485258,18.65622367042711
1100,22.473349,18.789880467612672
1101,22.472565,18.597435555327525
1102,22.487835,18.54619505131214
1103,22.480595,18.813269166938873
1104,22.492409,18.883536059971938
1105,22.492422,18.76227729098796
1106,22.47746,18.664015776626073
1107,22.477453,18.859481094284614
1108,22.499378,18.610910453590996
1109,22.480295,18.694631151210988
1110,22.483927,18.649836477311002
1111,22.478521,18.699079380184322
1112,22.51946,18.7635094105988
1113,22.489647,18.696059589907602
1114,22.500988,18.697057869356144
1115,22.485168,18.700290615779465
1116,22.49014,18.748547635610272
1117,22.482416,18.672020843303955
1118,22.478537,18.660540356295794
1119,22.495405,18.647200057517825
1120,22.486574,18.79900984621839
1121,22.50084,18.713600632613094
1122,22.502018,18.87650366794236
1123,22.503542,18.724612408748555
1124,22.483158,18.62338195999255
1125,22.499023,18.707585911622846
1126,22.47366,18.68408147825925
1127,22.478989,18.635281139600625
1128,22.502481,18.748666162721456
1129,22.470627,18.70100656570545
1130,22.457321,18.894899261780314
1131,22.482845,18.685839342427844
1132,22.470406,18.79164801144772
1133,22.466885,18.654630129623932
1134,22.489908,18.828571506107988
1135,22.467028,18.64196843671102
1136,22.461287,18.587766874139522
1137,22.46682,18.652258311629872
1138,22.464626,18.740826512633472
1139,22.450884,18.757154071027497
1140,22.46927,18.784791321126427
1141,22.45037,18.59585418939478
1142,22.439093,18.763269296132506
1143,22.408585,18.70944299241164
1144,22.421705,18.734026176818894
1145,22.422297,18.68986109848612
1146,22.435572,18.546987645925185
1147,22.446625,18.587198370168
1148,22.464903,18.62489695011618
1149,22.467194,18.64192968735169
1150,22.470661,18.82227535138851
1151,22.452877,18.502579699503315
1152,22.44348,18.74630945619817
1153,22.438465,18.77825199814671
1154,22.438984,18.686184459459533
1155,22.424461,18.7270347178784
1156,22.416672,18.750915854717338
1157,22.418737,18.796924668090554
1158,22.40864,18.749131177028712
1159,22.394888,18.581554015808344
1160,22.406076,18.693683696803333
1161,22.4145,18.801119709316392
1162,22.404346,18.782239863046822
1163,22.397226,18.692509449841793
1164,22.404177,18.736925244477707
1165,24.03234,18.733331587438148
1166,22.408932,18.72973793039859
1167,22.383484,18.729461413548915
1168,22.393616,18.71994033512087
1169,22.37336,18.790040057400127
1170,22.370167,18.52105041308958
1171,22.364307,18.571648255489926
1172,22.388155,18.788385616688636
1173,22.379826,18.596543336824233
1174,22.392433,18.5276474838031
1175,22.391775,18.69257383552154
1176,22.427835,18.789127508665185
1177,22.442541,18.758606842015737
1178,22.421114,18.81455033892191
1179,22.437849,18.713298459116814
1180,22.430054,18.760577840555328
1181,22.450502,18.661939217835364
1182,22.443863,18.715461924175898
1183,22.44645,18.769358464648786
1184,22.450079,18.67199361250014
1185,22.45683,18.667266279791235
1186,22.461489,18.72023875125651
1187,22.46074,18.57300818708134
1188,22.471191,18.539512870965858
1189,22.455647,18.607641265564734
1190,22.453613,18.673840055453407
1191,22.454645,18.624211728291442
1192,22.474913,18.731544960444683
1193,22.46078,18.651250408088707
1194,22.440613,18.649234841202194
1195,22.447071,18.749910066894326
1196,22.436853,18.760428573607292
1197,22.42691,18.66654172983641
1198,22.433725,18.677604709999724
1199,22.419075,18.584006024181836
1200,22.42027,18.675191171293974
1201,22.436562,18.777889667397474
1202,22.431942,18.917166035865097
1203,22.44574,18.699496003797197
1204,22.436512,18.794603637457644
1205,22.432339,18.79292838469288
1206,22.435898,18.840913522801795
1207,22.439047,18.745118405084586
1208,22.446869,18.714257665243217
1209,22.442873,18.71847413378093
1210,22.43151,18.908539918758326
1211,22.439863,18.68015878368939
1212,22.414024,18.612092345082306
1213,22.41508,18.628205594255242
1214,22.426147,18.669422555947328
1215,22.426361,18.812732046436075
1216,22.423534,18.823578480131122
1217,22.417116,18.551382750558442
1218,22.41001,18.70695565604501
1219,22.415052,18.736852703749175
1220,22.441721,18.761855768116675
1221,22.44046,18.688567993184822
1222,22.435698,18.68862392427294
1223,22.438406,18.614034956760143
1224,22.43226,18.706996211296055
1225,22.428549,18.73458598839002
1226,22.433222,18.717667638487175
1227,22.432758,18.754970808919452
1228,22.4254,18.61557233696347
1229,22.43254,18.784746928691074
1230,22.441183,18.747738565826534
1231,22.451632,18.682170040217837
1232,22.450268,18.608005283577615
1233,22.442434,18.755123129575097
1234,22.446203,18.7304445289707
1235,22.441738,18.72857685044003
1236,22.436157,18.69976999628924
1237,22.436857,18.61223991026414
1238,22.433592,18.654702349916995
1239,22.426239,18.58841873651725
1240,22.440748,18.51185392622385
1241,22.442142,18.528830921102717
1242,22.428144,18.723134845749453
1243,22.440407,18.763149498178223
1244,22.450817,18.749583490867153
1245,22.470774,18.59643360945498
1246,22.458765,18.65446371590786
1247,22.447327,18.705015936696707
1248,22.454744,18.76706466334054
1249,22.433617,18.763631713712698
1250,22.445171,18.862601086339865
1251,22.462755,18.879962311277648
1252,22.4505,18.70951987544068
1253,22.451279,18.803740461437805
1254,22.45794,18.73623732666923
1255,22.450254,18.82327330584957
1256,22.453081,18.72646548833095
1257,22.454788,18.763195362004335
1258,22.444277,18.574653294947
1259,22.450144,18.766376440992055
1260,22.457855,18.65660926140178
1261,22.450033,18.646102462539464
1262,22.433372,18.757004245996583
1263,22.435865,18.73579620996195
1264,22.422676,18.74532256528008
1265,22.41821,18.665071956846045
1266,22.424177,18.60063762881029
1267,22.430685,18.74899274586748
1268,22.438152,18.620834998939362
1269,22.421665,18.68922643925665
1270,22.420237,18.699928071104264
1271,22.413181,18.734362105429277
1272,22.43327,18.799077879731552
1273,22.429445,18.748039540144358
1274,22.430202,18.60752133217458
1275,22.42353,18.797113762267973
1276,22.430243,18.634630426229045
1277,22.424875,18.846079238112125
1278,22.410494,18.743121001382967
1279,22.439413,18.622935286491273
1280,22.435715,18.703003849092333
1281,22.419184,18.746825257416535
1282,22.43363,18.612570771627524
1283,22.415688,18.573128347910696
1284,22.421455,18.621851661875247
1285,22.426714,18.652280273775872
1286,22.405596,18.668393220792332
1287,22.412315,18.858749369798186
1288,22.42556,18.56120344224024
1289,22.420137,18.66432303912289
1290,22.4092,18.69214464058433
1291,22.439606,18.74070787254666
1292,22.414494,18.679173245112324
1293,22.41433,18.626699265345994
1294,22.45396,18.740162798829566
1295,22.44082,18.78678811592938
1296,22.438332,18.50924700658192
1297,22.443129,18.742430694437775
1298,22.419771,18.77363720916494
1299,22.43723,18.782060674523372
1300,22.440077,18.458301587065783
1301,22.442394,18.68134084768974
1302,22.434198,18.687052984092517
1303,22.441114,18.717287073896653
1304,22.431322,18.77917692570865
1305,22.421513,18.649881892868535
1306,22.413261,18.643546270348867
1307,22.391214,18.49391344655223
1308,22.39815,18.806089644952777
1309,22.429272,18.58048464275453
1310,22.42191,18.700856337598083
1311,22.401608,18.667621925400997
1312,22.408941,18.675732083531923
1313,22.410856,18.496697389727643
1314,22.397839,18.762823907495264
1315,22.409939,18.6658782964811
1316,22.40869,18.71372361559297
1317,22.422827,18.611236683671915
1318,22.400328,18.69510855599579
1319,22.400036,18.74560101040945
1320,22.417742,18.749816616264265
1321,22.419931,18.657753982994237
1322,22.408272,18.76272538922661
1323,22.426914,18.518175739194774
1324,22.410067,18.668137289932616
1325,22.414717,18.710386919165536
1326,22.407461,18.564106341067244
1327,22.409252,18.816636806541137
1328,22.42177,18.799474508736424
1329,22.437387,18.752935650327576
1330,22.42876,18.694497041758922
1331,22.415367,18.68905764865809
1332,22.418037,18.633944495914555
1333,22.411415,18.83240281932995
1334,22.42692,18.622850461284806
1335,22.436298,18.79693893030188
1336,22.414316,18.8123117248799
1337,22.420757,18.751377979998292
1338,22.412235,18.673791083047657
1339,22.411947,18.73430101925781
1340,22.414509,18.6557455544255
1341,22.419945,18.732258569434542
1342,22.424042,18.68719296834764
1343,22.436909,18.75965517444141
1344,22.4318,18.58984209358091
1345,22.419228,18.623276127338055
1346,22.409853,18.835338498955327
1347,22.413874,18.597851145101586
1348,22.43194,18.702845264655327
1349,22.432499,18.658735040549026
1350,22.414553,18.799258026060244
1351,22.416578,18.725799618988688
1352,22.434374,18.70860982843437
1353,22.429165,18.571841910839368
1354,22.439064,18.65646797648086
1355,22.444035,18.744688337516532
1356,22.44073,18.718214448228082
1357,22.416325,18.603516749092208
1358,22.415285,18.6625339608568
1359,22.435543,18.551520807299568
1360,22.41825,18.765981780581214
1361,22.4202,18.700863881159787
1362,22.438862,18.64081078188643
1363,22.426191,18.8202067811315
1364,22.42662,18.728653970795936
1365,22.428125,18.782469306252736
1366,22.4228,18.62410334243702
1367,22.425425,18.783405203712313
1368,22.415592,18.630130336307133
1369,22.434856,18.67342991132571
1370,22.435823,18.658655938274983
1371,22.427422,18.668578387140485
1372,22.428782,18.7850911149286
1373,22.43878,18.72792996212637
1374,22.441526,18.747807875082867
1375,22.417738,18.764139940915598
1376,22.41947,18.8051596554943
1377,22.416035,18.6701127151478
1378,22.435734,18.66805919398563
1379,22.4291,18.759085616118465
1380,22.431574,18.704041591797736
1381,22.425777,18.79632711052007
1382,22.427502,18.712464881325705
1383,22.441713,18.719415207851995
1384,22.433882,18.63332875999418
1385,22.413887,18.71709903047966
1386,22.415947,18.653715381453917
1387,22.421555,18.614326420925163
1388,22.418255,18.604977148424915
1389,22.44143,18.837889665698146
1390,22.410006,18.676011328655086
1391,22.434118,18.805808995553136
1392,22.41065,18.701112818418927
1393,22.41283,18.594662362542195
1394,22.403746,18.501187710143686
1395,22.400883,18.717631318648063
1396,22.430069,18.817626527841274
1397,22.425598,18.501281629881195
1398,22.39904,18.724879858954083
1399,22.399925,18.714477081545468
1400,22.3984,18.692419901084158
1401,22.41633,18.78436297890016
1402,22.389341,18.73689762649855
1403,22.39497,18.680438272309317
1404,22.405092,18.690089923188726
1405,22.414307,18.673645983434497
1406,22.39954,18.74480257999772
1407,22.40139,18.603517475673176
1408,22.398214,18.645870545814944
1409,22.397352,18.615549063424425
1410,22.382778,18.541341786104166
1411,22.399874,18.662153140422554
1412,22.398872,18.821710548185777
1413,22.394669,18.663094518685817
1414,22.408789,18.579564013367598
1415,22.416492,18.809691114316067
1416,22.413614,18.64476855629113
1417,22.390722,18.610566821652277
1418,22.409548,18.856953456693944
1419,22.415987,18.700412174198735
1420,22.420341,18.76157970639744
1421,22.425756,18.682414533075992
1422,22.425276,18.667975940097957
1423,22.414759,18.63382779252038
1424,22.411104,18.714596632604213
1425,22.424202,18.808868295810807
1426,22.425915,18.824968392316464
1427,22.43252,18.67202541958921
1428,22.441813,18.639456923340596
1429,22.43277,18.78885170929994
1430,22.408833,18.608061341242465
1431,22.41302,18.717497211562268
1432,22.422806,18.794080435927047
1433,38.96981,18.77438902654525
1434,22.45613,18.754697617163455
1435,22.426264,18.575728463805017
1436,22.427483,18.823200187527178
1437,22.440182,18.715851772229584
1438,22.419199,18.81870881602437
1439,22.42429,18.681336348315007
1440,22.433962,18.800866506869916
1441,22.420424,18.799206375754302
1442,22.41081,18.80295491490802
1443,22.439865,18.78729437706825
1444,22.426098,18.68333927006819
1445,22.397202,18.440686946858687
1446,22.408422,18.62306265573675
1447,22.389074,18.68225426197822
1448,22.403349,18.597727410169597
1449,22.386726,18.656953815435234
1450,22.398653,18.663556887032797
1451,22.414753,18.729775077006092
1452,22.416792,18.73733793368856
1453,22.396013,18.775640972276797
1454,22.39107,18.815176676224006
1455,22.413263,18.613262015876177
1456,22.408686,18.61420636072696
1457,22.384344,18.66416695793506
1458,22.400942,18.599543479677813
1459,22.393265,18.727475871233544
1460,22.401789,18.80985598987683
1461,22.425123,18.637934453676177
1462,22.385763,18.695437168253356
1463,22.388348,18.655358435494527
1464,22.405268,18.695369024591777
1465,22.377855,18.514031661233574
1466,22.383978,18.683130437614544
1467,22.384262,18.64011023443073
1468,22.402979,18.658732324532707
1469,22.406796,18.65974808000238
1470,22.40835,18.68590434455386
1471,22.405226,18.640606851696564
1472,22.412283,18.67666124500043
1473,22.403429,18.74161883318652
1474,22.41242,18.70185281083693
1475,22.402317,18.671289910528166
1476,22.405052,18.646401463277293
1477,22.400877,18.788089786248353
1478,22.393942,18.488804033083866
1479,22.39472,18.681819470696695
1480,22.395998,18.699298382714097
1481,22.406822,18.6554897424956
1482,22.395267,18.699967861229098
1483,22.386633,18.792763755130494
1484,22.384161,18.65921378776283
1485,22.36926,18.69418746169294
1486,22.389883,18.74031778570186
1487,22.389732,18.69246278555274
1488,22.371538,18.66596341044933
1489,22.385086,18.779763163510403
1490,22.387096,18.63002962850411
1491,22.389326,18.70371191568401
1492,22.365135,18.58528783684852
1493,22.38633,18.745832252397385
1494,22.40689,18.72691355927242
1495,22.392683,18.791615984083407
1496,22.402788,18.64725751625689
1497,22.390755,18.748787727800977
1498,22.404772,18.71285169414725
1499,22.388584,18.68906014505966
1500,22.39792,18.65369878064366
1501,22.421818,18.68596750706799
1502,22.39539,18.641452333744073
1503,22.375349,18.749940688491865
1504,22.393831,18.724454074874334
1505,22.39571,18.729399169800473
1506,22.39733,18.804583790112872
1507,22.381927,18.89189292686254
1508,22.385061,18.822476329697487
1509,22.374977,18.70616701740875
1510,22.382008,18.92718593490867
1511,22.372305,18.806472618728883
1512,22.35503,18.622677799636875
1513,22.351728,18.675985522064813
1514,22.328423,18.56858001435534
1515,22.338446,18.566350463754656
1516,22.328358,18.71902468834716
1517,22.318178,18.75649152662653
1518,22.329967,18.790893673251915
1519,22.323122,18.73801861216534
1520,22.328226,18.714305549246664
1521,22.37125,18.79557978189344
1522,22.319681,18.79616184559887
1523,22.326294,18.70796828040721
1524,22.323624,18.442219782955185
1525,22.318003,18.470987650398158
1526,22.351538,18.623734890441266
1527,22.345114,18.756294297581963
1528,22.359844,18.74678828563619
1529,22.35164,18.531055099385004
1530,22.36395,18.736415825427457
1531,22.381662,18.573183980306414
1532,22.36958,18.795678544086837
1533,22.39573,18.7065888480684
1534,22.395987,18.773769644648535
1535,22.397554,18.663973537086058
1536,22.385782,18.792259996979574
1537,22.4147,18.81260600822401
1538,22.395676,18.679568330738032
1539,22.413088,18.753507053798216
1540,22.41561,18.718199488007116
1541,22.425547,18.780613398513434
1542,22.398312,18.7688265372817
1543,22.39878,18.69127375487503
1544,22.384468,18.765169480470853
1545,22.410006,18.737631058734518
1546,22.404728,18.676236385797665
1547,31.641235,18.706194251963232
1548,22.43375,18.7361521181288
1549,22.408304,18.449005221217813
1550,22.411991,18.649721058560374
1551,22.408957,18.84527900791392
1552,22.39998,18.53199809662077
1553,22.409603,18.531824985111548
1554,22.428827,18.730273884222598
1555,22.42007,18.690712730746007
1556,22.407959,18.79448645482226
1557,22.404657,18.52733346206399
1558,22.4033,18.524410260711367
1559,22.395313,18.750696692576646
1560,22.412388,18.66226079224256
1561,22.40621,18.783525691820586
1562,22.432358,18.648849579018457
1563,22.393131,18.68564462481176
1564,22.410545,18.735678062801227
1565,22.414793,18.665597694201942
1566,22.388048,18.792433153668075
1567,22.392239,18.60634479167799
1568,22.37619,18.748705004844474
1569,22.363598,18.757472482547914
1570,22.376892,18.568693266039368
1571,22.374191,18.682242116138056
1572,22.36606,18.72147797133212
1573,22.353226,18.627849628133845
1574,22.35182,18.57048119826422
1575,22.37244,18.665299365489357
1576,22.35656,18.661868301298814
1577,22.391804,18.721439571342707
1578,22.363325,18.686190805965044
1579,22.369637,18.642907895575288
1580,22.358612,18.72971006945785
1581,22.354105,18.63980989950468
1582,22.377544,18.595326690533636
1583,22.375757,18.696928371140498
1584,22.372545,18.59392186107445
1585,22.3726,18.73170223671387
1586,22.385195,18.826436565255957
1587,22.367926,18.64282884256577
1588,22.372776,18.682588780546325
1589,22.388903,18.700041500464128
1590,22.377708,18.485365494392592
1591,22.373247,18.64556193941378
1592,22.374624,18.709179727877146
1593,22.382427,18.71770744891125
1594,22.373465,18.78702756484024
1595,22.387377,18.777687653210563
1596,22.358152,18.62122588647371
1597,22.343052,18.711554879707066
1598,22.354164,18.71107674716322
1599,22.357197,18.885882473685523
1600,22.332619,18.60820485320734
1601,22.340513,18.642784273705757
1602,22.318712,18.49850387987135
1603,22.322407,18.663557651022117
1604,22.28879,18.67983009132663
1605,22.303535,18.701923970776008
1606,22.300236,18.660333834133056
1607,22.292479,18.820053634596942
1608,22.308407,18.768963308017447
1609,22.320124,18.70701898359631
1610,22.30158,18.541832184052225
1611,22.300362,18.80667777789096
1612,22.331753,18.725887983770125
1613,22.275858,18.638047007704895
1614,22.286972,18.723420840799257
1615,22.280346,18.541529044093938
1616,22.298145,18.493555944692112
1617,22.297096,18.603276672384723
1618,22.301443,18.51683746554532
1619,22.308144,18.72803022320808
1620,22.320282,18.60754568483518
1621,22.335499,18.7990473176812
1622,22.324617,18.763164263890936
1623,22.320114,18.650698497632607
1624,22.343527,18.56087286508328
1625,22.328545,18.610126490499802
1626,22.33559,18.641276949273795
1627,22.348934,18.602048005957357
1628,22.347618,18.623317109128013
1629,22.362282,18.682472078306137
1630,22.34563,18.687502845619083
1631,22.351736,18.640071023604992
1632,22.366787,18.616400425469315
1633,22.365252,18.552710917802578
1634,22.35092,18.689973783064165
1635,22.367607,18.752730465297393
1636,22.353144,18.696568651887073
1637,22.348928,18.764680283538222
1638,22.327648,18.666928468007516
1639,23.65721,18.6822349730229
1640,22.370699,18.69754147803829
1641,22.345734,18.48116024217908
1642,22.345417,18.648590659186144
1643,22.357292,18.729770014450917
1644,22.337404,18.54171679224813
1645,22.34413,18.757466626596834
1646,22.342632,18.624607894277723
1647,22.331516,18.74347323651695
1648,22.343924,18.74124074113451
1649,22.347553,18.623000581449084
1650,22.36459,18.63628128548423
1651,22.369183,18.642120372866742
1652,22.353357,18.66355995360669
1653,22.3433,18.58148175195685
1654,22.358187,18.563759930205684
1655,22.363203,18.730017690341796
1656,22.360876,18.688836098345302
1657,22.348537,18.573376353623065
1658,22.370975,18.570417441554028
1659,22.35194,18.591345863631787
1660,22.347675,18.5693526715482
1661,22.325356,18.68208950652302
1662,22.32966,18.466178847560883
1663,22.355719,18.802787101746652
1664,22.346832,18.678441498574692
1665,22.360455,18.664027342934713
1666,22.361097,18.566323276902423
1667,22.365095,18.618287068280274
1668,22.357403,18.643950711023336
1669,22.357225,18.629548349236885
1670,22.36507,18.687023872407377
1671,22.333103,18.5119137331533
1672,22.354794,18.628259834160716
1673,22.353085,18.487800935351974
1674,22.352491,18.726538169724787
1675,22.35223,18.659661082655493
1676,22.358793,18.514391031655553
1677,22.356392,18.561203582825566
1678,22.353111,18.78192340358916
1679,22.34531,18.58488568830002
1680,22.357784,18.71353415366983
1681,22.350521,18.703784442971095
1682,22.345228,18.630631437399185
1683,22.359524,18.75715787679123
1684,22.354559,18.63222183394939
1685,22.343082,18.764073235637515
1686,22.336386,18.692353194257336
1687,22.335993,18.72659203303333
1688,22.32565,18.702377435680912
1689,22.308107,18.588693695709562
1690,22.311031,18.548154013220866
1691,22.315844,18.772712180266435
1692,22.28083,18.53644775319755
1693,22.28961,18.710564900555305
1694,22.298794,18.64757422103787
1695,22.286997,18.75274460579217
1696,22.269682,18.5883256380523
1697,22.277084,18.83206144323933
1698,22.266195,18.734956260707836
1699,22.278952,18.51976233008193
1700,22.276619,18.643393557709295
1701,22.301928,18.60396023905151
1702,22.309935,18.576075966912157
1703,22.287102,18.520339498692852
1704,22.299803,18.483819777135217
1705,22.33045,18.707963717071646
1706,22.325249,18.652057652938137
1707,22.327694,18.62173648019286
1708,22.353048,18.767537818199404
1709,22.36908,18.865972107263794
1710,22.386448,18.847259742291087
1711,22.398623,18.866554120893294
1712,22.385176,18.79881068465445
1713,22.379917,18.874024303541802
1714,22.381256,18.698576552677327
1715,22.36905,18.754849779869257
1716,22.392115,18.784623823925607
1717,22.381907,18.831794484147757
1718,22.388365,18.68219309525633
1719,22.37106,18.748305894175754
1720,22.388517,18.77863029455804
1721,22.363796,18.706801495671616
1722,22.369385,18.81167304332464
1723,22.34892,18.65845795787304
1724,22.357096,18.650618290263246
1725,22.358925,18.652900666843887
1726,22.377296,18.750428615880843
1727,22.36927,18.61761593869866
1728,22.35118,18.70532030826949
1729,22.355286,18.7804348635642
1730,22.36622,18.61600667952326
1731,22.381237,18.721947703427084
1732,22.366941,18.580409449868622
1733,22.379742,18.70070711499933
1734,22.3731,18.66006454263156
1735,22.347328,18.637544558278847
1736,22.370577,18.741126681278033
1737,22.328033,18.577896565707498
1738,22.348024,18.743414527836826
1739,22.362469,18.730672536657238
1740,22.347448,18.670311836680376
1741,22.33113,18.54637156674629
1742,22.346592,18.674630324673366
1743,22.340128,18.648223343515276
1744,28.28297,18.715756429357643
1745,22.381586,18.78328951520001
1746,22.381868,18.682635259415218
1747,22.388777,18.708897777023957
1748,22.371817,18.69073540027769
1749,22.355957,18.626868156118107
1750,22.365046,18.668154168654876
1751,22.353418,18.669185848713827
1752,22.32136,18.67924642376809
1753,22.625147,18.60656048821852
1754,22.366505,18.533874552668944
1755,22.352852,18.606837983178146
1756,22.352606,18.650992155779342
1757,22.351837,18.595647414838805
1758,22.335495,18.65145153209144
1759,22.346506,18.698071146075954
1760,22.350563,18.706665257123202
1761,22.332779,18.72065342292694
1762,22.340221,18.62253155265386
1763,37.094074,18.551306421174424
1764,22.957645,18.480081289694986
1765,22.31806,18.40885615821555
1766,22.340275,18.794831917110642
1767,22.342712,18.569019808563706
1768,22.345285,18.534208782693934
1769,22.345097,18.687875271204348
1770,22.339571,18.536138887711388
1771,22.362411,18.71881258545228
1772,22.343176,18.6781724985803
1773,21.116554,17.516925348390643
1774,21.50539,17.864533119140113
1775,22.807753,19.270963786563374
1776,22.802753,19.25029474208166
1777,21.567009,18.09310587250738
1778,21.540482,17.910714547348388
1779,21.57403,17.861379867554184
1780,21.449694,17.79646414578533
1781,21.375645,17.918716955565998
1782,21.43975,17.688182212452194
1783,21.596811,18.102885699812774
1784,21.607174,17.989543491158056
1785,21.47213,17.819039599859014
1786,21.390156,17.848981004442532
1787,21.528395,17.82619083812547
1788,21.377075,17.96380113700798
1789,21.423815,17.82416663420897
1790,21.514364,17.783388336234687
1791,21.418201,17.76729587426028
1792,21.626713,17.809988310700817
1793,21.546143,17.812657900848688
1794,21.399618,17.850289984294495
1795,21.38311,17.85605588644327
1796,22.85361,19.285493728855236
1797,21.4953,17.782306527841396
1798,21.290075,17.63805648950409
1799,21.43164,17.85907020907525
1800,21.397375,17.717017132947156
1801,21.56365,17.933675850594252
1802,21.472664,17.820322670819767
1803,21.566734,17.866841226762038
1804,21.576004,17.92479019535662
1805,21.582436,17.925462982383007
1806,21.556456,17.88302687488924
1807,22.94021,19.26000594113961
1808,21.411486,17.670847098357275
1809,21.555868,17.986500749132897
1810,21.535326,17.733119743015127
1811,21.486698,17.663461346773314
1812,21.205084,17.451905322948353
1813,21.425146,17.71412122999144
1814,21.529097,17.854015922244436
1815,21.245567,17.49628888179768
1816,21.442368,17.894568962931785
1817,21.277529,17.63395712650221
1818,21.399939,17.76961656279471
1819,21.455254,17.73527350454227
1820,21.45055,17.769929782553234
1821,21.531279,17.76265686238446
1822,21.603918,17.882307723615856
1823,21.583937,17.926518032184088
1824,21.755722,17.969864228849442
1825,21.747465,18.058408980544062
1826,21.736202,17.931465628050777
1827,21.765486,18.016918830743688
1828,21.76255,18.034066803747276
1829,21.373434,17.66132123422448
1830,21.524094,17.691071469638775
1831,21.567825,17.874693823627567
1832,21.360079,17.6387514853227
1833,22.8333,19.26686842998676
1834,22.842384,19.17993982126722
1835,21.456408,17.760459837734885
1836,22.786207,19.09351481273308
1837,21.385662,17.756294638267622
1838,21.660963,17.759208807000242
1839,21.620922,17.945947281358762
1840,21.507969,17.855692312391408
1841,21.524889,17.779914205662045
1842,21.40768,17.83144552582138
1843,21.490393,17.785116377934546
1844,21.549906,17.933675455412722
1845,21.407606,17.781912764433585
1846,21.398752,17.644582294612462
1847,21.385271,17.731944510635408
1848,22.946505,19.244695190013474
1849,22.913725,19.171152669342806
1850,21.568972,18.01096800020214
1851,21.572317,17.885357895261286
1852,21.54567,17.80657085828624
1853,21.519823,17.881513167513333
1854,21.526926,17.936662583222468
1855,21.480053,17.738712016769693
1856,22.770573,19.02234446165655
1857,21.408186,17.69516545440361
1858,21.523436,17.80910686617932
1859,21.25457,17.43442171140596
1860,21.401773,17.77435466683618
1861,21.351131,17.76326372490162
1862,21.426792,17.791590018339967
1863,21.44526,17.92377842284031
1864,21.343584,17.896817617503743
1865,22.758503,19.235995449020344
1866,21.315443,17.7762029156515
1867,21.510948,17.819259386194272
1868,21.521513,17.865930286345552
1869,21.355034,17.715028923090514
1870,21.46121,17.867629354222565
1871,22.730251,18.995852411351986
1872,21.427187,17.879005308609354
1873,21.282825,17.64689990408347
1874,22.732351,19.24456668457682
1875,21.328865,17.783002278552466
1876,21.330263,17.835298863794623
1877,21.644342,17.9664847653249
1878,21.648863,18.072190213182733
1879,21.650639,17.881222042036526
1880,21.64973,17.88130860016718
1881,21.675774,18.04065193992424
1882,21.680576,17.97134193444038
1883,21.683756,18.052567172180225
1884,21.694067,18.033123518679652
1885,21.693518,18.04526877299919
1886,21.595901,18.0543086930636
1887,21.51921,17.82245978661314
1888,21.499392,17.82696333201236
1889,21.495516,17.927078839031466
1890,21.375002,17.65609294755133
1891,21.589846,18.011147936261857
1892,21.631058,17.968783590932638
1893,21.583595,17.93339935251969
1894,21.3984,17.607986983909164
1895,21.518198,17.761130884351118
1896,21.64547,17.95264871633337
1897,21.631042,18.035513607512385
1898,21.417685,17.74897356284524
1899,21.408,17.65804214759138
1900,21.51729,17.890330108720846
1901,21.52785,17.706745554623858
1902,21.598495,17.905968676515137
1903,21.634043,17.92729268169584
1904,21.630495,17.92355611874092
1905,21.57442,17.892022348333317
1906,21.560907,17.945172077268047
1907,21.353937,17.636741642626774
1908,21.497534,17.878628911649916
1909,21.419138,17.699597606277973
1910,21.601595,18.04304792716656
1911,21.58876,17.99834613582278
1912,21.585129,18.050553191156684
1913,21.578344,17.934230328699677
1914,21.509035,17.835928303451322
1915,21.47346,17.685368470633975
1916,21.425135,17.71182185079082
1917,21.217209,17.629049714087525
1918,21.224195,17.532782547603016
1919,21.28456,17.425248317621122
1920,21.440622,17.694169810163498
1921,21.512203,17.824627286946953
1922,21.50705,17.5968571416263
1923,21.541088,17.868772677541237
1924,21.46654,17.806789187836316
1925,21.865063,18.12973287268649
1926,21.815315,18.10096247837197
1927,21.846582,18.26200113346974
1928,21.833027,18.23270371865675
1929,21.822445,18.156038257168234
1930,21.808626,18.150273722867457
1931,21.826557,18.059936355553077
1932,21.835634,18.15216270385479
1933,21.806974,18.124653924879237
1934,21.821062,18.090270375186147
1935,21.822165,18.185190062967173
1936,21.82861,18.117719833396357
1937,21.849813,18.226833213361935
1938,21.84443,18.231944960649912
1939,21.808659,18.23312648314337
1940,21.811693,18.177433062517103
1941,21.813955,18.116826467110986
1942,21.81578,18.125092587096194
1943,21.825336,18.03708999257333
1944,21.818584,18.234840799796764
1945,21.830458,18.214935662187784
1946,21.828365,18.22243536252486
1947,21.834257,18.23702195583843
1948,21.840528,18.141799526203148
1949,21.823105,18.28568917347929
1950,21.793198,18.142149394504774
1951,21.802692,18.2596424868144
