channel_2_image_0_a_timepoint_00000.png,09-Apr-2026 14:08:23,0
channel_2_image_0_a_timepoint_00001.png,09-Apr-2026 14:08:44,0.35
channel_2_image_0_a_timepoint_00002.png,09-Apr-2026 14:09:27,1.06666666666667
channel_2_image_0_a_timepoint_00003.png,09-Apr-2026 14:10:09,1.76666666666667
channel_2_image_0_a_timepoint_00004.png,09-Apr-2026 14:10:31,2.13333333333333
channel_2_image_0_a_timepoint_00005.png,09-Apr-2026 14:11:12,2.81666666666667
channel_2_image_0_a_timepoint_00006.png,09-Apr-2026 14:11:33,3.16666666666667
channel_2_image_0_a_timepoint_00007.png,09-Apr-2026 14:12:15,3.86666666666667
channel_2_image_0_a_timepoint_00008.png,09-Apr-2026 14:12:57,4.56666666666667
channel_2_image_0_a_timepoint_00009.png,09-Apr-2026 14:13:18,4.91666666666667
channel_2_image_0_a_timepoint_00010.png,09-Apr-2026 14:13:59,5.6
channel_2_image_0_a_timepoint_00011.png,09-Apr-2026 14:14:20,5.95
channel_2_image_0_a_timepoint_00012.png,09-Apr-2026 14:15:02,6.65
channel_2_image_0_a_timepoint_00013.png,09-Apr-2026 14:15:44,7.35
channel_2_image_0_a_timepoint_00014.png,09-Apr-2026 14:16:05,7.7
channel_2_image_0_a_timepoint_00015.png,09-Apr-2026 14:16:46,8.38333333333333
channel_2_image_0_a_timepoint_00016.png,09-Apr-2026 14:17:08,8.75
channel_2_image_0_a_timepoint_00017.png,09-Apr-2026 14:17:49,9.43333333333333
channel_2_image_0_a_timepoint_00018.png,09-Apr-2026 14:18:31,10.1333333333333
channel_2_image_0_a_timepoint_00019.png,09-Apr-2026 14:18:53,10.5
channel_2_image_0_a_timepoint_00020.png,09-Apr-2026 14:19:34,11.1833333333333
channel_2_image_0_a_timepoint_00021.png,09-Apr-2026 14:19:55,11.5333333333333
channel_2_image_0_a_timepoint_00022.png,09-Apr-2026 14:20:37,12.2333333333333
channel_2_image_0_a_timepoint_00023.png,09-Apr-2026 14:21:19,12.9333333333333
channel_2_image_0_a_timepoint_00024.png,09-Apr-2026 14:21:40,13.2833333333333
channel_2_image_0_a_timepoint_00025.png,09-Apr-2026 14:22:21,13.9666666666667
channel_2_image_0_a_timepoint_00026.png,09-Apr-2026 14:22:42,14.3166666666667
channel_2_image_0_a_timepoint_00027.png,09-Apr-2026 14:23:24,15.0166666666667
channel_2_image_0_a_timepoint_00028.png,09-Apr-2026 14:24:06,15.7166666666667
channel_2_image_0_a_timepoint_00029.png,09-Apr-2026 14:24:27,16.0666666666667
channel_2_image_0_a_timepoint_00030.png,09-Apr-2026 14:25:08,16.75
channel_2_image_0_a_timepoint_00031.png,09-Apr-2026 14:25:30,17.1166666666667
channel_2_image_0_a_timepoint_00032.png,09-Apr-2026 14:26:12,17.8166666666667
channel_2_image_0_a_timepoint_00033.png,09-Apr-2026 14:26:54,18.5166666666667
channel_2_image_0_a_timepoint_00034.png,09-Apr-2026 14:27:15,18.8666666666667
channel_2_image_0_a_timepoint_00035.png,09-Apr-2026 14:27:56,19.55
channel_2_image_0_a_timepoint_00036.png,09-Apr-2026 14:28:17,19.9
channel_2_image_0_a_timepoint_00037.png,09-Apr-2026 14:28:59,20.6
channel_2_image_0_a_timepoint_00038.png,09-Apr-2026 14:29:41,21.3
channel_2_image_0_a_timepoint_00039.png,09-Apr-2026 14:30:02,21.65
channel_2_image_0_a_timepoint_00040.png,09-Apr-2026 14:30:43,22.3333333333333
channel_2_image_0_a_timepoint_00041.png,09-Apr-2026 14:31:04,22.6833333333333
channel_2_image_0_a_timepoint_00042.png,09-Apr-2026 14:31:46,23.3833333333333
channel_2_image_0_a_timepoint_00043.png,09-Apr-2026 14:32:28,24.0833333333333
channel_2_image_0_a_timepoint_00044.png,09-Apr-2026 14:32:45,24.3666666666667
channel_2_image_0_a_timepoint_00045.png,09-Apr-2026 14:33:26,25.05
channel_2_image_0_a_timepoint_00046.png,09-Apr-2026 14:33:48,25.4166666666667
channel_2_image_0_a_timepoint_00047.png,09-Apr-2026 14:34:30,26.1166666666667
channel_2_image_0_a_timepoint_00048.png,09-Apr-2026 14:35:12,26.8166666666667
channel_2_image_0_a_timepoint_00049.png,09-Apr-2026 14:35:33,27.1666666666667
channel_2_image_0_a_timepoint_00050.png,09-Apr-2026 14:36:14,27.85
channel_2_image_0_a_timepoint_00051.png,09-Apr-2026 14:36:35,28.2
channel_2_image_0_a_timepoint_00052.png,09-Apr-2026 14:37:17,28.9
channel_2_image_0_a_timepoint_00053.png,09-Apr-2026 14:37:59,29.6
channel_2_image_0_a_timepoint_00054.png,09-Apr-2026 14:38:20,29.95
channel_2_image_0_a_timepoint_00055.png,09-Apr-2026 14:39:01,30.6333333333333
channel_2_image_0_a_timepoint_00056.png,09-Apr-2026 14:39:22,30.9833333333333
channel_2_image_0_a_timepoint_00057.png,09-Apr-2026 14:40:05,31.7
channel_2_image_0_a_timepoint_00058.png,09-Apr-2026 14:40:47,32.4
channel_2_image_0_a_timepoint_00059.png,09-Apr-2026 14:41:08,32.75
channel_2_image_0_a_timepoint_00060.png,09-Apr-2026 14:41:49,33.4333333333333
channel_2_image_0_a_timepoint_00061.png,09-Apr-2026 14:42:10,33.7833333333333
channel_2_image_0_a_timepoint_00062.png,09-Apr-2026 14:42:52,34.4833333333333
channel_2_image_0_a_timepoint_00063.png,09-Apr-2026 14:43:34,35.1833333333333
channel_2_image_0_a_timepoint_00064.png,09-Apr-2026 14:43:55,35.5333333333333
channel_2_image_0_a_timepoint_00065.png,09-Apr-2026 14:44:36,36.2166666666667
channel_2_image_0_a_timepoint_00066.png,09-Apr-2026 14:44:57,36.5666666666667
channel_2_image_0_a_timepoint_00067.png,09-Apr-2026 14:45:39,37.2666666666667
channel_2_image_0_a_timepoint_00068.png,09-Apr-2026 14:46:21,37.9666666666667
channel_2_image_0_a_timepoint_00069.png,09-Apr-2026 14:46:38,38.25
channel_2_image_0_a_timepoint_00070.png,09-Apr-2026 14:47:19,38.9333333333333
channel_2_image_0_a_timepoint_00071.png,09-Apr-2026 14:47:41,39.3
channel_2_image_0_a_timepoint_00072.png,09-Apr-2026 14:48:23,40
channel_2_image_0_a_timepoint_00073.png,09-Apr-2026 14:49:05,40.7
channel_2_image_0_a_timepoint_00074.png,09-Apr-2026 14:49:26,41.05
channel_2_image_0_a_timepoint_00075.png,09-Apr-2026 14:50:07,41.7333333333333
channel_2_image_0_a_timepoint_00076.png,09-Apr-2026 14:50:28,42.0833333333333
channel_2_image_0_a_timepoint_00077.png,09-Apr-2026 14:51:10,42.7833333333333
channel_2_image_0_a_timepoint_00078.png,09-Apr-2026 14:51:52,43.4833333333333
channel_2_image_0_a_timepoint_00079.png,09-Apr-2026 14:52:13,43.8333333333333
channel_2_image_0_a_timepoint_00080.png,09-Apr-2026 14:52:54,44.5166666666667
channel_2_image_0_a_timepoint_00081.png,09-Apr-2026 14:53:15,44.8666666666667
channel_2_image_0_a_timepoint_00082.png,09-Apr-2026 14:53:57,45.5666666666667
channel_2_image_0_a_timepoint_00083.png,09-Apr-2026 14:54:39,46.2666666666667
channel_2_image_0_a_timepoint_00084.png,09-Apr-2026 14:55:00,46.6166666666667
channel_2_image_0_a_timepoint_00085.png,09-Apr-2026 14:55:42,47.3166666666667
channel_2_image_0_a_timepoint_00086.png,09-Apr-2026 14:56:03,47.6666666666667
channel_2_image_0_a_timepoint_00087.png,09-Apr-2026 14:56:45,48.3666666666667
channel_2_image_0_a_timepoint_00088.png,09-Apr-2026 14:57:27,49.0666666666667
channel_2_image_0_a_timepoint_00089.png,09-Apr-2026 14:57:48,49.4166666666667
channel_2_image_0_a_timepoint_00090.png,09-Apr-2026 14:58:29,50.1
channel_2_image_0_a_timepoint_00091.png,09-Apr-2026 14:58:52,50.4833333333333
channel_2_image_0_a_timepoint_00092.png,09-Apr-2026 14:59:34,51.1833333333333
channel_2_image_0_a_timepoint_00093.png,09-Apr-2026 15:00:16,51.8833333333333
channel_2_image_0_a_timepoint_00094.png,09-Apr-2026 15:00:37,52.2333333333333
channel_2_image_0_a_timepoint_00095.png,09-Apr-2026 15:01:18,52.9166666666667
channel_2_image_0_a_timepoint_00096.png,09-Apr-2026 15:01:39,53.2666666666667
channel_2_image_0_a_timepoint_00097.png,09-Apr-2026 15:02:21,53.9666666666667
channel_2_image_0_a_timepoint_00098.png,09-Apr-2026 15:03:03,54.6666666666667
channel_2_image_0_a_timepoint_00099.png,09-Apr-2026 15:03:24,55.0166666666667
channel_2_image_0_a_timepoint_00100.png,09-Apr-2026 15:04:05,55.7
channel_2_image_0_a_timepoint_00101.png,09-Apr-2026 15:04:26,56.05
channel_2_image_0_a_timepoint_00102.png,09-Apr-2026 15:05:08,56.75
channel_2_image_0_a_timepoint_00103.png,09-Apr-2026 15:05:50,57.45
channel_2_image_0_a_timepoint_00104.png,09-Apr-2026 15:06:11,57.8
channel_2_image_0_a_timepoint_00105.png,09-Apr-2026 15:06:52,58.4833333333333
channel_2_image_0_a_timepoint_00106.png,09-Apr-2026 15:07:13,58.8333333333333
channel_2_image_0_a_timepoint_00107.png,09-Apr-2026 15:07:55,59.5333333333333
channel_2_image_0_a_timepoint_00108.png,09-Apr-2026 15:08:37,60.2333333333333
channel_2_image_0_a_timepoint_00109.png,09-Apr-2026 15:08:58,60.5833333333333
channel_2_image_0_a_timepoint_00110.png,09-Apr-2026 15:09:39,61.2666666666667
channel_2_image_0_a_timepoint_00111.png,09-Apr-2026 15:10:01,61.6333333333333
channel_2_image_0_a_timepoint_00112.png,09-Apr-2026 15:10:43,62.3333333333333
channel_2_image_0_a_timepoint_00113.png,09-Apr-2026 15:11:25,63.0333333333333
channel_2_image_0_a_timepoint_00114.png,09-Apr-2026 15:11:46,63.3833333333333
channel_2_image_0_a_timepoint_00115.png,09-Apr-2026 15:12:27,64.0666666666667
channel_2_image_0_a_timepoint_00116.png,09-Apr-2026 15:12:48,64.4166666666667
channel_2_image_0_a_timepoint_00117.png,09-Apr-2026 15:13:30,65.1166666666667
channel_2_image_0_a_timepoint_00118.png,09-Apr-2026 15:14:12,65.8166666666667
channel_2_image_0_a_timepoint_00119.png,09-Apr-2026 15:14:33,66.1666666666667
channel_2_image_0_a_timepoint_00120.png,09-Apr-2026 15:15:14,66.85
channel_2_image_0_a_timepoint_00121.png,09-Apr-2026 15:15:35,67.2
channel_2_image_0_a_timepoint_00122.png,09-Apr-2026 15:16:17,67.9
channel_2_image_0_a_timepoint_00123.png,09-Apr-2026 15:17:00,68.6166666666667
channel_2_image_0_a_timepoint_00124.png,09-Apr-2026 15:17:21,68.9666666666667
channel_2_image_0_a_timepoint_00125.png,09-Apr-2026 15:18:02,69.65
channel_2_image_0_a_timepoint_00126.png,09-Apr-2026 15:18:23,70
channel_2_image_0_a_timepoint_00127.png,09-Apr-2026 15:19:05,70.7
channel_2_image_0_a_timepoint_00128.png,09-Apr-2026 15:19:47,71.4
channel_2_image_0_a_timepoint_00129.png,09-Apr-2026 15:20:08,71.75
channel_2_image_0_a_timepoint_00130.png,09-Apr-2026 15:20:49,72.4333333333333
channel_2_image_0_a_timepoint_00131.png,09-Apr-2026 15:21:10,72.7833333333333
channel_2_image_0_a_timepoint_00132.png,09-Apr-2026 15:21:52,73.4833333333333
channel_2_image_0_a_timepoint_00133.png,09-Apr-2026 15:22:34,74.1833333333333
channel_2_image_0_a_timepoint_00134.png,09-Apr-2026 15:22:55,74.5333333333333
channel_2_image_0_a_timepoint_00135.png,09-Apr-2026 15:23:36,75.2166666666667
channel_2_image_0_a_timepoint_00136.png,09-Apr-2026 15:23:58,75.5833333333333
channel_2_image_0_a_timepoint_00137.png,09-Apr-2026 15:24:40,76.2833333333333
channel_2_image_0_a_timepoint_00138.png,09-Apr-2026 15:25:22,76.9833333333333
channel_2_image_0_a_timepoint_00139.png,09-Apr-2026 15:25:43,77.3333333333333
channel_2_image_0_a_timepoint_00140.png,09-Apr-2026 15:26:24,78.0166666666667
channel_2_image_0_a_timepoint_00141.png,09-Apr-2026 15:26:45,78.3666666666667
channel_2_image_0_a_timepoint_00142.png,09-Apr-2026 15:27:27,79.0666666666667
channel_2_image_0_a_timepoint_00143.png,09-Apr-2026 15:28:09,79.7666666666667
channel_2_image_0_a_timepoint_00144.png,09-Apr-2026 15:28:30,80.1166666666667
channel_2_image_0_a_timepoint_00145.png,09-Apr-2026 15:29:11,80.8
channel_2_image_0_a_timepoint_00146.png,09-Apr-2026 15:29:32,81.15
channel_2_image_0_a_timepoint_00147.png,09-Apr-2026 15:30:14,81.85
channel_2_image_0_a_timepoint_00148.png,09-Apr-2026 15:30:56,82.55
channel_2_image_0_a_timepoint_00149.png,09-Apr-2026 15:31:17,82.9
channel_2_image_0_a_timepoint_00150.png,09-Apr-2026 15:31:58,83.5833333333333
channel_2_image_0_a_timepoint_00151.png,09-Apr-2026 15:32:19,83.9333333333333
channel_2_image_0_a_timepoint_00152.png,09-Apr-2026 15:33:01,84.6333333333333
channel_2_image_0_a_timepoint_00153.png,09-Apr-2026 15:33:44,85.35
channel_2_image_0_a_timepoint_00154.png,09-Apr-2026 15:34:05,85.7
channel_2_image_0_a_timepoint_00155.png,09-Apr-2026 15:34:46,86.3833333333333
channel_2_image_0_a_timepoint_00156.png,09-Apr-2026 15:35:07,86.7333333333333
channel_2_image_0_a_timepoint_00157.png,09-Apr-2026 15:35:49,87.4333333333333
channel_2_image_0_a_timepoint_00158.png,09-Apr-2026 15:36:31,88.1333333333333
channel_2_image_0_a_timepoint_00159.png,09-Apr-2026 15:36:52,88.4833333333333
channel_2_image_0_a_timepoint_00160.png,09-Apr-2026 15:37:33,89.1666666666667
channel_2_image_0_a_timepoint_00161.png,09-Apr-2026 15:37:54,89.5166666666667
channel_2_image_0_a_timepoint_00162.png,09-Apr-2026 15:38:15,89.8666666666667
channel_2_image_0_a_timepoint_00163.png,09-Apr-2026 15:38:36,90.2166666666667
channel_2_image_0_a_timepoint_00164.png,09-Apr-2026 15:38:57,90.5666666666667
channel_2_image_0_a_timepoint_00165.png,09-Apr-2026 15:39:19,90.9333333333333
channel_2_image_0_a_timepoint_00166.png,09-Apr-2026 15:39:40,91.2833333333333
channel_2_image_0_a_timepoint_00167.png,09-Apr-2026 15:40:01,91.6333333333333
channel_2_image_0_a_timepoint_00168.png,09-Apr-2026 15:40:22,91.9833333333333
channel_2_image_0_a_timepoint_00169.png,09-Apr-2026 15:40:43,92.3333333333333
channel_2_image_0_a_timepoint_00170.png,09-Apr-2026 15:41:04,92.6833333333333
channel_2_image_0_a_timepoint_00171.png,09-Apr-2026 15:41:25,93.0333333333333
channel_2_image_0_a_timepoint_00172.png,09-Apr-2026 15:41:46,93.3833333333333
channel_2_image_0_a_timepoint_00173.png,09-Apr-2026 15:42:07,93.7333333333333
channel_2_image_0_a_timepoint_00174.png,09-Apr-2026 15:42:28,94.0833333333333
channel_2_image_0_a_timepoint_00175.png,09-Apr-2026 15:42:49,94.4333333333333
channel_2_image_0_a_timepoint_00176.png,09-Apr-2026 15:43:10,94.7833333333333
channel_2_image_0_a_timepoint_00177.png,09-Apr-2026 15:43:32,95.15
channel_2_image_0_a_timepoint_00178.png,09-Apr-2026 15:43:53,95.5
channel_2_image_0_a_timepoint_00179.png,09-Apr-2026 15:44:14,95.85
channel_2_image_0_a_timepoint_00180.png,09-Apr-2026 15:44:35,96.2
channel_2_image_0_a_timepoint_00181.png,09-Apr-2026 15:44:56,96.55
channel_2_image_0_a_timepoint_00182.png,09-Apr-2026 15:45:17,96.9
channel_2_image_0_a_timepoint_00183.png,09-Apr-2026 15:45:38,97.25
channel_2_image_0_a_timepoint_00184.png,09-Apr-2026 15:45:59,97.6
channel_2_image_0_a_timepoint_00185.png,09-Apr-2026 15:46:20,97.95
channel_2_image_0_a_timepoint_00186.png,09-Apr-2026 15:46:41,98.3
channel_2_image_0_a_timepoint_00187.png,09-Apr-2026 15:47:02,98.65
channel_2_image_0_a_timepoint_00188.png,09-Apr-2026 15:47:24,99.0166666666667
channel_2_image_0_a_timepoint_00189.png,09-Apr-2026 15:47:45,99.3666666666667
channel_2_image_0_a_timepoint_00190.png,09-Apr-2026 15:48:06,99.7166666666667
channel_2_image_0_a_timepoint_00191.png,09-Apr-2026 15:48:27,100.066666666667
channel_2_image_0_a_timepoint_00192.png,09-Apr-2026 15:48:48,100.416666666667
channel_2_image_0_a_timepoint_00193.png,09-Apr-2026 15:49:09,100.766666666667
channel_2_image_0_a_timepoint_00194.png,09-Apr-2026 15:49:30,101.116666666667
channel_2_image_0_a_timepoint_00195.png,09-Apr-2026 15:49:51,101.466666666667
channel_2_image_0_a_timepoint_00196.png,09-Apr-2026 15:50:12,101.816666666667
channel_2_image_0_a_timepoint_00197.png,09-Apr-2026 15:50:33,102.166666666667
channel_2_image_0_a_timepoint_00198.png,09-Apr-2026 15:50:54,102.516666666667
channel_2_image_0_a_timepoint_00199.png,09-Apr-2026 15:51:15,102.866666666667
channel_2_image_0_a_timepoint_00200.png,09-Apr-2026 15:51:36,103.216666666667
channel_2_image_0_a_timepoint_00201.png,09-Apr-2026 15:51:58,103.583333333333
channel_2_image_0_a_timepoint_00202.png,09-Apr-2026 15:52:19,103.933333333333
channel_2_image_0_a_timepoint_00203.png,09-Apr-2026 15:52:40,104.283333333333
channel_2_image_0_a_timepoint_00204.png,09-Apr-2026 15:53:01,104.633333333333
channel_2_image_0_a_timepoint_00205.png,09-Apr-2026 15:53:22,104.983333333333
channel_2_image_0_a_timepoint_00206.png,09-Apr-2026 15:53:43,105.333333333333
channel_2_image_0_a_timepoint_00207.png,09-Apr-2026 15:54:04,105.683333333333
channel_2_image_0_a_timepoint_00208.png,09-Apr-2026 15:54:25,106.033333333333
channel_2_image_0_a_timepoint_00209.png,09-Apr-2026 15:54:46,106.383333333333
channel_2_image_0_a_timepoint_00210.png,09-Apr-2026 15:55:07,106.733333333333
channel_2_image_0_a_timepoint_00211.png,09-Apr-2026 15:55:28,107.083333333333
channel_2_image_0_a_timepoint_00212.png,09-Apr-2026 15:55:49,107.433333333333
channel_2_image_0_a_timepoint_00213.png,09-Apr-2026 15:56:11,107.8
channel_2_image_0_a_timepoint_00214.png,09-Apr-2026 15:56:32,108.15
channel_2_image_0_a_timepoint_00215.png,09-Apr-2026 15:56:53,108.5
channel_2_image_0_a_timepoint_00216.png,09-Apr-2026 15:57:14,108.85
channel_2_image_0_a_timepoint_00217.png,09-Apr-2026 15:57:35,109.2
channel_2_image_0_a_timepoint_00218.png,09-Apr-2026 15:57:56,109.55
channel_2_image_0_a_timepoint_00219.png,09-Apr-2026 15:58:17,109.9
channel_2_image_0_a_timepoint_00220.png,09-Apr-2026 15:58:38,110.25
channel_2_image_0_a_timepoint_00221.png,09-Apr-2026 15:58:59,110.6
channel_2_image_0_a_timepoint_00222.png,09-Apr-2026 15:59:20,110.95
channel_2_image_0_a_timepoint_00223.png,09-Apr-2026 15:59:41,111.3
channel_2_image_0_a_timepoint_00224.png,09-Apr-2026 16:00:02,111.65
channel_2_image_0_a_timepoint_00225.png,09-Apr-2026 16:00:23,112
channel_2_image_0_a_timepoint_00226.png,09-Apr-2026 16:00:44,112.35
channel_2_image_0_a_timepoint_00227.png,09-Apr-2026 16:01:05,112.7
channel_2_image_0_a_timepoint_00228.png,09-Apr-2026 16:01:26,113.05
channel_2_image_0_a_timepoint_00229.png,09-Apr-2026 16:01:47,113.4
channel_2_image_0_a_timepoint_00230.png,09-Apr-2026 16:02:08,113.75
channel_2_image_0_a_timepoint_00231.png,09-Apr-2026 16:02:29,114.1
channel_2_image_0_a_timepoint_00232.png,09-Apr-2026 16:02:50,114.45
channel_2_image_0_a_timepoint_00233.png,09-Apr-2026 16:03:11,114.8
channel_2_image_0_a_timepoint_00234.png,09-Apr-2026 16:03:33,115.166666666667
channel_2_image_0_a_timepoint_00235.png,09-Apr-2026 16:03:54,115.516666666667
channel_2_image_0_a_timepoint_00236.png,09-Apr-2026 16:04:15,115.866666666667
channel_2_image_0_a_timepoint_00237.png,09-Apr-2026 16:04:36,116.216666666667
channel_2_image_0_a_timepoint_00238.png,09-Apr-2026 16:04:57,116.566666666667
channel_2_image_0_a_timepoint_00239.png,09-Apr-2026 16:05:18,116.916666666667
channel_2_image_0_a_timepoint_00240.png,09-Apr-2026 16:05:39,117.266666666667
channel_2_image_0_a_timepoint_00241.png,09-Apr-2026 16:06:00,117.616666666667
channel_2_image_0_a_timepoint_00242.png,09-Apr-2026 16:06:21,117.966666666667
channel_2_image_0_a_timepoint_00243.png,09-Apr-2026 16:06:42,118.316666666667
channel_2_image_0_a_timepoint_00244.png,09-Apr-2026 16:07:03,118.666666666667
channel_2_image_0_a_timepoint_00245.png,09-Apr-2026 16:07:24,119.016666666667
channel_2_image_0_a_timepoint_00246.png,09-Apr-2026 16:07:46,119.383333333333
channel_2_image_0_a_timepoint_00247.png,09-Apr-2026 16:08:07,119.733333333333
channel_2_image_0_a_timepoint_00248.png,09-Apr-2026 16:08:28,120.083333333333
channel_2_image_0_a_timepoint_00249.png,09-Apr-2026 16:08:49,120.433333333333
channel_2_image_0_a_timepoint_00250.png,09-Apr-2026 16:09:10,120.783333333333
channel_2_image_0_a_timepoint_00251.png,09-Apr-2026 16:09:31,121.133333333333
channel_2_image_0_a_timepoint_00252.png,09-Apr-2026 16:09:52,121.483333333333
channel_2_image_0_a_timepoint_00253.png,09-Apr-2026 16:10:13,121.833333333333
channel_2_image_0_a_timepoint_00254.png,09-Apr-2026 16:10:34,122.183333333333
channel_2_image_0_a_timepoint_00255.png,09-Apr-2026 16:10:55,122.533333333333
channel_2_image_0_a_timepoint_00256.png,09-Apr-2026 16:11:16,122.883333333333
channel_2_image_0_a_timepoint_00257.png,09-Apr-2026 16:11:37,123.233333333333
channel_2_image_0_a_timepoint_00258.png,09-Apr-2026 16:11:58,123.583333333333
channel_2_image_0_a_timepoint_00259.png,09-Apr-2026 16:12:19,123.933333333333
channel_2_image_0_a_timepoint_00260.png,09-Apr-2026 16:12:40,124.283333333333
channel_2_image_0_a_timepoint_00261.png,09-Apr-2026 16:13:01,124.633333333333
channel_2_image_0_a_timepoint_00262.png,09-Apr-2026 16:13:22,124.983333333333
channel_2_image_0_a_timepoint_00263.png,09-Apr-2026 16:13:44,125.35
channel_2_image_0_a_timepoint_00264.png,09-Apr-2026 16:14:05,125.7
channel_2_image_0_a_timepoint_00265.png,09-Apr-2026 16:14:26,126.05
channel_2_image_0_a_timepoint_00266.png,09-Apr-2026 16:14:47,126.4
channel_2_image_0_a_timepoint_00267.png,09-Apr-2026 16:15:08,126.75
channel_2_image_0_a_timepoint_00268.png,09-Apr-2026 16:15:29,127.1
channel_2_image_0_a_timepoint_00269.png,09-Apr-2026 16:15:50,127.45
channel_2_image_0_a_timepoint_00270.png,09-Apr-2026 16:16:11,127.8
channel_2_image_0_a_timepoint_00271.png,09-Apr-2026 16:16:32,128.15
channel_2_image_0_a_timepoint_00272.png,09-Apr-2026 16:16:53,128.5
channel_2_image_0_a_timepoint_00273.png,09-Apr-2026 16:17:14,128.85
channel_2_image_0_a_timepoint_00274.png,09-Apr-2026 16:17:35,129.2
channel_2_image_0_a_timepoint_00275.png,09-Apr-2026 16:17:56,129.55
channel_2_image_0_a_timepoint_00276.png,09-Apr-2026 16:18:17,129.9
channel_2_image_0_a_timepoint_00277.png,09-Apr-2026 16:18:38,130.25
channel_2_image_0_a_timepoint_00278.png,09-Apr-2026 16:18:59,130.6
channel_2_image_0_a_timepoint_00279.png,09-Apr-2026 16:19:21,130.966666666667
channel_2_image_0_a_timepoint_00280.png,09-Apr-2026 16:19:42,131.316666666667
channel_2_image_0_a_timepoint_00281.png,09-Apr-2026 16:20:03,131.666666666667
channel_2_image_0_a_timepoint_00282.png,09-Apr-2026 16:20:24,132.016666666667
channel_2_image_0_a_timepoint_00283.png,09-Apr-2026 16:20:45,132.366666666667
channel_2_image_0_a_timepoint_00284.png,09-Apr-2026 16:21:06,132.716666666667
channel_2_image_0_a_timepoint_00285.png,09-Apr-2026 16:21:27,133.066666666667
channel_2_image_0_a_timepoint_00286.png,09-Apr-2026 16:21:48,133.416666666667
channel_2_image_0_a_timepoint_00287.png,09-Apr-2026 16:22:09,133.766666666667
channel_2_image_0_a_timepoint_00288.png,09-Apr-2026 16:22:30,134.116666666667
channel_2_image_0_a_timepoint_00289.png,09-Apr-2026 16:22:51,134.466666666667
channel_2_image_0_a_timepoint_00290.png,09-Apr-2026 16:23:12,134.816666666667
channel_2_image_0_a_timepoint_00291.png,09-Apr-2026 16:23:34,135.183333333333
channel_2_image_0_a_timepoint_00292.png,09-Apr-2026 16:23:55,135.533333333333
channel_2_image_0_a_timepoint_00293.png,09-Apr-2026 16:24:16,135.883333333333
channel_2_image_0_a_timepoint_00294.png,09-Apr-2026 16:24:37,136.233333333333
channel_2_image_0_a_timepoint_00295.png,09-Apr-2026 16:24:58,136.583333333333
channel_2_image_0_a_timepoint_00296.png,09-Apr-2026 16:25:19,136.933333333333
channel_2_image_0_a_timepoint_00297.png,09-Apr-2026 16:25:40,137.283333333333
channel_2_image_0_a_timepoint_00298.png,09-Apr-2026 16:26:01,137.633333333333
channel_2_image_0_a_timepoint_00299.png,09-Apr-2026 16:26:22,137.983333333333
channel_2_image_0_a_timepoint_00300.png,09-Apr-2026 16:26:43,138.333333333333
channel_2_image_0_a_timepoint_00301.png,09-Apr-2026 16:27:04,138.683333333333
channel_2_image_0_a_timepoint_00302.png,09-Apr-2026 16:27:26,139.05
channel_2_image_0_a_timepoint_00303.png,09-Apr-2026 16:27:47,139.4
channel_2_image_0_a_timepoint_00304.png,09-Apr-2026 16:28:08,139.75
channel_2_image_0_a_timepoint_00305.png,09-Apr-2026 16:28:29,140.1
channel_2_image_0_a_timepoint_00306.png,09-Apr-2026 16:28:50,140.45
channel_2_image_0_a_timepoint_00307.png,09-Apr-2026 16:29:11,140.8
channel_2_image_0_a_timepoint_00308.png,09-Apr-2026 16:29:32,141.15
channel_2_image_0_a_timepoint_00309.png,09-Apr-2026 16:29:53,141.5
channel_2_image_0_a_timepoint_00310.png,09-Apr-2026 16:30:14,141.85
channel_2_image_0_a_timepoint_00311.png,09-Apr-2026 16:30:35,142.2
channel_2_image_0_a_timepoint_00312.png,09-Apr-2026 16:30:56,142.55
channel_2_image_0_a_timepoint_00313.png,09-Apr-2026 16:31:17,142.9
channel_2_image_0_a_timepoint_00314.png,09-Apr-2026 16:31:38,143.25
channel_2_image_0_a_timepoint_00315.png,09-Apr-2026 16:31:59,143.6
channel_2_image_0_a_timepoint_00316.png,09-Apr-2026 16:32:21,143.966666666667
channel_2_image_0_a_timepoint_00317.png,09-Apr-2026 16:32:42,144.316666666667
channel_2_image_0_a_timepoint_00318.png,09-Apr-2026 16:33:03,144.666666666667
channel_2_image_0_a_timepoint_00319.png,09-Apr-2026 16:33:24,145.016666666667
channel_2_image_0_a_timepoint_00320.png,09-Apr-2026 16:33:45,145.366666666667
channel_2_image_0_a_timepoint_00321.png,09-Apr-2026 16:34:06,145.716666666667
channel_2_image_0_a_timepoint_00322.png,09-Apr-2026 16:34:27,146.066666666667
channel_2_image_0_a_timepoint_00323.png,09-Apr-2026 16:34:48,146.416666666667
channel_2_image_0_a_timepoint_00324.png,09-Apr-2026 16:35:09,146.766666666667
channel_2_image_0_a_timepoint_00325.png,09-Apr-2026 16:35:30,147.116666666667
channel_2_image_0_a_timepoint_00326.png,09-Apr-2026 16:35:51,147.466666666667
channel_2_image_0_a_timepoint_00327.png,09-Apr-2026 16:36:12,147.816666666667
channel_2_image_0_a_timepoint_00328.png,09-Apr-2026 16:36:34,148.183333333333
channel_2_image_0_a_timepoint_00329.png,09-Apr-2026 16:36:55,148.533333333333
channel_2_image_0_a_timepoint_00330.png,09-Apr-2026 16:37:16,148.883333333333
channel_2_image_0_a_timepoint_00331.png,09-Apr-2026 16:37:37,149.233333333333
channel_2_image_0_a_timepoint_00332.png,09-Apr-2026 16:37:58,149.583333333333
channel_2_image_0_a_timepoint_00333.png,09-Apr-2026 16:38:19,149.933333333333
channel_2_image_0_a_timepoint_00334.png,09-Apr-2026 16:38:40,150.283333333333
channel_2_image_0_a_timepoint_00335.png,09-Apr-2026 16:39:01,150.633333333333
channel_2_image_0_a_timepoint_00336.png,09-Apr-2026 16:39:22,150.983333333333
channel_2_image_0_a_timepoint_00337.png,09-Apr-2026 16:39:43,151.333333333333
channel_2_image_0_a_timepoint_00338.png,09-Apr-2026 16:40:04,151.683333333333
channel_2_image_0_a_timepoint_00339.png,09-Apr-2026 16:40:25,152.033333333333
channel_2_image_0_a_timepoint_00340.png,09-Apr-2026 16:40:46,152.383333333333
channel_2_image_0_a_timepoint_00341.png,09-Apr-2026 16:41:07,152.733333333333
channel_2_image_0_a_timepoint_00342.png,09-Apr-2026 16:41:28,153.083333333333
channel_2_image_0_a_timepoint_00343.png,09-Apr-2026 16:41:49,153.433333333333
channel_2_image_0_a_timepoint_00344.png,09-Apr-2026 16:42:10,153.783333333333
channel_2_image_0_a_timepoint_00345.png,09-Apr-2026 16:42:31,154.133333333333
channel_2_image_0_a_timepoint_00346.png,09-Apr-2026 16:42:52,154.483333333333
channel_2_image_0_a_timepoint_00347.png,09-Apr-2026 16:43:13,154.833333333333
channel_2_image_0_a_timepoint_00348.png,09-Apr-2026 16:43:34,155.183333333333
channel_2_image_0_a_timepoint_00349.png,09-Apr-2026 16:43:56,155.55
channel_2_image_0_a_timepoint_00350.png,09-Apr-2026 16:44:17,155.9
channel_2_image_0_a_timepoint_00351.png,09-Apr-2026 16:44:38,156.25
channel_2_image_0_a_timepoint_00352.png,09-Apr-2026 16:44:59,156.6
channel_2_image_0_a_timepoint_00353.png,09-Apr-2026 16:45:20,156.95
channel_2_image_0_a_timepoint_00354.png,09-Apr-2026 16:45:41,157.3
channel_2_image_0_a_timepoint_00355.png,09-Apr-2026 16:46:02,157.65
channel_2_image_0_a_timepoint_00356.png,09-Apr-2026 16:46:23,158
channel_2_image_0_a_timepoint_00357.png,09-Apr-2026 16:46:44,158.35
channel_2_image_0_a_timepoint_00358.png,09-Apr-2026 16:47:05,158.7
channel_2_image_0_a_timepoint_00359.png,09-Apr-2026 16:47:26,159.05
channel_2_image_0_a_timepoint_00360.png,09-Apr-2026 16:47:47,159.4
channel_2_image_0_a_timepoint_00361.png,09-Apr-2026 16:48:08,159.75
channel_2_image_0_a_timepoint_00362.png,09-Apr-2026 16:48:29,160.1
channel_2_image_0_a_timepoint_00363.png,09-Apr-2026 16:48:51,160.466666666667
channel_2_image_0_a_timepoint_00364.png,09-Apr-2026 16:49:12,160.816666666667
channel_2_image_0_a_timepoint_00365.png,09-Apr-2026 16:49:33,161.166666666667
channel_2_image_0_a_timepoint_00366.png,09-Apr-2026 16:49:54,161.516666666667
channel_2_image_0_a_timepoint_00367.png,09-Apr-2026 16:50:15,161.866666666667
channel_2_image_0_a_timepoint_00368.png,09-Apr-2026 16:50:36,162.216666666667
channel_2_image_0_a_timepoint_00369.png,09-Apr-2026 16:50:57,162.566666666667
channel_2_image_0_a_timepoint_00370.png,09-Apr-2026 16:51:18,162.916666666667
channel_2_image_0_a_timepoint_00371.png,09-Apr-2026 16:51:39,163.266666666667
channel_2_image_0_a_timepoint_00372.png,09-Apr-2026 16:52:00,163.616666666667
channel_2_image_0_a_timepoint_00373.png,09-Apr-2026 16:52:21,163.966666666667
channel_2_image_0_a_timepoint_00374.png,09-Apr-2026 16:52:42,164.316666666667
channel_2_image_0_a_timepoint_00375.png,09-Apr-2026 16:53:03,164.666666666667
channel_2_image_0_a_timepoint_00376.png,09-Apr-2026 16:53:24,165.016666666667
channel_2_image_0_a_timepoint_00377.png,09-Apr-2026 16:53:45,165.366666666667
channel_2_image_0_a_timepoint_00378.png,09-Apr-2026 16:54:06,165.716666666667
channel_2_image_0_a_timepoint_00379.png,09-Apr-2026 16:54:27,166.066666666667
channel_2_image_0_a_timepoint_00380.png,09-Apr-2026 16:54:48,166.416666666667
channel_2_image_0_a_timepoint_00381.png,09-Apr-2026 16:55:10,166.783333333333
channel_2_image_0_a_timepoint_00382.png,09-Apr-2026 16:55:31,167.133333333333
channel_2_image_0_a_timepoint_00383.png,09-Apr-2026 16:55:52,167.483333333333
channel_2_image_0_a_timepoint_00384.png,09-Apr-2026 16:56:13,167.833333333333
channel_2_image_0_a_timepoint_00385.png,09-Apr-2026 16:56:34,168.183333333333
channel_2_image_0_a_timepoint_00386.png,09-Apr-2026 16:56:55,168.533333333333
channel_2_image_0_a_timepoint_00387.png,09-Apr-2026 16:57:16,168.883333333333
channel_2_image_0_a_timepoint_00388.png,09-Apr-2026 16:57:37,169.233333333333
channel_2_image_0_a_timepoint_00389.png,09-Apr-2026 16:57:58,169.583333333333
channel_2_image_0_a_timepoint_00390.png,09-Apr-2026 16:58:19,169.933333333333
channel_2_image_0_a_timepoint_00391.png,09-Apr-2026 16:58:40,170.283333333333
channel_2_image_0_a_timepoint_00392.png,09-Apr-2026 16:59:01,170.633333333333
channel_2_image_0_a_timepoint_00393.png,09-Apr-2026 16:59:22,170.983333333333
channel_2_image_0_a_timepoint_00394.png,09-Apr-2026 16:59:43,171.333333333333
channel_2_image_0_a_timepoint_00395.png,09-Apr-2026 17:00:05,171.7
channel_2_image_0_a_timepoint_00396.png,09-Apr-2026 17:00:26,172.05
channel_2_image_0_a_timepoint_00397.png,09-Apr-2026 17:00:47,172.4
channel_2_image_0_a_timepoint_00398.png,09-Apr-2026 17:01:08,172.75
channel_2_image_0_a_timepoint_00399.png,09-Apr-2026 17:01:29,173.1
channel_2_image_0_a_timepoint_00400.png,09-Apr-2026 17:01:50,173.45
channel_2_image_0_a_timepoint_00401.png,09-Apr-2026 17:02:11,173.8
channel_2_image_0_a_timepoint_00402.png,09-Apr-2026 17:02:32,174.15
channel_2_image_0_a_timepoint_00403.png,09-Apr-2026 17:02:53,174.5
channel_2_image_0_a_timepoint_00404.png,09-Apr-2026 17:03:14,174.85
channel_2_image_0_a_timepoint_00405.png,09-Apr-2026 17:03:35,175.2
channel_2_image_0_a_timepoint_00406.png,09-Apr-2026 17:03:57,175.566666666667
channel_2_image_0_a_timepoint_00407.png,09-Apr-2026 17:04:18,175.916666666667
channel_2_image_0_a_timepoint_00408.png,09-Apr-2026 17:04:39,176.266666666667
channel_2_image_0_a_timepoint_00409.png,09-Apr-2026 17:05:00,176.616666666667
channel_2_image_0_a_timepoint_00410.png,09-Apr-2026 17:05:21,176.966666666667
channel_2_image_0_a_timepoint_00411.png,09-Apr-2026 17:05:42,177.316666666667
channel_2_image_0_a_timepoint_00412.png,09-Apr-2026 17:06:03,177.666666666667
channel_2_image_0_a_timepoint_00413.png,09-Apr-2026 17:06:24,178.016666666667
channel_2_image_0_a_timepoint_00414.png,09-Apr-2026 17:06:45,178.366666666667
channel_2_image_0_a_timepoint_00415.png,09-Apr-2026 17:07:06,178.716666666667
channel_2_image_0_a_timepoint_00416.png,09-Apr-2026 17:07:27,179.066666666667
channel_2_image_0_a_timepoint_00417.png,09-Apr-2026 17:07:48,179.416666666667
channel_2_image_0_a_timepoint_00418.png,09-Apr-2026 17:08:09,179.766666666667
channel_2_image_0_a_timepoint_00419.png,09-Apr-2026 17:08:31,180.133333333333
channel_2_image_0_a_timepoint_00420.png,09-Apr-2026 17:08:52,180.483333333333
channel_2_image_0_a_timepoint_00421.png,09-Apr-2026 17:09:13,180.833333333333
channel_2_image_0_a_timepoint_00422.png,09-Apr-2026 17:09:34,181.183333333333
channel_2_image_0_a_timepoint_00423.png,09-Apr-2026 17:09:55,181.533333333333
channel_2_image_0_a_timepoint_00424.png,09-Apr-2026 17:10:16,181.883333333333
channel_2_image_0_a_timepoint_00425.png,09-Apr-2026 17:10:37,182.233333333333
channel_2_image_0_a_timepoint_00426.png,09-Apr-2026 17:10:58,182.583333333333
channel_2_image_0_a_timepoint_00427.png,09-Apr-2026 17:11:19,182.933333333333
channel_2_image_0_a_timepoint_00428.png,09-Apr-2026 17:11:40,183.283333333333
channel_2_image_0_a_timepoint_00429.png,09-Apr-2026 17:12:01,183.633333333333
channel_2_image_0_a_timepoint_00430.png,09-Apr-2026 17:12:22,183.983333333333
channel_2_image_0_a_timepoint_00431.png,09-Apr-2026 17:12:43,184.333333333333
channel_2_image_0_a_timepoint_00432.png,09-Apr-2026 17:13:04,184.683333333333
channel_2_image_0_a_timepoint_00433.png,09-Apr-2026 17:13:26,185.05
channel_2_image_0_a_timepoint_00434.png,09-Apr-2026 17:13:47,185.4
channel_2_image_0_a_timepoint_00435.png,09-Apr-2026 17:14:08,185.75
channel_2_image_0_a_timepoint_00436.png,09-Apr-2026 17:14:29,186.1
channel_2_image_0_a_timepoint_00437.png,09-Apr-2026 17:14:50,186.45
channel_2_image_0_a_timepoint_00438.png,09-Apr-2026 17:15:11,186.8
channel_2_image_0_a_timepoint_00439.png,09-Apr-2026 17:15:32,187.15
channel_2_image_0_a_timepoint_00440.png,09-Apr-2026 17:15:53,187.5
channel_2_image_0_a_timepoint_00441.png,09-Apr-2026 17:16:14,187.85
channel_2_image_0_a_timepoint_00442.png,09-Apr-2026 17:16:35,188.2
channel_2_image_0_a_timepoint_00443.png,09-Apr-2026 17:16:56,188.55
channel_2_image_0_a_timepoint_00444.png,09-Apr-2026 17:17:17,188.9
channel_2_image_0_a_timepoint_00445.png,09-Apr-2026 17:17:38,189.25
channel_2_image_0_a_timepoint_00446.png,09-Apr-2026 17:17:59,189.6
channel_2_image_0_a_timepoint_00447.png,09-Apr-2026 17:18:20,189.95
channel_2_image_0_a_timepoint_00448.png,09-Apr-2026 17:18:41,190.3
channel_2_image_0_a_timepoint_00449.png,09-Apr-2026 17:19:02,190.65
channel_2_image_0_a_timepoint_00450.png,09-Apr-2026 17:19:24,191.016666666667
channel_2_image_0_a_timepoint_00451.png,09-Apr-2026 17:19:45,191.366666666667
channel_2_image_0_a_timepoint_00452.png,09-Apr-2026 17:20:06,191.716666666667
channel_2_image_0_a_timepoint_00453.png,09-Apr-2026 17:20:27,192.066666666667
channel_2_image_0_a_timepoint_00454.png,09-Apr-2026 17:20:48,192.416666666667
channel_2_image_0_a_timepoint_00455.png,09-Apr-2026 17:21:09,192.766666666667
channel_2_image_0_a_timepoint_00456.png,09-Apr-2026 17:21:30,193.116666666667
channel_2_image_0_a_timepoint_00457.png,09-Apr-2026 17:21:51,193.466666666667
channel_2_image_0_a_timepoint_00458.png,09-Apr-2026 17:22:12,193.816666666667
channel_2_image_0_a_timepoint_00459.png,09-Apr-2026 17:22:33,194.166666666667
channel_2_image_0_a_timepoint_00460.png,09-Apr-2026 17:22:54,194.516666666667
channel_2_image_0_a_timepoint_00461.png,09-Apr-2026 17:23:15,194.866666666667
channel_2_image_0_a_timepoint_00462.png,09-Apr-2026 17:23:36,195.216666666667
channel_2_image_0_a_timepoint_00463.png,09-Apr-2026 17:23:57,195.566666666667
channel_2_image_0_a_timepoint_00464.png,09-Apr-2026 17:24:18,195.916666666667
channel_2_image_0_a_timepoint_00465.png,09-Apr-2026 17:24:39,196.266666666667
channel_2_image_0_a_timepoint_00466.png,09-Apr-2026 17:25:00,196.616666666667
channel_2_image_0_a_timepoint_00467.png,09-Apr-2026 17:25:21,196.966666666667
channel_2_image_0_a_timepoint_00468.png,09-Apr-2026 17:25:43,197.333333333333
channel_2_image_0_a_timepoint_00469.png,09-Apr-2026 17:26:04,197.683333333333
channel_2_image_0_a_timepoint_00470.png,09-Apr-2026 17:26:25,198.033333333333
channel_2_image_0_a_timepoint_00471.png,09-Apr-2026 17:26:46,198.383333333333
channel_2_image_0_a_timepoint_00472.png,09-Apr-2026 17:27:07,198.733333333333
channel_2_image_0_a_timepoint_00473.png,09-Apr-2026 17:27:28,199.083333333333
channel_2_image_0_a_timepoint_00474.png,09-Apr-2026 17:27:49,199.433333333333
channel_2_image_0_a_timepoint_00475.png,09-Apr-2026 17:28:10,199.783333333333
channel_2_image_0_a_timepoint_00476.png,09-Apr-2026 17:28:31,200.133333333333
channel_2_image_0_a_timepoint_00477.png,09-Apr-2026 17:28:52,200.483333333333
channel_2_image_0_a_timepoint_00478.png,09-Apr-2026 17:29:13,200.833333333333
channel_2_image_0_a_timepoint_00479.png,09-Apr-2026 17:29:34,201.183333333333
channel_2_image_0_a_timepoint_00480.png,09-Apr-2026 17:29:55,201.533333333333
channel_2_image_0_a_timepoint_00481.png,09-Apr-2026 17:30:16,201.883333333333
channel_2_image_0_a_timepoint_00482.png,09-Apr-2026 17:30:37,202.233333333333
channel_2_image_0_a_timepoint_00483.png,09-Apr-2026 17:30:58,202.583333333333
channel_2_image_0_a_timepoint_00484.png,09-Apr-2026 17:31:20,202.95
channel_2_image_0_a_timepoint_00485.png,09-Apr-2026 17:31:41,203.3
channel_2_image_0_a_timepoint_00486.png,09-Apr-2026 17:32:02,203.65
channel_2_image_0_a_timepoint_00487.png,09-Apr-2026 17:32:23,204
channel_2_image_0_a_timepoint_00488.png,09-Apr-2026 17:32:44,204.35
channel_2_image_0_a_timepoint_00489.png,09-Apr-2026 17:33:05,204.7
channel_2_image_0_a_timepoint_00490.png,09-Apr-2026 17:33:26,205.05
channel_2_image_0_a_timepoint_00491.png,09-Apr-2026 17:33:47,205.4
channel_2_image_0_a_timepoint_00492.png,09-Apr-2026 17:34:08,205.75
channel_2_image_0_a_timepoint_00493.png,09-Apr-2026 17:34:29,206.1
channel_2_image_0_a_timepoint_00494.png,09-Apr-2026 17:34:50,206.45
channel_2_image_0_a_timepoint_00495.png,09-Apr-2026 17:35:11,206.8
channel_2_image_0_a_timepoint_00496.png,09-Apr-2026 17:35:32,207.15
channel_2_image_0_a_timepoint_00497.png,09-Apr-2026 17:35:53,207.5
channel_2_image_0_a_timepoint_00498.png,09-Apr-2026 17:36:14,207.85
channel_2_image_0_a_timepoint_00499.png,09-Apr-2026 17:36:35,208.2
channel_2_image_0_a_timepoint_00500.png,09-Apr-2026 17:36:56,208.55
channel_2_image_0_a_timepoint_00501.png,09-Apr-2026 17:37:17,208.9
channel_2_image_0_a_timepoint_00502.png,09-Apr-2026 17:37:38,209.25
channel_2_image_0_a_timepoint_00503.png,09-Apr-2026 17:38:00,209.616666666667
channel_2_image_0_a_timepoint_00504.png,09-Apr-2026 17:38:21,209.966666666667
channel_2_image_0_a_timepoint_00505.png,09-Apr-2026 17:38:42,210.316666666667
channel_2_image_0_a_timepoint_00506.png,09-Apr-2026 17:39:03,210.666666666667
channel_2_image_0_a_timepoint_00507.png,09-Apr-2026 17:39:24,211.016666666667
channel_2_image_0_a_timepoint_00508.png,09-Apr-2026 17:39:45,211.366666666667
channel_2_image_0_a_timepoint_00509.png,09-Apr-2026 17:40:06,211.716666666667
channel_2_image_0_a_timepoint_00510.png,09-Apr-2026 17:40:27,212.066666666667
channel_2_image_0_a_timepoint_00511.png,09-Apr-2026 17:40:48,212.416666666667
channel_2_image_0_a_timepoint_00512.png,09-Apr-2026 17:41:09,212.766666666667
channel_2_image_0_a_timepoint_00513.png,09-Apr-2026 17:41:30,213.116666666667
channel_2_image_0_a_timepoint_00514.png,09-Apr-2026 17:41:51,213.466666666667
channel_2_image_0_a_timepoint_00515.png,09-Apr-2026 17:42:13,213.833333333333
channel_2_image_0_a_timepoint_00516.png,09-Apr-2026 17:42:34,214.183333333333
channel_2_image_0_a_timepoint_00517.png,09-Apr-2026 17:42:55,214.533333333333
channel_2_image_0_a_timepoint_00518.png,09-Apr-2026 17:43:16,214.883333333333
channel_2_image_0_a_timepoint_00519.png,09-Apr-2026 17:43:37,215.233333333333
channel_2_image_0_a_timepoint_00520.png,09-Apr-2026 17:43:58,215.583333333333
channel_2_image_0_a_timepoint_00521.png,09-Apr-2026 17:44:19,215.933333333333
channel_2_image_0_a_timepoint_00522.png,09-Apr-2026 17:44:40,216.283333333333
channel_2_image_0_a_timepoint_00523.png,09-Apr-2026 17:45:01,216.633333333333
channel_2_image_0_a_timepoint_00524.png,09-Apr-2026 17:45:22,216.983333333333
channel_2_image_0_a_timepoint_00525.png,09-Apr-2026 17:45:43,217.333333333333
channel_2_image_0_a_timepoint_00526.png,09-Apr-2026 17:46:04,217.683333333333
channel_2_image_0_a_timepoint_00527.png,09-Apr-2026 17:46:25,218.033333333333
channel_2_image_0_a_timepoint_00528.png,09-Apr-2026 17:46:47,218.4
channel_2_image_0_a_timepoint_00529.png,09-Apr-2026 17:47:08,218.75
channel_2_image_0_a_timepoint_00530.png,09-Apr-2026 17:47:29,219.1
channel_2_image_0_a_timepoint_00531.png,09-Apr-2026 17:47:50,219.45
channel_2_image_0_a_timepoint_00532.png,09-Apr-2026 17:48:11,219.8
channel_2_image_0_a_timepoint_00533.png,09-Apr-2026 17:48:32,220.15
channel_2_image_0_a_timepoint_00534.png,09-Apr-2026 17:48:53,220.5
channel_2_image_0_a_timepoint_00535.png,09-Apr-2026 17:49:14,220.85
channel_2_image_0_a_timepoint_00536.png,09-Apr-2026 17:49:35,221.2
channel_2_image_0_a_timepoint_00537.png,09-Apr-2026 17:49:56,221.55
channel_2_image_0_a_timepoint_00538.png,09-Apr-2026 17:50:17,221.9
channel_2_image_0_a_timepoint_00539.png,09-Apr-2026 17:50:38,222.25
channel_2_image_0_a_timepoint_00540.png,09-Apr-2026 17:50:59,222.6
channel_2_image_0_a_timepoint_00541.png,09-Apr-2026 17:51:20,222.95
channel_2_image_0_a_timepoint_00542.png,09-Apr-2026 17:51:41,223.3
channel_2_image_0_a_timepoint_00543.png,09-Apr-2026 17:52:02,223.65
channel_2_image_0_a_timepoint_00544.png,09-Apr-2026 17:52:23,224
channel_2_image_0_a_timepoint_00545.png,09-Apr-2026 17:52:44,224.35
channel_2_image_0_a_timepoint_00546.png,09-Apr-2026 17:53:05,224.7
channel_2_image_0_a_timepoint_00547.png,09-Apr-2026 17:53:27,225.066666666667
channel_2_image_0_a_timepoint_00548.png,09-Apr-2026 17:53:48,225.416666666667
channel_2_image_0_a_timepoint_00549.png,09-Apr-2026 17:54:09,225.766666666667
channel_2_image_0_a_timepoint_00550.png,09-Apr-2026 17:54:30,226.116666666667
channel_2_image_0_a_timepoint_00551.png,09-Apr-2026 17:54:51,226.466666666667
channel_2_image_0_a_timepoint_00552.png,09-Apr-2026 17:55:12,226.816666666667
