cell_id,f0,f1,f2,f3,f4,f5,f6,f7,f8,f9,f10,f11,f12,f13,f14,f15,f16,f17,f18,f19,f20,f21,f22,f23,f24,f25,f26,f27,f28,f29,f30,f31,f32,f33,f34,f35,f36,f37,f38,f39,f40,f41,f42,f43,f44,f45,f46,f47,f48,f49,f50,f51,f52,f53,f54,f55,f56,f57,f58,f59,f60,f61,f62,f63,f64,f65,f66,f67,f68,f69,f70,f71,f72,f73,f74,f75,f76,f77,f78,f79,f80,f81,f82,f83,f84,f85,f86,f87,f88,f89,f90,f91,f92
0,47.12654222433158,47.12091878251549,46.82530073589914,46.814507630130564,47.12447313373641,47.24686671401663,47.57689884778949,47.29302266694089,47.25217549564504,47.1829403256709,47.295619402989445,46.90193653776147,47.74135483043018,47.151322877224715,47.31318356176136,47.32032991193812,47.36722053165019,47.182631282622424,47.270686885332644,47.05433614343082,47.268769200362144,47.553767230081064,47.05385370127145,47.10497439508483,46.94468274835039,47.17854388649832,47.556964901844815,42.95114109661434,41.77653629194095,43.110782406884255,43.818224420097636,45.112106688896056,45.90203490748531,45.993705072461296,46.42009205694679,46.73766319916484,46.79163552546788,46.479770972452464,46.60956772887049,46.54941675112098,46.74924395532876,46.62957185168827,46.518876749625264,46.6775203020016,46.650371738247784,46.33760709188584,46.81091304234592,46.825144188434,47.304640222226205,46.98745940821299,47.01882936764443,46.5367738013277,41.91716545168562,41.598226380895476,42.39806272733329,43.383533169750926,44.23111331519263,45.19960796810672,45.90397289152015,46.40260093279993,46.31554166525681,46.81775753855067,46.618276124507155,46.49258802654592,46.478501324097266,46.585126541067226,47.05364951745988,46.784511157033684,46.412022888790034,46.98237471455086,46.96612872648948,46.95536710642531,46.76730405450404,46.57314433848876,46.721990464921504,46.87383867209702,46.912680770648834,46.71495069068415,47.02475439072222,47.00845952550088,46.89570801745943,46.890431880561735,46.77468869826915,46.9437107078344,47.057754739802014,46.9528763585621,46.64250004368967,46.66585719102776,46.52976689905877,46.65438970972633,46.59510514729064,46.71863315680877,46.55003911399441
1,40.425148303552724,40.444388181950224,40.37664118426318,40.320168857378974,40.58925333382457,40.75925402512232,41.065931463784146,40.69405787588959,40.58342007793533,40.85655150991049,40.70371176145507,40.55959878309708,41.09489631966229,40.58827652777231,40.87450553721056,41.03314749983491,40.63656032955212,40.60595902418654,40.720209311862305,40.487289211962505,40.98599840083405,40.96092887873795,40.63784146553097,40.76789463351282,40.43710831025145,40.672710476235416,40.97831652301385,40.62129012150717,40.33814886781129,40.47542064264112,39.91479436316301,39.80090234550733,39.96917094376552,39.70770377983105,39.63147217593013,40.27778836839166,40.08105975282624,40.08746465735436,40.270210649690675,40.17017026003913,40.3177749158984,40.33558597215739,40.421777256969904,40.36948284092475,40.40498844634854,39.834294795952836,40.344710248751035,40.2688705680354,40.684937354362795,40.540617465448,40.736522454981994,40.880699995318274,40.95547346122007,40.37963314275038,40.03698269750771,39.493658678409915,39.482737675892274,39.51280855532659,39.49103363852397,39.67471955584651,39.49534993846473,39.994562477694295,39.951678730808126,39.931918872646236,40.03138731237111,40.18224733992941,40.54709177339058,40.44266582804764,39.878551219251555,40.36451815600862,40.56262869607626,40.504624366162176,40.19142760230391,40.213043628860696,40.23519054161796,40.38541765293839,40.389161051531154,40.18175732751264,40.546376662219075,40.46946019989251,40.41679479983778,40.241589583545796,40.42601873301012,40.4444537061657,40.493899191929955,40.40218603507652,40.05584287421688,40.43725306625067,40.15251084150294,40.38425367745198,40.315840010848554,40.39660850658202,40.37216957694152
2,42.15992078678642,42.42272626748164,42.02286463111984,42.02272883386844,41.9090172450721,42.264069590148345,42.76489845448996,42.37271880393186,42.29233567737687,42.108299049351025,42.02396911569815,42.16033601707383,42.80999160564219,42.1865972854384,42.509051086318586,42.36663974237114,42.27366725284631,42.331186190348205,42.43927636579704,42.22683963291977,42.56881548911048,42.70234272018357,42.14761213090259,42.4908050565951,42.174755326235264,42.420766931686245,42.75026424917781,41.92678563977221,40.883492124428436,41.2768223343287,41.04691193596541,41.49109836914492,41.951397866500535,41.671285614048074,41.890311627585675,42.14986756485381,42.016190299323746,41.938705402533515,41.90618472089372,41.73114260026749,42.02031253581459,42.24980548540689,42.20972191340069,42.179649451369094,42.268262086560014,41.85730430918124,42.10559123857079,42.132360306486056,42.48674913353997,42.352926313309894,42.37635967612096,42.3431813770982,41.04245719850652,40.91579486749594,41.08307279595117,41.01346433922454,41.288118877605775,41.50131912172254,41.54451958212254,41.5312140512439,41.58097035382994,41.76531774369068,41.793333460576555,41.69600651068812,41.66714506920635,41.74781737501613,42.28075250775297,41.99103189070858,41.627215390631996,42.08405925733466,42.16899042601239,42.14314058663962,41.870514174726246,41.728344119767804,41.971460165893866,41.99698583754414,41.82861853398602,41.459737043847475,42.1348957830448,41.98628805260061,42.01451014474343,41.843066101751255,41.99113031541096,41.94909538805864,42.09064709267462,41.856534511018246,41.688153705088574,41.89617744711248,41.66797984824983,41.883234865715664,41.60257989910337,41.81332294269644,41.69016562539955
3,45.7190554453244,45.64408733843948,45.488904047756144,45.533482201497364,45.571840267130995,45.847734361490005,46.164405451407994,45.64923483988497,45.698418118451656,45.77369018611761,45.70896110456219,45.41587953230776,46.19166842811801,45.60502103863404,45.84914985422039,45.88247417599568,45.76116650898132,45.734543790731045,45.69612124877254,45.31753784092449,45.68444250575183,45.9761169841252,45.458290953358016,45.72602107659449,45.39319508059349,45.67836677528983,46.129678446479566,43.615027893265335,41.34672231543196,42.088039454945175,42.413560142561685,43.22361099487169,43.96120549392195,44.041764861715954,44.46869473404359,44.85218693534563,45.10220478016869,45.073555962803745,45.002050448306974,45.18188915778949,45.444997965371854,45.30291374911654,45.29939924868688,45.44580289112621,45.24354387932753,45.034784775209964,45.353440568860584,45.31090017881397,45.75752889500861,45.328216504050815,45.68857583509706,45.74276200673459,42.720063816441666,41.06819416581711,41.898046825499186,41.96825944899102,42.75657129644616,43.47483626398134,43.92931339924073,44.26441259512179,44.30592422734032,44.77611874135288,45.02655599649257,44.77979339000145,44.82042737957866,44.97616091166483,45.31539254431245,45.23014775477167,44.96996378361235,45.09287005530276,45.41454553079709,45.25565180341609,44.9696703139987,45.13102164332126,45.08585449021849,45.12849602658588,44.96334772626459,44.89128720214037,45.33624586048452,45.025637364285345,45.06721938418892,45.22036822981609,44.95353362433817,45.17525974897309,45.07092483609006,45.11740250550291,44.54908965114339,45.07515841373339,44.97466757682815,44.98281222635982,44.97509617491733,45.0613649309856,44.968908454242566
4,41.31719062442541,41.30534599567873,41.2201275246422,41.1275165639011,41.01946348006385,41.405678395594244,41.70532984176455,41.3122390451295,41.17402165941315,41.30029269506798,41.33228156921206,41.08891138734556,41.86464385724411,41.25190570626875,41.55543080430208,41.432426209608515,41.291157863178626,41.28191280389414,41.40905817200356,41.10102490792102,41.40779742720036,41.45460654083978,41.15375722500258,41.290535858013854,41.00098834871806,41.334518493902856,41.61163084466003,41.350721869951485,40.78778366121498,41.266440761984256,40.72140552976406,40.85263055794729,40.92672637048286,40.61607189172182,40.672265823047724,41.058758387100056,41.06377975220793,41.03651685072419,41.005263115143734,40.851431400490526,40.93240749021733,41.078736091858254,40.98465763627615,40.962257935747,40.93720136598776,40.626942045617945,41.10179864920291,40.91672435331364,41.32837426534339,41.21708156938891,41.28102576532943,41.54548066268222,41.51879650379496,41.050554010681005,41.017483826379326,40.64066423305049,40.41777799387112,40.44097678835036,40.42862193732781,40.70366473704697,40.378377391615274,40.84901093613025,40.75065449484971,40.57705572773205,40.702936765325255,40.78137360638905,41.07240709853207,41.03619742563804,40.71730954406671,41.09223233598277,41.079846423661145,41.01272736169026,40.844691416043375,40.78665975665359,40.9282125669699,40.907985869849114,40.9717857327419,40.69133019745472,41.03106119544788,41.15238882938711,40.956390380067,41.00476849685376,40.96725661152057,41.25914345051715,41.06968969260504,40.905691247867374,40.608481167722466,41.04995612381751,40.69500905919893,40.83457756206949,40.844265691901334,41.005284249863884,40.99254277275645
5,42.840128244689375,42.799245909207954,42.548159355301294,42.750034905526896,42.77638571442011,42.94539447089871,43.20842482901858,42.97038404613423,42.82995149834207,43.046607944610614,42.888239037225034,42.79906461912529,43.33268513205463,42.85003204236242,43.24134717151579,43.16042890284404,43.05527710534903,42.99256884765087,42.90291424700968,42.872993428606016,43.104146558322086,43.33381405944201,42.86333919142758,42.892422379589114,42.72509767398232,42.93288260793141,43.390204312767345,43.06923989487897,42.28400059111329,42.379603578512885,41.97915254228252,42.21948958151359,42.23345274173991,42.1155598429269,42.272300789975155,42.51464793266015,42.44876573594042,42.46647054124546,42.4384791593953,42.43384899775431,42.70375721156206,42.407504339843825,42.560206304190984,42.82885752292195,42.56950337921631,42.21762407552409,42.78384726749604,42.56055712232111,42.959276264139504,42.766604810197876,42.94059789270055,43.069269058386666,43.020073864751396,42.26151801573218,41.882379239060086,41.88987741819901,41.73039871191907,41.904987350485406,41.847744556895556,42.21009154340962,41.76277402253668,42.2799120074777,42.256174075597286,42.14496204539263,42.242217846349575,42.37137801457556,42.74544179173992,42.585335684931636,42.17841424423732,42.63349233686737,42.65682881907115,42.67390050032848,42.40037903963887,42.35383119965768,42.36247831616191,42.46555910842596,42.44034571884978,42.28594822650084,42.64534785632141,42.593046181000666,42.413183648769866,42.515166304444236,42.52432474808202,42.72014113812243,42.695314506898924,42.52642491492332,42.11660318818532,42.5554117931487,42.37141545802775,42.474593863269035,42.359522101718,42.580386234144186,42.39684733795671
6,47.08116581186793,47.159968906466865,47.09337656413738,46.95773374929973,47.09581594138774,47.167007421650915,47.61464155325037,47.44688324181322,47.247708228489564,47.45145734911497,47.321261325857535,47.08946183264687,47.895738748600394,47.42748103341906,47.40450984356225,47.33369749947133,47.285692912264125,47.312346664779795,47.29414167441858,47.0986579971674,47.44610425245993,47.64172217702097,47.111884840823116,47.33128903047032,46.96062344015749,46.96465807290947,47.529824963389174,42.2179557944257,41.89354709852769,43.38459014452136,43.79972549407178,44.769798713928644,45.284524030665715,45.4287040047404,45.61021146412136,46.193783454998076,46.22627897848693,46.2617561785447,46.14063457519409,46.25327530996518,46.687349521357945,46.606100389729356,46.45370142073354,46.33827890016382,46.354373034707876,46.18696975705098,46.59580202138068,46.59909249679492,47.02929971569461,46.65801016502187,47.044914070972546,45.82430758833341,41.92581540528974,41.70329728800508,42.35409805208148,43.00251106543452,43.57591922996819,44.24657374651499,44.50027515308126,44.86850429059251,44.87675989007613,45.45271462763272,45.40769000806921,45.4031652340164,45.43021811983424,45.44450514943257,46.001816300065414,45.765966821472226,45.44831822329393,46.00678604121145,46.05011667872909,46.10945281865848,45.59746775416967,45.825945371070944,46.178037023056504,45.90265391628758,46.08358646215491,45.842470210924034,46.34669166563175,46.31881055939455,46.24700458404838,46.19072008059203,46.23586651257417,46.35316494146196,46.29130844340264,46.24595104133301,45.90826464209822,46.201259955505165,46.083135350187085,46.18084068811736,46.09168038313678,46.44788764740625,46.18022517041755
7,42.9924621337842,43.078242321122474,42.69403783559706,42.875818729038244,42.98980481695765,43.11906301668513,43.41791054356718,43.17209155739698,43.11321471966283,43.20089762269957,43.10034679753433,42.891355804936865,43.675744438939894,43.100642969953874,43.25841627326579,43.33029444298542,43.14796859567282,43.077594343300504,43.18864995381685,43.08493599106237,43.30551703273247,43.321416206552286,42.838789119143534,43.13803487578719,42.92152498752023,43.25001981777669,43.35562294447488,43.220707210292,42.45059125229684,42.26125522768209,41.7679249191385,42.15641497392058,42.28893801029858,42.324165885680934,42.38013978592916,42.71933115501317,42.727515900048274,42.8537353718063,42.73828449428064,42.6968503687886,42.89633967250409,42.75175335191512,42.69320370216674,42.822434557725884,42.69780825804321,42.17970857170078,42.74018831897708,42.76985305818393,43.10366829379768,42.8296148057977,43.098645712495085,43.20651313247489,43.38607500034669,42.10978968925817,41.57174305710508,41.75913895584585,41.761861489632906,41.833912650027365,42.11616713020788,42.16123076933709,42.115773792576796,42.70761573369491,42.49434420468303,42.56813366727528,42.39549553670855,42.591502489095205,43.07732895717608,42.89201797314453,42.467218616978954,42.927562640129096,43.04008004967962,42.945477318015065,42.660099014766395,42.64093759367512,42.68294294407334,42.533317646254936,42.6548577828916,42.35857979103938,42.8816219608283,42.838333069522605,42.62219420823463,42.7704586154392,42.59220392991791,42.97006603736579,42.867242648805856,42.76994319258593,42.497550934070716,42.78959054522236,42.51602152445382,42.7207791371817,42.468681889610785,42.71714476943392,42.64211595248178
8,45.85349141252493,45.862605932750625,45.84864532627381,45.71044469380398,45.90359717657602,46.05391694679785,46.416429424115556,45.98278461272546,45.98635696282303,46.00333066822771,46.063406997558985,45.79987248507632,46.59650227169434,46.05680608960398,46.18413488160548,46.14855010597586,45.92790693510412,45.83534445697148,45.86596020770095,45.84584882495119,46.18910235746641,46.22964129446578,45.789354742250026,45.92376849439042,45.720046540617496,45.84879824653599,46.29395321446727,43.92059385449857,41.294095411013714,42.2361384884069,42.54464304923047,43.33795591395963,44.08590256006826,44.18290373448535,44.539882857535,45.04450561517646,45.09768566130325,44.98466472967501,45.12005369892059,45.170171335996685,45.19445616524808,45.35949022167169,45.3664919997947,45.542961902435735,45.233353560840676,44.959625460580284,45.50993498849043,45.46903430256523,45.732609673333144,45.489865565217485,45.73336650508377,45.83304731069557,42.26427678992493,40.75657141686888,41.37368618371093,42.1371975633336,42.6458845509373,43.25741321461255,43.91291022630629,44.3732797937092,44.27834397835495,44.70497062671715,44.7517262021223,44.68149385246152,44.6721555823313,44.93453270510225,45.11297350665644,45.07849949509204,44.77945219483965,45.341120941492285,45.445414348703494,45.360921032150365,44.99764698362491,44.88051155258291,44.91798981978998,45.02992635837842,44.987791981047984,44.93337796190289,45.253534285927635,45.013593839214,45.108794228287856,44.90933631887883,44.862113655669724,45.23561924165308,45.004133265359016,44.9624731341676,44.57089946996184,44.93609193572463,44.696747480091986,44.87229838801684,44.6949924759517,44.922162151481075,44.75997031455794
9,49.323221983681385,49.26210068652817,48.98971203041021,48.989378638143464,49.22410057102652,49.470119458739234,49.73115066300499,49.3723625692336,49.43401044166259,49.47550043891132,49.599716296702375,49.2526310443514,49.88508991498249,49.62640808518358,49.633945488521206,49.63742258388796,49.50391094747008,49.559434790776216,49.439129445520294,49.25889377461714,49.70525850388506,49.77689562287904,49.267540325907255,49.58861298003224,49.290446575224145,49.38660244032643,49.65952044214243,49.20534354841786,47.32722919425974,45.21692282272552,43.91743091116427,44.15139853228678,44.870962890094106,45.051304152277545,45.777505206503825,46.544196855697095,46.873287788091595,47.049544951063886,47.39695835206657,47.467182221356204,47.82677488575342,47.708382425389495,47.73871310277416,48.135672306193754,47.97216624728288,47.60504513548572,48.25142018510878,48.350340682345106,48.770257094515,48.69540366986972,48.88372514200242,48.914896894323626,49.10516767461336,46.48213616860002,44.09975456703533,43.210322131892674,43.521474022295884,44.13638534340648,44.68665336851411,45.486956144996796,45.58023906455429,46.388673325481975,46.736126538208026,46.70356087564643,46.769091538138746,47.1776731859443,47.59986482804291,47.42042171654309,47.118670381876655,47.66544300454243,47.80811981888511,47.85531193156356,47.65039772650472,47.69844003058225,47.738575364698185,47.98691993131663,47.96547019239142,47.84600789222388,48.430418905128825,48.22154123749487,48.25313575410896,48.30993309928985,48.23675029969734,48.51274299531823,48.391920382431735,48.43182722024148,48.067502608920805,48.41397090760095,48.235962718586784,48.39962958871354,48.31966811650112,48.53632373813813,48.53586849580037
10,45.13739507885962,45.174384907930296,44.99652936706212,45.20518312728766,45.18642784203887,45.30930617320976,45.64305974423954,45.41442984700064,45.30394529354104,45.233631603350645,45.24269482195628,45.06226705732548,45.72920821697847,45.34188547609088,45.31457046366339,45.52120669070151,45.2728151918088,45.20027950030835,45.28787950527643,44.95559739043011,45.40162384298992,45.55652681081441,45.21294811315125,45.12680827750389,44.9854155429951,45.308735532657266,45.69001812739319,44.60558355248428,42.413659587951635,42.839807190567285,43.025679765994425,43.48720187805494,44.089149995867515,44.19970959064886,44.47914680742864,44.89300484505719,44.861637992250024,44.81100409752469,44.78640256954796,44.683745896832,45.0941826267417,44.72553002618575,44.76555240025096,45.06533863454081,44.91769621266591,44.53024286275424,45.038176232561746,44.85307855589521,45.28110923335388,44.96362826417922,45.248920371015146,45.45412174218097,43.9415930995742,41.9365800139351,42.30886892400528,42.76208890973279,42.90954407993506,43.43330867989329,43.80552078618609,44.136221732341845,44.01307230217072,44.58231584449605,44.489703972136866,44.45517523054412,44.4513705501221,44.54809595054752,44.91462362928502,44.83395150011965,44.30353086194931,44.88975889284256,45.15123735546059,44.85921460991128,44.65025419392757,44.556831114964744,44.64163687377429,44.74428595453474,44.626828119031025,44.47607048925733,44.97223505985405,44.7780602938088,44.592647718974106,44.69644611884832,44.68543979022805,44.97921587286375,44.996354956257804,44.62677175882396,44.349916488926226,44.69728703021056,44.39550431996605,44.563800379967645,44.50813130524593,44.684152954254245,44.67973047428842
11,44.27524891277475,44.254904896370746,43.99076641417341,44.14630222439168,44.30956994239724,44.337782426349385,44.81209434303706,44.386093872204135,44.521403725139514,44.59407952381457,44.458858596102786,44.34787768512774,45.096806315111095,44.55717146808865,44.64212658349434,44.705389822183086,44.620687523912544,44.6691722257323,44.503886940299985,44.43275790259559,44.71038432923568,44.92665154052651,44.45305474321836,44.510423255244824,44.26510761470418,44.54215308104874,44.894999132529385,44.53000120067568,43.29468759598738,42.762760539479586,42.281659747360514,42.663726725758124,42.89540000740613,42.981311356687165,43.17257195283131,43.75821536228039,43.83700470922143,43.80787532063598,43.84192500530909,43.907592843140186,44.16817094391712,43.97421565270232,43.97758674891137,44.09224468162308,44.17465924516586,43.76444555308132,44.14798866771159,44.092246180933145,44.44795287598572,44.378186202592175,44.42993904759118,44.72833582743499,44.56447576821989,42.81075371995024,41.98004237713088,42.135144450100334,42.23678276404637,42.50226105266827,42.788445536295484,43.19114634313686,43.040922362901135,43.630187519004885,43.582916199252224,43.46940212717056,43.57954575902548,43.73461410997203,44.13170499526631,44.042325953437796,43.611294710340644,44.15058799294286,44.076253193703764,44.124902475891034,43.97675058925964,43.83195358044992,43.85096553242108,43.978238903669514,43.947052609860044,43.85076727647336,44.20421048104488,44.16844955200662,44.07120831115052,44.071627741575064,44.01063409823762,44.22710425406929,44.282933042674976,44.00202980133289,43.73634836974093,44.051884269905045,43.838977896770814,43.945127858941404,43.79214761075889,44.15103635585574,44.02861475190443
12,47.39367780361376,47.46681465920622,47.50468812761928,47.50663751682824,47.532508476293586,47.32443112906034,47.78625124965782,47.56513441606985,47.374681397518266,47.569637949132876,47.473265807291355,47.259698034385444,47.98841781592203,47.295962706990345,47.3493099115991,47.33427168685147,47.219360734236396,47.44144652879431,47.36364253845444,47.24518197087641,47.49266812463524,47.557856426509225,47.022182277236325,47.27373776528689,46.97998012725553,47.25588884224257,47.679403607394775,45.10658891962825,41.80432873925367,42.99306276735014,43.486666350218805,44.40735674844582,45.07721006248254,45.39315110833894,45.77267453568754,46.39464947875722,46.4743377512341,46.62270514928821,46.458386563645426,46.53051216651023,46.917747580614254,46.76747435351168,46.646210962379556,46.61951203765209,46.67848269485499,46.415010343409584,46.73062242540617,46.87824372473973,47.185821639274344,46.760267326984454,47.171156895486845,47.26024673813822,42.84043000909279,41.41185419887392,41.9936062612848,42.849858751841616,43.64000715975818,44.235118857497326,44.91123037041813,45.50166811162783,45.63750136121393,46.07531530481372,46.04776384007861,46.219980275145176,46.14100553748863,46.29727146376959,46.58870504601435,46.6758793978008,46.04580719362061,46.5961864327756,47.025356398770235,46.80839848969348,46.494528175735866,46.33899586307445,46.62326527934076,46.58713106951414,46.389650772713104,46.56555064846786,46.98554794558009,46.96454172829621,46.63973154691507,46.63498464310225,46.53906328485541,47.0368959232756,46.79073824504827,46.810513514307104,46.40983193740948,46.5146889695441,46.24997308300129,46.5345213162064,46.435831088873286,46.46907108166308,46.32077314062228
13,44.13214356008882,44.48931134792882,44.13398209139653,44.31361337896061,44.381098384451384,44.502648039789236,44.790656750123574,44.53567441372166,44.60715712154043,44.59572125844498,44.446623708368506,44.55635976861158,45.028423484213896,44.55856315414971,45.013146333109376,45.05187950176934,44.80498676570574,44.793513084059796,44.39247311030321,44.356768308054214,44.847411438530266,44.860349022782295,44.72182994803903,44.481532367885926,44.1908262029107,44.485459228050985,44.87462546843478,44.64018820265932,42.82588789873819,42.793686283811184,42.618586691017896,43.09591969085926,43.34392484882951,43.507052774160684,43.636552519728056,44.081549242433915,44.02491612827995,43.94350336324576,44.10900916086535,44.13510801433745,44.35867620835218,44.10217252492547,44.06077777906087,44.26548565958832,44.31716992038337,43.907623619112634,44.363516991176766,44.19233915584964,44.68959024165698,44.512536591246864,44.41267547831515,44.55760018463436,44.41337007196086,42.23348597262541,42.18238989132913,42.45349695176877,42.46793001746303,42.99514123825111,43.21132791371175,43.44333270097623,43.38773912690916,44.027626039579296,43.949182790951646,43.59839946078289,43.73684346398378,43.7484652383649,44.293349530965756,43.99771413959172,43.6668398576644,44.12607019243063,44.357948331730604,44.298821459503706,43.96593583738722,43.90975733894941,43.999656041080264,44.18279358610476,44.0669599776132,43.78068564400215,44.412225504089214,44.297596709034,44.04849877020467,44.33961635005958,44.0963393974697,44.445918502482584,44.34250342405032,44.16972301898384,43.81998395662618,44.293811947975016,44.00870382649113,44.21403859038216,44.078704435655304,44.04471639515344,44.14944700574842
14,43.86662637345927,44.12256084047899,43.85578273378497,43.82374772406051,44.007452411990414,44.203255905355185,44.53573592234094,44.14838768997095,43.91479356608936,44.034350743350664,44.058758207709616,43.854554378589086,44.57220198081142,44.130571005767656,44.18521513948205,44.35357154002929,44.14077530029682,44.02471981340788,44.14387383003048,44.03537437506114,44.274654831384815,44.56039948951094,44.080898090485064,44.131509502883304,43.98934873000609,44.04705672388011,44.460027353054876,42.33535575069886,41.58681497965809,42.16810953908041,42.22183178576314,42.66763710649963,43.095589644902894,43.036312478809336,43.17499266365013,43.67326334751502,43.50417337124285,43.54410909834802,43.55686951330542,43.57367693565884,43.70285313065509,43.722091097486434,43.74026850272621,43.765448305064965,43.75936051040324,43.30320798944147,43.75320272862285,43.77283875591806,44.05820757313412,43.933331438974186,44.06302304928096,44.0556464111753,41.48219281161949,41.27740573001103,41.579774267804204,41.812680915301335,41.83086074441797,42.22990743779377,42.5703282759352,42.68755513472536,42.51034233809207,43.04118780608623,43.08307584201526,43.07561066310789,43.2253659891045,43.20182124608209,43.552806207623405,43.4707613436123,43.139660649754525,43.7155639870234,43.69148066315628,43.67325773972398,43.351841671158624,43.2146702510018,43.41400719917916,43.46024938375518,43.40310768841192,43.30248166024085,43.796949321924465,43.53122614643816,43.68609843845294,43.53171615496694,43.47811983262703,43.79455894081258,43.654419625579976,43.52064186197392,43.22489298623308,43.563992025561674,43.31240143456018,43.53415799746392,43.251964054228004,43.57967424567578,43.427372387553966
15,42.45352515194557,42.48541970563042,42.067737803601915,42.258481132658346,42.77895887862367,42.53386104383356,43.29451236448036,42.6760904293422,42.69243242889958,42.76263398325228,42.7284356318499,42.71037706868258,43.25206131573892,42.69988745753976,42.59728608945569,42.99140854031427,42.76765134733457,43.096369097201524,42.695725388905316,42.6158200757521,42.975346826076695,43.12074079306655,42.604885502205015,42.852232570656454,42.49718840898395,42.84517322368763,42.706989744625105,42.74710277117046,41.77711285227718,41.41224827498393,41.14200918825797,41.36538367171897,41.83184448338762,41.95968446856813,41.96089041012289,42.552910462656314,42.32180226555205,42.17163967181171,42.23595907954797,42.34208690918395,42.71435607825982,42.39518618725153,42.522573270095535,42.49043665198357,42.46294190374777,41.86011568520646,42.600020318356655,42.439500524352006,42.764562397600635,42.517026552935285,42.737632570341724,42.822980737669646,42.841375543362865,41.18293047510541,40.9750731825337,41.003789782712516,41.196087742691084,41.253854169522334,41.469655172281364,41.9653733074485,41.74604664349739,42.04982586722477,42.31082773788636,41.902877208968256,41.86213814436584,42.14741745895271,42.67687394112898,42.145880877769315,42.22506668299269,42.51097579053545,42.43517893669347,42.315093044894404,42.03810060772103,42.177552698589125,42.047092627535804,42.0973451216148,42.461324583263035,42.0753161580458,42.59912289158702,42.418949639791634,42.18371683604696,42.024989558963455,42.32104558313733,42.65453664079503,42.74631686569456,42.43663357031461,42.081684875090644,42.38608155222332,42.13492797700379,42.395741346673965,42.06480283226537,42.356925306326886,42.43385224445476
16,44.09857710117321,44.273566194764555,43.87022858350688,44.03164458234766,44.11977034999945,44.1354491029641,44.57052873527878,44.30256384853221,44.21481150315184,44.13499713307161,44.068223169554834,43.877153912776606,44.60876928356353,44.05711348028603,44.355694266556156,44.384211009332056,44.20969625019115,44.20717756147021,44.10118786330571,44.11838400924366,44.165133087363564,44.18157092036034,44.136208314540184,44.01467700337908,43.95552698832425,43.974265777834546,44.44947757647547,43.394339917116895,41.913360456118575,42.62331087809657,42.80138461169937,43.08525436151737,43.63851176926607,43.45800219980089,43.66344237046093,44.00563682436271,44.00766615382179,43.94213474027303,43.66229472296502,44.05997878511231,44.028709903682326,44.03692104606017,43.80809765488242,44.03604825316707,44.00947416388375,43.32140342004891,43.773615271544095,43.831298050973,44.30000483003812,43.87109214871249,44.08164126079398,44.19279220805066,42.11103299017527,41.81335169234222,42.370011317773304,42.607402763019806,42.690655272988806,43.055598696403344,43.38570621486615,43.36434453457353,43.298117614486806,43.48897602480307,43.78925056698866,43.502839977540624,43.57975186411586,43.4963193058505,43.82363855696124,43.72169655990853,43.3525280507177,43.85309993452123,43.811049722213696,43.937825477921045,43.65800266435035,43.627326386913026,43.55098852750475,43.59235371447042,43.668124303228446,43.53191208953549,43.808763998592916,43.681282289196844,43.68151161830505,43.49156873562021,43.5642127083548,43.87861648270161,43.72424635465333,43.664475293518514,43.20600822949758,43.57410772293125,43.28707409175825,43.571266229398944,43.36826144055264,43.462154728315326,43.44942992700184
17,41.230559405165536,41.23617042595517,40.83820417021127,40.97252303233249,41.08595037859675,41.210202763950164,41.717630825234004,41.24708048662894,41.2388393967018,41.275327850501505,41.25716266209876,41.199393410359825,41.924966983456734,41.42463568421477,41.41392450234179,41.37356479158821,41.33980400510238,41.337154439605875,41.29435840891098,41.159638810447596,41.66639630529849,41.76212868243728,41.12436508342103,41.31515000945478,41.14415602610029,41.577069674481926,41.6368893229443,41.47831097550384,40.951667802262556,40.79275482952896,40.32843682989951,40.53279094999816,40.61975342041111,40.31949771712873,40.41074663233398,40.92955743953546,40.87689062933201,40.79536203376786,40.649915780382145,40.644197951501425,41.00587413920246,40.78518386706508,40.99631571902108,40.95030098744743,41.353716271180225,40.563839810621396,41.03576857900599,40.95582238119402,41.18955861744892,41.10551342455524,41.07839054366828,41.27272796837373,41.60890594470323,41.09026719356345,40.638017478259954,40.38780562244613,40.30871219251775,40.35400276327689,40.39999625302054,40.25705055588846,40.09856470554636,40.69086031046933,40.74841457824592,40.46114186845559,40.564186475340016,40.64667849318737,41.35259682837847,40.8564027809645,40.41100569605963,41.02627832089802,41.01928784624974,40.853018048430684,40.84197222434,40.49582414775857,40.839635195939245,40.58914298358027,40.90412220421644,40.64456260275898,41.17330581179307,40.992033933551035,40.900329302121634,40.921731868669,41.02325387799878,41.10377564081223,41.16747127665824,41.103385307616826,40.616063934435815,41.01531471427983,40.800981451314215,40.93412036488549,40.87922756617923,40.94454216641727,41.02806022308282
18,42.369287155969985,42.657112903749905,42.338344929348814,42.3634944051475,42.35718315573877,42.56811826186652,42.997963779331776,42.747602870366485,42.41795033748848,42.59582659578464,42.63609093299745,42.40624452147247,43.12553964301819,42.60846553156306,42.855614145981654,42.69479446381707,42.62301105569286,42.46311498561279,42.6763201332486,42.527588987699104,42.75324426559845,42.95413611021456,42.44750613555741,42.72347662542004,42.40750584547884,42.58648696184487,43.004172940870866,42.05242152881808,40.892533590013954,41.489278179054416,41.45130158909195,41.90224148665601,42.17216341503319,41.99066207066059,42.16016028933655,42.25146097814768,42.23776305885572,42.249382636804306,42.15123275488225,42.07644855364719,42.3597695723649,42.357214134885425,42.38552250411084,42.30780938075366,42.5156772642023,42.016373235554575,42.12248516693484,42.33902304546768,42.710756278071756,42.46214228199107,42.67859619390795,42.8113063057757,41.20701655207667,40.99656025070738,41.321485693590006,41.46402252385507,41.46226478046089,41.69373154477011,41.86174965568408,41.840511970553386,41.628814446184826,42.044576656746365,41.96264932645905,41.94444975257363,41.94914789622437,42.04432162649223,42.41198104089648,42.190898074015585,41.85883236560641,42.29517148378429,42.38431620560559,42.455866659851,42.18553963931552,42.04858167849026,42.1181612313023,42.26804322998935,42.04237401870822,41.955422274809216,42.46371713027719,42.19836302980357,42.314421092569376,42.15868888018957,42.16079935495024,42.41560373162108,42.38720096937983,42.304008607192785,41.97873060903923,42.17092373471138,41.96356007222836,42.128514630860124,41.9432679292615,42.19720860175782,42.0507116171361
19,42.86799578758718,42.8320265998302,42.478859640266265,42.38346042624678,42.646642314156374,42.75512766935609,43.12049096573259,42.74700076642729,42.696285753427354,42.96449272299422,42.804415532802075,42.69139515905999,43.40246424659274,43.06711955153391,43.01760181401674,42.96306767085755,42.78621978311806,43.01032685493435,42.84533780717013,42.93356112216737,43.28097753820683,43.224786393658285,42.88143395723406,43.126825566087625,42.821386635254015,42.89449676269116,43.22866368693601,43.04026491940469,42.61890291797754,42.45937642640386,41.6274320096766,41.393816942503875,41.51563226801459,41.33568121274048,41.33375442723422,41.94130295216338,41.884308223146405,42.02330871946716,42.04788496472636,42.16840441309498,42.30682293317933,42.2836155833021,42.34324246510441,42.32800318864016,42.388310349125845,41.878332153392286,42.600442578094125,42.40989720543675,42.76622780605777,42.643444485154475,42.65676459277193,42.91356565024288,42.99508954711179,42.38807985732948,41.80046714137707,41.481512212979325,41.07297709474542,41.15189552973659,41.03595722171638,41.30293850614462,41.055358949032765,41.660650498299574,42.02755252268928,41.73976840776128,41.709785346319435,41.86727779065001,42.35799281416878,42.20293259372581,41.89291629610505,42.423509791996615,42.372712356106575,42.3588044274514,42.141847357719364,41.881103923575864,41.93255469540288,42.1610356753938,42.180962317761114,41.99332741447574,42.31764980186973,42.38870520823117,42.218584762494544,42.20616207693582,42.176824285358144,42.424743765149756,42.30639792778948,42.32622222564251,41.98016652801521,42.209279244789485,42.05906351009113,42.213371315907146,41.96923032274787,42.0817014155701,42.26870280831346
20,46.97899796924388,47.25618220376161,46.765894283931544,46.6001983260634,46.61225280488259,46.74144872388449,47.186445422622675,46.69015947015529,46.53594273844242,46.35202308401467,46.778919744199236,46.19994656040784,47.02811681969408,46.40961233876505,46.68795698956274,46.46660165219903,46.14682137531417,46.404485828183354,46.29754920567987,46.24325360097807,46.591418799757975,46.732295483535694,46.05046963734357,46.126176118412445,46.106598877246746,46.14478440637218,46.62070344223776,42.251321990354434,41.92377107380526,42.87095342175292,43.28089510983554,43.93181262619583,44.450696968654064,44.52671600563675,44.931042157996465,45.59427074619496,45.35917669410636,45.17657794078723,45.50018800541914,45.52983300574731,45.80341380488244,45.751239690464644,46.055225998190025,45.879837577440526,45.8037726261476,45.46271081528888,46.01508642017087,45.917990771158394,46.08367643226256,46.02121425842657,46.06463967248237,45.60776271171524,41.74741229592583,41.57935477113246,41.89591901871937,42.31222636994845,42.56651164154474,43.348100526609926,43.746031351231416,44.1304689965624,43.95545245819387,44.47549406142479,44.44476604369805,44.242649163653034,44.25184121437098,44.66982604257291,44.67831869529724,44.63342542218414,44.23347882780624,45.07901468535784,45.02848298876963,45.0196156897951,44.51174618518386,44.53978689670642,44.58934684851987,44.54461164207338,44.268011467056404,44.596914882399055,45.0601217404149,44.55416253194511,44.55460000599361,44.581591574148106,44.514790141214,44.79242424951541,44.67648101363923,44.65418066523117,44.241448520811105,44.658275163617326,44.14248409544885,44.32386687535067,43.963785746605616,44.37463983940077,44.02956736641985
21,43.22761308663539,42.99191098343059,42.535619295881965,42.68287522336789,42.61982126222426,42.887881168243275,43.09173098320848,42.89313978977097,42.8608778305176,43.27150249337953,42.9943254611875,42.81009522246222,43.308895196144334,43.03336138533646,43.082048453737094,43.150620093045404,43.0332170686377,42.90218167166587,42.72166219966764,42.79416093264589,43.107524138505035,43.308168102800636,42.81933949010436,43.05340717952484,42.51865950153489,43.04828919022916,43.33649875001313,42.9654721690867,42.16480861173026,42.17568389437942,41.34423326602212,41.66904686676015,41.822725427719675,41.7404156259984,41.731959716478,42.23664936571714,42.14009518807271,42.140552233301904,42.14788275612979,42.21300236506597,42.501537768652646,42.22045033177129,42.29192849610371,42.450202820919905,42.48226591738124,41.989729340044306,42.57393873841783,42.26137761903062,42.61934389508003,42.44864017675039,42.78299924792166,42.99547916160019,43.029690292890436,42.02078668931631,41.66552180855787,41.54665114455237,41.13128576055382,41.39113062602216,41.5590489237443,41.74301848065441,41.31281212643296,42.107438570328824,42.013398802150824,41.804359702869476,42.029002649177265,42.20712808886024,42.575608469325594,42.41277171935398,41.9624386500491,42.3847594325691,42.63259432115512,42.388168600385384,42.21782725510568,42.17848606792512,42.10529972427204,42.163278702553775,42.07448067408485,41.908336787884316,42.344688513726894,42.42822011037173,42.558104305629534,42.03976050281748,42.45827304913681,42.729545428551106,42.3711810721913,42.246059031178305,42.00650970768061,42.414053425769424,42.13506826968291,42.197505130951846,42.20243889810579,42.16696791320097,42.35524422800643
22,47.793857485999986,47.59538246899707,47.12025996862808,47.6529116246938,47.855922315710764,47.623917191351694,47.844595177967236,47.39549400212022,47.403961258023955,47.81220544976037,48.25205846981846,47.960162277365555,48.73609348754163,48.22907049252184,48.330468323253676,48.48031709769938,48.50072083835819,48.846897779401964,48.55700959881025,48.861672882102646,48.61022776165598,48.97456188642823,48.629379894449286,48.8392216002485,48.40195556351321,48.455080610573404,48.86938395353366,42.89868203672573,41.16422713011798,42.890334784223164,43.41847568922943,45.05348138968822,45.61168350267782,46.53283591398983,47.271660401266416,47.36135690656198,47.61619531902089,47.46783792263521,47.52439279890405,47.47441976438771,48.21582518154312,47.72753396436305,48.037008412468396,47.79098757474969,48.23579811948226,47.69093692039328,48.06772795172145,47.99457301387881,48.32488872854098,48.46657834600843,48.01000281385599,47.797700230845585,40.9566179505513,40.64704544903772,41.06523732668436,42.75377835725246,43.348043941042384,44.1185065234385,44.63877661533987,45.350113752596215,45.17215357614029,45.66581364745975,45.9533483257363,45.60562075061855,45.83470628783383,46.30469916975214,46.49102139890736,46.20255406340051,45.71985566246155,46.382068155553796,46.812963055344014,46.39710889305354,46.491990201640824,45.912964567993846,46.336020843112024,46.33866937735057,46.44518127687881,46.248220375598066,46.59860803681102,46.59232614632839,46.20983810440679,46.28374838820264,46.2926360664852,46.58761146921001,46.599434058003084,46.67277004588623,46.21872862128021,46.26496897484811,45.99430168316726,46.122955369803606,46.44277927020133,46.51845284315105,46.811872274808074
23,46.8278484323148,47.039282973620544,46.79315194578573,46.96793458391811,46.82177240964691,47.06283535728741,47.56216723731298,47.31428637568641,47.12486776849712,46.98874700423853,47.084694335157856,46.76279837697535,47.637700069173896,47.1000377185833,47.330166684761,47.20059019577518,46.79944424710846,46.8713712013192,47.047275796126065,46.917720511884994,47.23782562016698,47.33099602081528,46.85630734836462,47.06872554276131,46.73220555837315,47.331996322749035,47.51689123910104,46.31721993577128,43.44984413286873,43.075509224243895,42.979746215241256,43.673338997538835,44.234758779920796,44.63693910120965,45.314760274290414,45.665705550930745,45.98474557052303,45.814766321666106,46.11843155829974,45.97357807326754,46.3517466447179,46.330893160514684,46.302386610523925,46.365107450850985,46.318206893589284,45.890311329320106,46.4052539113055,46.34553439383683,46.817066852842196,46.654988989696974,46.900262359022804,46.80860080246454,45.91120177695451,42.89660715036213,42.220149532667904,42.74918825865091,43.1785062285579,43.76247023953338,44.15752477359217,44.799482085990434,44.887510621460656,45.46028838332148,45.483205617176694,45.488881281069276,45.70229054961671,45.73086346365421,46.180834656735534,46.07004745589935,45.77359986280822,46.30493929993869,46.65526086315754,46.436778233244844,45.96374417124621,46.082294299050155,46.17986508634215,46.405336613416566,46.1043033713642,46.04296579231265,46.56665751952359,46.31977478035761,46.34879449531978,46.37715049601178,46.43149272654674,46.439176057935946,46.524553329729024,46.47350136233248,46.05441091839523,46.443648777785,46.03770352830682,46.286530332587276,46.17368772901202,46.30267782230025,46.23377695972068
24,43.29122619300259,43.33312322490424,43.10681603582784,43.31306640256001,43.25868377132347,43.364345806540854,43.82665418889596,43.692778282054775,43.4179112056012,43.31162303534787,43.605739425580545,43.38430864858514,44.197414021850996,43.36610189800416,43.87061827803903,43.36130802381415,43.63582928017504,43.53617100797606,43.4396803477509,43.25262076885496,43.66345711344913,43.67436250791385,43.5029056068807,43.49514774438037,43.167569298045365,43.615617681364135,43.721409290053806,43.01884964552165,41.04943853047293,41.918874608039665,41.82679821854705,42.347822045183044,42.44207506112262,42.685104870814094,42.927914505588596,43.220571063497346,43.03237087360344,43.063887161520306,43.1418033432447,43.03590931666116,43.19879985154318,43.06697498983701,43.03025852585432,43.26593349960267,43.25945725430818,43.05931176951957,43.179589418304104,43.09803334582702,43.32317004977717,43.30335745724663,43.297840382408914,43.80570973049525,41.786238065601886,41.184730643944484,41.43950182725883,41.829373403420185,41.86027970053452,42.14649664614736,42.680393574773255,42.503454769293064,42.463803801912825,42.713549002313236,42.81543800650504,42.79860070295557,42.736845749960146,42.82656765488678,43.20458503474643,43.10875079011279,42.69721950927605,43.177320225676965,43.29086915566723,43.285980657853656,42.92508623539721,42.819019284892526,43.12563802432777,42.987286845559765,42.94147336572028,42.819401342237434,43.348509640104155,43.27056306447673,43.25750286749713,42.93592609811761,42.98813803747026,43.3643822922888,43.12139978347031,43.144527680047375,42.74415581368265,43.020008078277186,42.78710762831231,43.20100568814479,42.84707136271588,43.020895007334786,42.855717018673026
25,45.19109143431251,45.28467712507716,44.94055287432206,44.99495743951832,45.131636356944504,45.21089901533224,45.60276130553114,45.26777488533818,45.27981668368901,45.352990168508306,45.21300999285132,44.94027328436235,45.76818820152606,45.32976648380648,45.42793609964734,45.538777794012766,45.15227157603606,45.34961268951168,45.33333205462179,45.06890024047641,45.336512034783,45.44749776217795,45.04826232456903,45.17526001410626,44.965953820728764,45.34713436231045,45.73062467473048,44.13310442892907,42.06843976365977,41.98959797334687,42.060140471570286,42.71017592340708,43.44112893605422,43.56798102635327,43.98233996465906,44.393974237129484,44.42366150939227,44.446338840185156,44.37953666128769,44.48839639212464,44.67923737670754,44.58467407673659,44.72334510410128,44.95250079867635,44.77898364218816,44.4253698448252,44.87181095926442,44.69619561609685,45.1362148530937,44.92737281817959,45.03316631381336,45.3357867655739,44.36494275797797,41.776867384847684,41.604618558550506,41.99166498656129,42.33614874709456,42.687587221445355,43.54705236979151,43.826875128057345,43.71049048380757,44.09885523673187,44.19230934881058,44.17193617627117,44.121532304127655,44.29836050485598,44.68410551838636,44.527471495375266,44.219431616482396,44.803667195186975,44.81768864984932,44.79371799135881,44.410572267426495,44.40791583518694,44.55375782097011,44.40392037227081,44.43237379597537,44.45434008548812,44.81081247512809,44.71614739379671,44.59501439442471,44.775599966357724,44.71989953360901,44.88059133351837,44.64015343352703,44.78819588329423,44.41302804984024,44.80239680940579,44.390372867915744,44.65153852988267,44.496334040629456,44.638487440499134,44.64921997379951
26,45.22505193155571,45.39897971606775,45.340729062807476,45.248433993589,45.29995762481372,45.540503417552486,45.887942580414155,45.44989930897345,45.481220008947744,45.60935099932167,45.397426274430906,45.44913460784828,45.89769791228435,45.54448268419955,45.69902711166897,45.42367625655492,45.51551141243949,45.40065832511153,45.33365782203871,45.223580260015424,45.56692632067917,45.58444868650637,45.28668529963684,45.5907186237153,45.02343556614226,45.32460375841898,45.762923649014816,45.34699869775891,43.34365574502711,43.35979652216708,43.49456403354336,43.96763205076138,44.30571427396317,44.37451469145265,44.67333430978694,44.848727443937264,44.97701310312102,44.98690260618149,44.76212321698972,44.884821953566664,45.04469907016928,44.80899608816522,44.981057550136455,44.959744692703985,44.95480605731322,44.67773611876112,45.044789655027984,45.06752727097385,45.42720245423516,45.07011114000501,45.399907481908706,45.585512010363054,44.757414580807726,42.5712584098678,42.756912436430866,43.121472607456425,43.3716349884978,43.72257610726109,43.99507273001001,44.48729005079644,44.290881132515324,44.721584610666355,44.72440230886257,44.49040162507848,44.699250899157605,44.55945850293916,45.09404590297656,44.95332804386132,44.507785220197675,45.03799443138816,45.019841841939446,45.03239660386848,44.67469835689639,44.52913022705114,44.548290467075056,44.78021358208299,44.72342475491139,44.543039339609415,44.96602148230633,44.91972417420732,44.79182318944364,44.68874236019305,44.72070103714596,45.081688152869155,44.896471769819975,44.850316816772605,44.49429715492292,44.815226781449745,44.58145510086799,44.63092995550622,44.54098307724785,44.832818222749744,44.73607445658693
27,43.42653480729782,43.277589290988715,42.93425765548222,43.08179071973078,43.12715300927267,43.002776843036,43.766082721176,43.20798158313869,43.16715041891544,43.328764153253864,43.061629164971166,42.90671157276528,43.633758595486334,43.258165082217026,43.39850002910709,43.29589443886424,43.33850573039801,43.166045394244385,43.35286684530519,43.00545958280558,43.662699527415626,43.440609059683766,43.06819234948552,43.21209764469614,42.996961547425855,43.48924306737039,43.87654308083346,42.139537963324415,40.51658319605698,41.22985695369006,41.35761646309758,41.951667804473125,42.22625831545015,42.61585300019806,42.77746383188156,42.839951121361906,42.89113964067527,42.962190805738835,42.8150130447074,42.82836105452946,42.71321851972193,42.99900493429666,43.055971112832474,43.15680279153594,42.92682975243732,42.72790181813105,42.892211353863296,42.85299195706586,43.32806119712109,42.953136053785606,43.22539611453012,43.41694876026269,42.03244579804095,40.52881280062501,41.07952669482708,41.213165219429996,41.50023593803657,41.767488009915425,41.945079534897125,42.471322661987614,42.21348466288593,42.567180121219295,42.707976392885094,42.31849450042981,42.484515401100396,42.690718332310446,43.16320753144307,42.99161233746706,42.566020978308465,42.839578922990654,42.997038761772615,42.820902597080064,42.80905520991369,42.677167654683494,42.83174930962403,42.75523047839858,42.86379518741836,42.690227323445306,43.07066787455363,42.969595851092095,42.92095822504138,42.78544757875602,43.04309851001159,42.96514570448556,42.966762278778624,42.83369834487838,42.67078649035753,42.804147477687636,42.327190818207654,42.63530372798712,42.635220669603825,42.705048425199735,42.65872062062113
28,43.140167719639166,42.98813627528618,42.84205964993413,43.05671127079606,43.12878264651662,43.41802982970306,43.84680829433393,43.17096846813101,43.10726910487619,43.18088561106286,43.216468021324395,43.036861840849895,43.731781427379374,42.978975238073225,43.330683576022345,43.16327210817894,43.128706473396555,43.29474496631612,42.98250275869606,43.02408676535853,43.09004788326821,43.526881673259105,42.5990924490133,43.049145248251385,42.912207228656946,42.963185348035516,43.25840816427857,43.13966457651729,41.818705586361226,41.748578596923004,41.57049608807554,42.028189907005014,42.37912599413044,42.45462757478089,42.416222506964665,42.94235043488952,42.725718596311104,42.74031728386182,42.899349290527574,42.7890358702667,42.75032554506086,42.709723123410654,42.68073039292019,42.82901365774699,42.661553865286535,41.967193899482446,42.78250174410867,42.69906767649342,43.18260658197222,42.90541108662898,42.91012821357334,43.217473471492745,42.942290040735514,40.92579404941251,41.0444196346206,41.41553629957365,41.496663211699854,41.61063171274567,41.87414489181531,42.09744799445755,41.90089623098248,42.4741448475265,42.52186484072692,42.60018569650618,42.47559878985513,42.5320406550134,42.83168105291895,42.70294725612619,42.35703051270332,42.81445789890607,42.79706298359266,42.724132461804054,42.51591004268404,42.30778984008392,42.28085816944062,42.519797725259906,42.39761067474267,42.421319507542606,42.91116824395974,42.521453262908956,42.575075559831355,42.53024795665926,42.59267261352912,42.870755798550235,42.5844675713474,42.535071584410666,42.44704208295815,42.46989660796992,42.18880336418625,42.57979727364891,42.29482354912372,42.63659221582629,42.524309003003935
29,45.065779753437056,44.855529803420204,44.486854313010404,44.38035269855707,44.52400864344732,44.66361832072277,44.79577196080832,44.62648681743087,44.43981448213146,44.37664363427424,44.538325791036314,44.275279758860506,45.11021991300189,44.54593195721351,44.82301209552741,44.51926023642898,44.58126270862795,44.47273697098134,44.63915385333293,44.28629842874774,44.50238633276966,44.78837182337911,44.39109157356871,44.56582188028863,44.17624284581384,44.761909562529524,44.45225271415408,42.869204481339644,41.850650313616086,41.57587300033871,41.571389890207314,42.05949649620655,42.18678341900202,42.29429198003473,42.61544313570287,43.18827673586086,43.0287645194412,43.20789941031174,43.16005856538836,43.31094379981707,43.51113621188888,43.457466402602186,43.831380621480804,43.88012733640099,43.76676396633039,43.27945058212324,43.81094346947463,43.792540420007114,44.161210763194575,43.642275743127634,44.0596322275487,44.15603741718294,43.74065605641129,42.24950337317842,41.589912307740725,41.579251128261326,41.80526172591121,42.126947985582696,42.21894878263393,42.557533161779325,42.48730536347413,42.84333617475666,42.805818558868395,42.848405205291314,42.83977970593269,42.974710972785516,43.57175530433548,43.29871033747631,42.87060680515351,43.35805628300751,43.47547767431506,43.388869907795495,43.31183789059257,43.06765355835339,43.21835936379362,43.329726141897424,43.31222951790587,43.13959673945827,43.436856827135756,43.4531377501626,43.27151977747347,43.22782045546869,43.15207309737743,43.30199302307971,43.384264359648164,43.22052074530222,43.09454163939474,43.21499521031625,42.99453560003124,43.26495193578957,43.16006916820555,43.27634259284026,43.14424696537031
30,44.639415846673806,44.829161313668784,44.78402589790104,44.55648525801499,44.51040431738629,45.07252528092415,45.35671970321598,45.05114478193673,44.90111219951344,44.97515767559218,44.90770913325457,44.564923932761104,45.34056919552429,44.69648606559086,44.996306131177604,45.02873231534877,44.71312329220683,44.83533683228289,44.897504982023726,44.801064751502196,44.887794197215385,44.92169832702211,44.606898281551885,44.68318555818882,44.43358552388112,44.71985295645453,44.901470762407314,44.7131015630709,42.722769162676244,41.638939445197074,41.904556142882036,42.470323765048796,43.1283251350361,43.17775281193369,43.4191144354235,44.20744837093227,44.221470497069106,43.86140673545301,44.123539403559505,43.946219902466105,44.211943815690816,44.403687799007095,44.42572286701678,44.51235375821847,44.013447414042055,43.8352714072181,44.50064943180535,44.10759361229677,44.44912141634304,44.284241965287926,44.43516712271293,44.84508476202099,44.10691694185853,41.365242913491535,41.089585570880146,41.30763586234203,41.60118131515675,42.14919336600078,42.84219693034959,42.99757110065618,43.091602167657264,43.72319947666472,43.83920418295047,43.59145036918882,43.58895491593736,43.793525049901994,44.22684123849469,44.29022511774135,43.63689211939811,44.25494100184705,44.33250647551199,44.28863124987941,43.9215939632342,43.79331655662322,44.353197842488825,43.89481212538972,43.97281864854791,43.87771865554916,44.231039707989176,44.24508272866184,43.906752464568264,44.049829082022924,44.018674956877774,44.49081923184537,44.22122508887949,44.02620214372424,43.92824216852709,44.14844314842644,43.68238217726995,44.01251395594135,43.843036049031234,44.15377900242172,44.057869964415424
31,42.72255773500742,42.629419567993644,42.31364870535049,42.44999339979503,42.34264008246446,42.54781230193519,42.98912930087031,42.44655943628984,42.46149805299892,42.767665165847966,42.39323836784551,42.29861594163263,43.04148501566372,42.65960208520333,42.725760195275974,42.87551817716755,42.43277140456041,42.34256366186776,42.722779280805106,42.27443710852999,42.790483978506,42.55201916492116,42.46478868925,42.36378024506735,42.24565711466222,42.58555836829419,43.273779253657636,41.84429640979813,40.86842508154688,40.824481696248114,40.570026231365226,40.88825457269428,41.26234518206481,40.923288467213546,41.22115245302683,41.90123170182446,42.1317313114315,41.74427184157167,41.85238105937991,41.75870475775276,42.17673657140645,41.9730705625975,42.42612694648621,42.33793070340877,42.41370634014404,41.66660409827884,42.15250471518903,42.26154463106841,42.337485262088194,42.32001080345563,42.49889303194188,42.61719524678298,42.68958285703554,41.21855633894255,40.78518289404786,40.92721894660997,40.698784142714906,40.853276016697805,41.3047493016951,41.3467898896653,41.13113667722546,41.70751960335548,41.80333076941599,41.506944174725305,41.4889207551654,41.66769133589976,41.838356457167585,41.86966055171802,41.62155832089247,42.13419297825716,42.021622588102325,42.09148128342256,41.705417698877234,41.87892468349505,41.7226105185125,41.90913790908571,41.96221187616257,41.60317262357267,42.1963764848995,42.19649730742374,42.069194111685704,41.928080067389836,42.03494198897719,42.146055126875005,42.016909657324646,41.95849031420954,41.58988158202024,41.899982826561065,41.73857989563428,41.94689418043259,41.79134162742825,42.05657805049395,41.80538336982803
32,46.57593874618301,46.51295330725963,46.237844754934784,46.643069083351065,46.47254766057307,46.80762762292498,47.18211972301347,46.4657885381949,46.51122997825857,46.644429793582546,46.83502660593696,46.39006907855246,47.1494897608316,46.61642236647177,46.68938536597819,46.670452183070715,46.52324514639734,46.4646556309705,46.4240332179325,46.52279885973998,46.54881814627144,46.89713994224159,46.45949486874394,46.51215965715947,46.273064207346856,46.30219399175794,46.66443295900483,46.228858169652234,44.153318366798416,42.88898322997555,43.02638094032013,43.28889941409865,44.278580329919514,44.598477021377576,44.96513238318024,45.496389627723424,45.53048916461984,45.36895476397608,45.70542212557554,45.54073241866024,45.863250094003035,45.9878977607263,46.026778835724315,45.98698683208518,46.01480545570659,45.538666413347876,46.17508191981317,45.89947303774872,46.424877942524056,46.29188034949538,46.617711397999926,46.673392168930874,46.235019135808116,42.76432968359798,42.038037275333394,42.34542639618673,42.837216838288334,43.46579696575573,44.168548873671554,44.53909471745255,44.9477154858636,45.49601176109851,45.46179059001725,45.206294519065736,45.560764986164266,45.78488346014199,45.966752832753855,45.998240290055406,45.61509911345016,46.16463470831272,46.148231847508484,46.32457675017127,45.939527171131715,45.82823241128164,45.87234972226259,45.884419236109736,46.33694955306844,45.75910228816672,46.53636686656517,46.45885949388163,46.11704659072074,46.09857034218415,46.16454688649627,46.16553658936159,46.25953896102875,46.4613159009221,45.882492672907205,46.11363676211845,46.197045868914614,46.15606619046344,45.92505454599901,46.093341566361715,46.09841161761184
33,41.47738920437404,41.303980223405574,41.00990429700783,40.95501272170862,41.00242875159453,41.167032446852836,41.55064043060929,41.13341162368743,41.118086218523715,41.15366682873246,41.11439168880492,40.999857609212626,41.577759755627916,41.32100836113438,41.38175438156027,41.47199934247173,41.17084633992101,41.24377427656861,41.16131222609214,41.10392673346348,41.4158260547437,41.61358043803537,41.27432859147863,41.16245851883908,41.142263167293486,41.41346892902673,41.93838039153602,40.95709539354243,40.55425024577349,40.415751250945334,40.196293622058384,40.49796226833962,40.48802372970404,40.301619358537536,40.56765506689302,41.029605935976335,40.86908301696227,40.90039755411592,40.79717054312895,40.98386249836664,41.050642786639756,40.93215944651965,40.90050162463467,41.358989088773754,41.14165748532354,40.74280729603683,41.07017921190859,40.95051557051316,41.33496116748917,41.17999938688895,41.307967607333936,41.47308027992596,41.41838580098169,40.766809173623315,40.54334555634953,40.37778226311805,40.10575827615675,40.15369847188345,40.315074874809184,40.370578326263114,40.204288149036365,40.69415712772192,40.673003824897954,40.447307567700584,40.44712618528877,40.67928044637333,41.05199287477708,40.854018583702334,40.5072236782913,41.06792285428088,41.08424424754349,41.06188422950406,40.693632961048316,40.51493068265799,40.65945325839491,40.73403063568617,40.66710388117418,40.49557733104938,40.99442803580692,40.67926321218588,40.835815105852554,40.71638520547313,40.772238298960836,41.08793142401766,40.92797846464523,40.93395952867875,40.51869164469892,40.79506456694021,40.60917074734863,40.63766402363587,40.65277396057894,40.90275947619811,40.84374065199605
34,45.21998122634788,45.28729233060283,44.987337717511004,44.954356349191016,45.02287955536361,45.50400447940071,45.50508765720326,45.31511492481553,45.18043294707722,45.224186113428246,45.52957487839503,45.11036675374089,45.89887526860725,44.98898034580632,45.42132308352831,45.73197751623467,45.44087321917898,45.43734269445817,45.26823738781927,45.53688982286914,45.71196173953684,45.73293427459298,45.328884077077596,45.73766587653752,45.24158571623795,45.611232929508375,45.75088204589992,45.56523692719196,43.35753473492113,42.850613185459515,42.4493796893553,43.098365214401625,43.586197032483284,43.926618863543396,43.9164751964334,44.80673522850722,44.773375839223945,44.85815151778995,44.87813529335062,44.72647996085423,45.275489399169956,45.09104155125329,44.96427232306627,45.075919063753375,44.98091369143299,44.69788081031828,45.15446434954769,44.82872922453706,45.51167149897575,45.409489026954844,45.238225820708834,45.90853363427013,45.360116431112026,42.64004463382271,41.63716840420297,42.12766520319177,42.145906937888974,43.081367428717314,43.26068584221876,43.8752330359295,43.85876645695211,44.45032007741311,44.44132478729419,44.18507985139037,44.06183451205289,44.3832071284945,44.63111355289144,44.88993113870401,44.24060248298887,44.901524215273945,44.82569774394845,45.001051766282146,44.34875970366074,44.378272521786876,44.50686757262609,44.46730514307008,44.5435003885742,44.47573587028628,44.64458864690281,44.37532226891782,44.32207662967027,44.430939122208095,44.50396592612918,44.57552039556115,44.503906393967206,44.435489419099255,44.297750165750024,44.511627634284345,44.361427300706765,44.51285858700048,44.47543817879006,44.63103744525977,44.4324252061399
35,42.01100903877797,42.08273222978752,41.91360098619532,41.952936571058906,42.09837354177287,42.280796457572364,42.655690746745435,42.22287668196577,42.244935452787885,42.305119451206,42.16867615285168,42.046083223190706,42.71620928742237,42.33188114115642,42.391882527479446,42.55934188991936,42.38710238138805,42.31208184325587,42.314866532230084,42.195060557263396,42.4548443786289,42.747580015594544,42.17776687366017,42.363275173334216,42.14235138383767,42.35948215613194,42.953637155165666,42.18616954533385,41.24544773362681,41.36290732704421,41.321182635026084,41.5374362830394,41.72866711317934,41.68029000207815,41.78633901589837,42.10188035329062,42.06349693139461,41.88937007017286,41.98962532231931,41.98821125669019,42.02854669043087,41.95905155975892,42.176488416244524,42.361434384705234,42.193534627641355,41.78512288148026,42.18533301095454,42.19851447000867,42.51097106453702,42.23571645781584,42.510113683385896,42.73489595586312,42.468520204313606,41.105712846549714,41.19906356529637,41.35641580850074,41.336748809756344,41.462866133969506,41.54663541778787,41.78520895816165,41.540113961262655,42.03105304511411,41.93729273165659,41.867577360364066,41.90036154417093,41.967429453585034,42.30233935671593,42.09710435733427,41.74784324905142,42.15136686965623,42.27884097999097,42.36409080379011,41.9616101705932,41.83931155550601,41.961342984363675,42.0716764436135,41.916175051691035,41.89173722865912,42.26367612751627,42.21387781617781,42.11675814304645,42.10161341426646,42.093177359869635,42.34869526671361,42.23441804722292,42.13174071311483,41.72532396116401,42.19004184949031,41.907312229896945,42.032681613205675,42.023785670523104,42.19558767555669,42.21647829073682
36,43.68318302940987,43.24253002587707,43.05462087004594,43.0917162798822,43.19915924652642,43.366529266565806,43.624562635407344,43.17379234513568,43.135063931989606,43.47116742161039,43.2149637386298,42.92571565767246,43.68073736860974,43.05456944656577,43.432681389893276,43.41990169037216,42.92389860279477,43.12977940989001,43.098853540644974,42.99951138045602,43.37594205668084,43.40882543724466,43.1322296673524,43.06966685349634,42.88315094410991,42.9914718727081,43.37841769992262,43.087489624649955,41.909429979347514,41.24477181283575,40.81394278121708,41.31195360534997,41.818426783469505,41.6776827999657,41.84220718587472,42.44586142355049,42.424761329530256,42.53071788581174,42.60513036983097,42.65745199760489,42.74265128707558,42.67612181373421,42.85026435075761,42.59892733980458,42.636753907018985,42.37693388921222,42.8414537011312,42.73047750988535,43.34204718365654,43.01221129190464,43.23958384698036,43.253840730979114,43.294401699258096,41.19976530727369,40.38598547757818,40.44259242695293,40.69973251119954,41.18409345811252,41.315346013228705,41.841463607729,42.01090453888392,42.47800266716249,42.362154295299376,42.36801962874526,42.401696004791496,42.51247089769674,42.8879772429457,42.794556403026334,42.2097843396283,42.6995368153338,42.790326209337074,42.81090462520637,42.46695004928642,42.35995998481153,42.40150007575163,42.29657840839123,42.47778527553894,42.15469304000761,42.53190492023267,42.35119724758547,42.2409069545348,42.26382355345757,42.2471636820986,42.654529690596405,42.41596915305068,42.38075239759062,42.073065678203314,42.43031626790843,42.09503392932978,42.38993853842379,42.2605125898315,42.31944853960898,42.46312021928701
37,50.45267698296289,50.16632335174905,49.23940255546016,49.276129889777664,49.01786331706352,49.10949746766122,49.43044820972449,48.90552148789857,48.68952483365902,48.767012817129014,48.63834073661112,48.55422382302295,49.071352288225555,48.585979413216464,48.91759477597546,49.07068192643565,48.67626754929144,48.59015061250396,48.49223107900176,48.31704657892173,48.94667010523807,48.878894705269175,48.31872146004153,48.11171522120092,47.99082834239743,48.44175815590003,44.624989731727304,43.475862866697696,41.99336859170882,42.703291102856376,42.916818964241266,43.46722317933343,44.1040083072589,44.43909903856182,45.31478804453212,45.87267258593736,46.11877872510856,46.24418220655726,46.614585944521835,46.74121546620392,47.3675868060635,47.32896458383455,47.79022689554295,48.13835520630871,47.900542956500736,47.50875760944206,47.896741732672716,47.92460261009619,48.19855495484897,47.93533703211158,48.24647868139332,48.2456658861767,45.84663138925029,42.517680543625374,42.977524519797875,43.44217868968882,43.73272848962082,44.53664783390082,45.05740437819989,45.75734602011643,46.03942796520173,46.57798434439263,46.76635029005358,46.79476110713728,46.610793701000425,46.83214967055731,47.21325437574349,47.61007453075118,46.94064162709033,47.54299627230497,47.64099700473238,47.57945434951525,47.18344043985775,47.516916801355876,47.20353534755032,47.394760545957425,47.22398528545557,46.83268442281115,47.14362977518739,47.37444799266107,47.30503409301044,47.45014560635261,47.53865162100569,47.469171847008646,47.16311633627086,47.46296665354201,46.75659444312685,47.004923720526904,46.635942640949274,46.623234297512205,46.724708247786204,46.731290596769796,46.63122552466218
38,42.22382275065101,42.30720642098467,42.228186734047135,42.050117808922906,42.36147687376319,42.53026805872214,42.7338335683154,42.44175258475792,42.48034893924638,42.66962073880506,42.566955021935655,42.189596446456065,42.88961742577147,42.427668159860275,42.49031685925555,42.641459085243234,42.396726266547326,42.321973513812225,42.46228301302604,42.22879457852581,42.57516793753371,42.8223342211239,42.481447416778906,42.48449566784761,42.06068162651035,42.538730970830684,42.68692554833995,42.55991495894291,41.958310352077035,41.77210496116769,41.39273677805038,41.23062336625945,41.36769644332883,41.638580517442236,41.56404007945008,42.06639510161159,42.08516869538403,42.17234633172455,41.97106360311968,41.95326035250243,42.2393634935646,41.99175152668215,42.255622533605134,42.05289016897363,42.177953320606804,41.55275690667277,42.270254384520086,42.270033369016616,42.45057809246022,42.4045609109161,42.58593301145574,42.911406393613134,42.87981252600328,41.89940043050937,41.43312212344142,41.18493174546421,41.17395098741815,41.38747838737335,41.34107099983796,41.73057078036769,41.245835263521826,41.95309887646302,42.073385494101025,41.777229914860854,41.908414281907156,41.9022594265593,42.17462804866367,42.212716684297874,42.010086955771925,42.31470245838379,42.43797223068128,42.37633229262179,42.00232664991862,41.72392271182639,42.15190100065778,42.019122853575674,42.16773288988655,41.71617670356281,42.09483716105199,42.117229800895956,41.82928115377907,42.21684635186094,41.91129703658705,42.412825278254104,42.05446408845723,42.12885570149323,41.89605637150424,41.90558589931307,41.831617969975866,42.08278823648563,41.80849876290011,41.978931422739535,42.013499704623015
39,51.518561750057714,51.38954323781445,50.788737896750845,50.61526162981451,50.704755136192574,51.088111835102275,51.25194293745628,50.96971640771748,51.04211349462895,51.21679746453875,50.87009336665504,51.146023239689974,51.33264093110632,50.90301336842205,50.926507063093986,51.01472762369511,50.68888362774355,51.136908193399265,50.90141687658935,50.638121627385196,50.79911409210454,50.88931733982718,50.598759229221656,50.414489011051565,50.51160816959899,50.41422483191299,46.690354139847,44.827800771672216,42.82276456229799,42.60955297046997,43.0749878109795,43.17286629052444,43.55868756267938,43.729429526256204,44.161552017045565,44.907316843716885,45.30090397914347,45.82317004213435,46.232043319235494,46.72355224265016,47.27036749006612,47.49029196596828,47.97141146920799,48.30660420684206,48.1883908912736,47.92550834408738,48.702015709594356,48.663252400412716,49.06894364717511,49.183403543667666,49.6692656933581,49.681596209982054,47.602304890422175,43.521383297743206,42.63833290437381,43.20624657375047,43.32236608167926,43.7409215379045,43.89138919994522,44.22842705451583,44.85268351171711,45.56824132105543,45.839545382362395,46.18369134477012,46.42668735694757,46.973998559553294,47.80944044805616,47.931067358878586,47.71097328678214,48.35250985259052,48.53489388007278,48.55324301655642,48.566859536766344,48.57977169042503,48.447795159679465,48.47466469478779,48.97969636583889,48.95952364506657,49.37977163921062,49.41984735002494,49.114290136925376,49.144805789632194,49.57987632389194,49.61382226308927,49.484730629502565,49.2833303044821,49.08061849764238,49.427377853708336,49.11375562242479,49.13433539124286,48.9270179211376,49.1662027295566,48.837547330316006
40,39.86661268049615,39.85776609488734,39.53471809857691,39.71874150796352,39.803680811189146,39.883105061578995,40.26658232511168,40.01358478205173,39.819064601517375,39.958876665882954,39.85100351665694,39.68987213740042,40.57431990443341,39.87018702647006,40.121719221446696,40.089549131180355,39.91945082301601,40.04860516409209,40.108838125027404,39.87842435748253,40.2026344906425,40.41983428097119,39.899011312198056,40.014096958383384,39.79685400143854,40.05489070282381,40.47308928740343,39.845674524620556,39.63120267335338,39.61631474112657,39.001358619495626,39.362351447220625,39.38890856001566,39.326341612265445,39.30644054193927,39.817058317410954,39.744963918577284,39.71599552057267,39.83639071566987,39.64108318930227,39.761890239855056,39.721426371073306,39.88187974726704,39.864659078828055,39.73647135387289,39.288640437965825,39.903125093322515,39.944530529885526,39.8968413717475,39.93985680034098,39.94479480683003,40.358810027234,40.28443079496572,39.624044993239444,39.470504672791094,39.052159332212085,39.09968118072689,39.254892995301724,39.29573244727409,39.30749414944106,39.232509176052446,39.594463935528964,39.66325930567853,39.49568844671093,39.55479966415199,39.44416047407098,39.94173265502087,39.980054219813155,39.49696545865776,39.92745095701175,39.88927590557425,39.93116557212652,39.488802776016925,39.61457231120998,39.77384258061391,39.785859466780664,39.663201053918165,39.45472740618129,39.77514227628674,39.83932975722669,39.76074941990505,39.769858470007385,39.66878281595956,39.93649691785976,39.76596469900016,39.773423515357074,39.52447194017855,39.796672295752515,39.43440366673939,39.60186953885819,39.56604631685527,39.6333868592653,39.68067576164141
41,43.92292975472912,45.073703407040576,44.76551861756184,44.62071522132924,44.5147451244576,44.87832351340322,45.39227499308094,44.742242600640566,44.89863178862411,44.697378783268555,45.122746920927206,44.446865680333026,45.576418736365596,45.04294021367441,45.35710451916261,44.758253160708286,44.99785135398884,44.922916639596465,44.925886994803534,44.27331694599823,44.56766793892276,44.6712180863777,44.63218092538057,45.12001497973895,44.984130345899516,44.87854962078972,45.325496821962815,44.92745562974661,43.62547382614679,43.2020584266349,43.3463689692846,43.55546500058241,44.02151633997539,44.06247384413563,44.109375933202415,44.46128320409918,44.41784495935655,44.3796708089415,44.546153999842666,44.56001619701355,44.57844705794098,44.75800703752376,44.48234281993435,44.902892591691774,44.47641345714446,44.10405258122342,44.55587237050783,44.020452044008294,44.96484803426295,44.66787374369232,44.383965459217336,44.85974379263019,44.48542076459712,42.35799773333734,42.428581461768275,42.45622899483392,43.041264174474136,43.488418163114645,43.55013512545215,43.16134544484559,43.29916640014772,44.19284991708757,43.48082886044937,43.77253161026019,43.5757857927213,43.86984780191611,44.1697133140864,44.249264764887734,43.83162822665266,44.0953430907163,44.37060922479083,44.05541055469376,43.657145586492035,43.95723735514306,44.09723421110789,44.148048885132816,44.21541186537865,43.98978915797545,44.56842124120566,44.40898712357553,44.363367013882005,44.12429978566491,44.458368478052165,44.121377201166084,44.17704333427666,44.59632917082284,44.443359072142655,44.316919553944956,44.12156860030177,44.45939174623326,44.2346836472503,44.24550608502466,44.306115704229015
