cell_id,f0,f1,f2,f3,f4,f5,f6,f7,f8,f9,f10,f11,f12,f13,f14,f15,f16,f17,f18,f19,f20,f21,f22,f23,f24,f25,f26,f27,f28,f29,f30,f31,f32,f33,f34,f35,f36,f37,f38,f39,f40,f41,f42,f43,f44,f45,f46,f47,f48,f49,f50,f51,f52,f53,f54,f55,f56,f57,f58,f59,f60,f61,f62,f63,f64,f65,f66,f67,f68,f69,f70,f71,f72,f73,f74,f75,f76,f77,f78,f79,f80,f81,f82,f83,f84,f85,f86,f87,f88,f89,f90,f91,f92,f93,f94,f95,f96,f97,f98,f99,f100,f101,f102,f103,f104,f105,f106,f107,f108,f109,f110,f111,f112,f113,f114,f115,f116,f117,f118
0,65.93371467025572,65.65886368006153,65.41977504326091,65.2869640453759,65.57532205345126,65.58854066525669,65.88141703518554,65.53033070563353,65.72620649875024,65.61468948279177,65.72812920592193,65.20558546433378,65.9625072101519,65.61218996346857,65.58402230340319,65.50326860219188,65.71332436069987,65.48067679292444,65.60296096904442,65.36315131705442,65.37872524514516,65.81239184772159,65.31820803691598,65.29148240722938,65.20159584695251,65.57782157277447,65.30859450105748,60.58387810036531,59.988127283214766,61.1914535666218,61.962363007114014,63.15299942318785,63.886368006152665,64.23538742549509,64.60324937512017,64.7894154970198,64.94313593539704,64.76014228033071,64.6971736204576,64.61334358777158,64.92756200730629,64.72375504710632,64.48548356085368,64.66665064410691,64.72409152086138,64.3626225725822,64.99490482599501,64.98038838684869,65.3174389540473,64.87435108632955,65.1666987117862,64.12411074793309,59.07767736973659,59.436118054220344,60.36733320515285,61.295135550855605,62.18294558738704,63.12680253797347,63.877187079407804,64.49985579696212,64.58786771774659,64.8314266487214,64.66775620073062,64.51720822918669,64.5369159776966,64.40852720630647,65.04657758123437,64.85791194001153,64.48457027494713,65.13247452412998,64.72784079984618,64.77888867525476,64.66506441069025,64.60598923283983,64.69683714670256,64.9065083637762,64.92318784849067,64.78489713516632,64.81383387810037,64.93929052105365,64.89679869255912,64.8721399730821,64.75562391847721,64.8308498365699,64.81417035185541,64.85305710440299,64.68390694097289,64.69924053066718,64.46765045183619,64.63473370505672,64.51158431070948,64.61949625072101,64.33858873293597,64.42506248798308,64.59897135166314,64.84651990001923,64.17443760815227,64.56450682561047,64.62223610844069,64.4027110171121,64.51634301095943,64.64304941357432,64.45058642568736,64.37060180734474,64.59738511824649,64.41102672562968,64.33599307825418,64.36444914439531,64.46457412036146,64.52278407998462,64.23187848490674,64.30609498173428,64.47404345318208,64.50788309940395,64.04955777735051,64.35579696212267,64.13987694674101,64.40468179196309,64.38329167467795
1,56.85860555826426,56.69590443686007,56.66699171136031,56.51725987323257,56.66884446611409,56.75548512920527,56.95329107752316,56.51764992686494,56.699171136031204,56.811116528522675,56.709117503656756,56.45441248171623,56.810433934666015,56.57118478790834,56.71565090199903,56.77045343734763,56.58517796196977,56.498391028766456,56.656509019990246,56.349585568015605,56.71340809361287,56.835007313505606,56.485763042418334,56.581472452462215,56.32632862018527,56.57903461725987,56.53154558751828,56.19322281813749,56.294588005850805,56.31272549975622,55.815992198927354,55.66001950268162,55.70628961482204,55.61740614334471,55.611896635787424,56.067723061921015,55.91652852267187,55.9946855192589,55.982008776206726,55.91038517796197,56.18493417844954,56.13198439785471,56.001170160897125,56.11935641150658,56.18863968795709,55.643588493417845,56.21784495368113,56.20507069722087,56.461433447098976,56.094539249146756,56.60901999024866,56.28449536811311,56.21911262798635,56.03408093612872,55.8007313505607,55.20170648464164,55.28444661140907,55.25650901999025,55.25397367137982,55.54987810823988,55.53939541686982,55.746367625548515,55.717211116528524,55.688542174549,55.86313993174061,55.787908337396395,56.276255485129205,56.152023403217946,55.785568015602145,56.23256947830327,56.09166260360799,56.072745002437834,55.77742564602633,56.01569965870307,55.9657240370551,56.11921014139444,56.136518771331055,56.09200390053633,56.185129205265724,56.185811799122376,56.211457825451,55.9748902974159,56.20487567040468,56.13110677718186,56.072745002437834,56.10516821062896,55.892930277913216,56.235543637250125,55.84275962944905,56.11409068746953,56.04753778644564,56.12159921989274,55.9794734275963,56.01667479278401,56.01779619697709,56.41058020477816,55.856850316918575,56.11340809361287,55.980741101901515,55.79176011701609,56.05889809848854,56.26382252559727,55.96274987810824,55.84110190151146,56.24778156996587,55.98488542174549,55.83047294002925,55.87298878595807,56.03022915650902,56.13388590931253,55.8335446123842,55.80258410531448,55.94232081911263,55.87289127254998,55.7289614822038,55.8587518283764,55.77679180887372,56.08278888347148,55.96211604095563
2,58.005535055350556,58.02671265843093,57.708487084870846,57.60476496069308,57.44176159152896,57.67399326167175,58.106289106369324,57.667174715225414,57.879512273383604,57.65770896839403,57.48483876143109,57.535135568746995,58.05061768008984,57.70904861222525,57.86747954436066,57.63925878389219,57.725172469115996,57.71747152254131,57.859698379592494,57.560083426921224,57.77546927643189,57.981790470078614,57.484116797689715,57.76111021979785,57.52783571313974,57.87678485480507,57.71482432215627,56.77145836675758,56.318305791753566,56.593775068185465,56.425798171025185,56.71233755815819,57.047328734156906,57.062329536338844,57.21795283170223,57.36034012514038,57.330900048130914,57.33603401251404,57.14936627627146,56.98018610620889,57.32616717471522,57.50778116476817,57.31373335472485,57.306273062730625,57.484758543237604,57.032889459329375,57.41272260548693,57.43871330017648,57.60709128830419,57.39547569388738,57.66075725974651,57.082063211936465,55.408551259425636,55.94192202791593,56.21995828653939,56.128108454997594,56.4116797689716,56.547408952350395,56.713460612866996,56.85833467030322,57.04251564254773,56.989010107492376,57.018450184501845,56.8853682015081,56.91681373335472,56.79295684261191,57.48267287020696,57.24771378148564,56.93213540831061,57.41264238729344,57.16380555109899,57.1210492539708,56.94416813733355,56.96526552222044,57.10275950585593,57.169260388256056,57.06473608214343,56.752446654901334,57.14302903898604,57.12698540028879,57.20736403016204,57.0298411679769,57.20904861222525,57.05879993582545,57.00962618321835,56.964302903898606,56.88191881918819,57.1368522380876,56.832985721161556,57.07043157388095,56.78750200545484,56.94280442804428,56.715546285897645,56.99069468955559,56.98788705278357,57.333306593935504,56.821033210332104,57.01500080218194,56.9461735921707,56.727739451307556,56.90558318626665,56.96301941280282,56.89563613027435,56.97906305150008,57.22789988769453,56.813813572918335,56.827851756778436,56.932777153858495,56.78525589603722,56.94424835552703,56.51949302101717,56.75541472806032,56.977057596662924,56.83707684902936,56.48844858013798,56.49775389058238,56.56120648163003,56.92716188031446,56.84846783250441
3,64.64137991727537,64.29780867728593,64.1817301768899,64.09557335210772,64.09997359852152,64.26920707559623,64.54835870808765,63.967702191322715,64.23321305993136,64.2568863856376,64.21605209891754,63.78834814749626,64.48455513508756,64.12391093901259,64.18401830502508,64.12760714600017,64.17064155592713,64.09856551966911,64.10278975622634,63.700519229076825,63.86746457801637,64.31796180586113,63.794244477690754,63.98723928539998,63.712575904250635,64.14837630907331,63.97808677285928,61.37023673325706,59.62342691190707,60.24298160696999,60.626331074540175,61.35210771803221,62.028073572120036,62.36249229956878,62.72885681598169,62.982134999559975,63.32702631347355,63.41863944380885,63.16976150664437,63.31417759394526,63.69567895802165,63.46466602129719,63.35245973774531,63.52257326410279,63.397870280735724,63.13825574232157,63.60793804453049,63.541758338466956,63.85813605561911,63.29076828302385,63.920619554695065,63.44908914899234,60.01768899058347,58.98785531989792,59.955557511220626,59.96682214203995,60.79864472410455,61.496963829974476,61.985919211475846,62.44178473994544,62.65018041010297,62.87195282935844,63.160961013816774,62.88339347003432,62.956701575288214,62.878289184194315,63.3866056499164,63.36997271847223,63.12743113614363,63.30924931796181,63.267358972102436,63.17152160520989,62.9530933732289,63.24394966118103,63.15172049634779,63.24773387309689,63.05209891753938,63.0381061339435,63.2143800052803,63.037754114230395,63.151896506204345,63.27598345507349,63.01267270967174,63.147056235149165,62.9197395054123,63.10050162809117,62.677109918155416,63.191762738713365,62.990671477602746,63.05104285840007,62.97095837366893,63.0421543606442,62.84053506996392,62.72683270263135,62.803396990231455,63.330810525389424,62.74196955029482,62.9750946052979,63.05341899146352,62.87327290328258,62.79090029041626,63.065563671565606,62.88409750946053,62.61638651764499,63.20909970958374,62.77145120126727,62.787556103141775,62.67174161753058,62.81219748305905,62.96787820117927,62.837102877761154,62.72586464842031,62.74795388541758,62.8699287160081,62.59658540878289,62.57344011264631,62.54932676229869,62.64701223268503,62.84599137551703
4,58.88013040207306,58.642982529465854,58.57109420713868,58.36169857059266,58.13817604279863,58.445206051993644,58.658948424308285,58.2006185739363,58.28813842681602,58.30611050739781,58.37933628688456,58.014544846610384,58.64866672239405,58.27718799632199,58.43007606787595,58.21357519016969,58.261305692552035,58.21173618657527,58.39128981024827,58.01036529298671,58.17629357184653,58.36487503134665,58.04672740951266,58.139011953523365,57.888238736102984,58.31455320571763,58.20538326506729,57.92226030259968,57.743709771796375,58.09445791189501,57.61146869514336,57.69740031764608,57.65267909387278,57.561230460586806,57.628019727493104,57.857811585722644,57.91139346317813,57.958371645908215,57.76770040959625,57.61297333444788,57.80590152971663,57.875282119869595,57.631363370392044,57.73209061272256,57.75223606118867,57.431831480397896,57.97726322828722,57.84493856056173,58.109922260302596,57.78926690629441,58.15648248767032,57.97508986040291,57.72281200367801,57.66923012622252,57.77104405249519,57.33996489174956,57.18599013625345,57.16116358772883,57.18523781660119,57.5795369054585,57.41310708016384,57.61631697734682,57.53824291565661,57.339881300677085,57.521023154727075,57.37674496363788,57.80840926189083,57.75858898269665,57.59709103067792,57.945749393964725,57.630360277522364,57.59341302348909,57.469531054083426,57.59174120203962,57.66103820112012,57.66429825294659,57.73359525202709,57.570091114269,57.652762684945245,57.86633787511494,57.73835994315807,57.73158906628772,57.737189668143444,57.939730836746634,57.632366463261725,57.59734180389535,57.43099556967316,57.85563821783833,57.387110256624595,57.57410348574772,57.56164841594918,57.70174705341469,57.575858898269665,57.51450305107414,57.50906963136337,57.970826715706764,57.37181309036195,57.52495193513333,57.56014377664465,57.371144361782164,57.51575691716125,57.71219593747388,57.43383766613726,57.437097717963724,57.820780740616904,57.36554375992644,57.565744378500376,57.36821867424559,57.58037281618323,57.55069798545515,57.2661539747555,57.41486249268578,57.45916576109671,57.40499874613391,57.12990052662376,57.52261138510407,57.271420212321324,57.547437933628686,57.6025244503887
5,60.82381059498369,60.52654369587223,60.28714430322798,60.34945450455517,60.28028343268474,60.35395343605894,60.552187605443706,60.24738499606344,60.295017433359575,60.43684624901586,60.31374423574401,60.09430885164773,60.51996400854797,60.25092790462265,60.488471488021595,60.3158812282083,60.38004723878079,60.286244516927226,60.25154650770442,60.16387358002474,60.2324822854572,60.612641997525586,60.127207288269034,60.09520863794849,59.956247891125855,60.323979304915085,60.3178495107412,59.96412102125745,59.56962096502081,59.536947474974696,59.19502868068834,59.386683162748845,59.29901023506917,59.429310538747046,59.54712630750197,59.657800022494655,59.652063884827356,59.75750759194691,59.58508604206501,59.54740749072096,59.91648858396131,59.539871780452145,59.60296929479249,59.940670340794064,59.73405691148352,59.3333145877854,59.996232144865594,59.79737937239906,60.06754020920032,59.69980879541109,60.154538297154424,59.8527724665392,59.51310313800472,59.20582611629738,58.96395231132606,58.91873804971319,58.81110111348555,58.95911595995951,58.93920818805534,59.42559892025644,59.129569227308515,59.40473512540772,59.40209200314925,59.252390057361374,59.393487796648294,59.295973456304125,59.82049263299966,59.6764705882353,59.37116184906085,59.81638735800247,59.55353728489484,59.604150264312224,59.39129456754021,59.491339556855245,59.44320098976493,59.58255539309414,59.54335845236756,59.47002586885615,59.58182431672478,59.63749859408391,59.51951411539759,59.57642559892026,59.61314812731976,59.72691485772129,59.580755820492634,59.53779102463165,59.2636373861208,59.70082105499944,59.402935552806206,59.56630300303678,59.39888651445282,59.59070970644472,59.30362163986053,59.52418175683275,59.47789899898774,59.81936790012372,59.18732426048813,59.5774378585086,59.57507591946913,59.30165335732764,59.41159599595096,59.69665954335845,59.3274659768305,59.223484422449665,59.69452255089416,59.31880553368575,59.49207063322461,59.2751658980992,59.39894275109661,59.45225508941626,59.32088628950624,59.25075919469126,59.631874929704196,59.26133168372512,59.15442582386683,59.27870880665842,59.21842312450793,59.34045664154763,59.20976268136317
6,65.47633783681788,65.28605932523209,65.29247490376632,65.0415880443807,65.16174805645709,65.12008453468187,65.52637934938485,65.29096535587591,65.34734696958262,65.5180013585931,65.35866857876066,65.00701939769039,65.72405464563363,65.50894407125067,65.29466374820741,65.13774624499962,65.25171711072534,65.23050796286512,65.23918786323496,65.01252924749038,65.1710317759831,65.49852819080685,64.98905577779455,65.12831157068457,64.8363650086799,64.9803758774247,64.89659596950713,59.44818476866178,59.7432259038418,61.094950562306586,61.57906257076006,62.426296324250885,62.881123103630465,63.290889878481394,63.41354064457695,63.86768812740584,64.00060381915617,64.1673333836516,63.84655445694015,63.9469393916522,64.48320627971923,64.32643973130048,64.03351196316703,63.94075024530153,64.04611668805192,63.82904370141143,64.39882255264548,64.37444335421542,64.64744509019549,64.16454072005435,64.80224922635671,63.002792663597255,58.67371122348857,59.16174805645709,59.93576873726319,60.532568495735525,61.13978413465167,61.77719073137595,62.095780813646314,62.59483734621481,62.78104007849649,63.091855989131254,63.07404332402445,63.04830553249302,63.11268775001887,62.89289757717564,63.61831081591063,63.468488187787756,63.14159559212016,63.783757264699226,63.4300701939769,63.540871009132765,63.112008453468185,63.48214959619594,63.76247263944449,63.54683372329987,63.720809117669255,63.5395124160314,63.75417012604725,63.87380179636199,63.86708430824968,63.801268020227944,63.844290135104536,63.86217827760586,63.65597403577628,63.76707676051023,63.561476337836815,63.856970337383956,63.64827534153521,63.77907766623896,63.63868971243113,63.97358291191788,63.59302588874632,63.60563061363122,63.56381613706695,64.0894407125066,63.533776134047855,64.0215110574383,63.73401766171032,63.69846780889124,63.76760510227187,63.88331194807155,63.817722092233375,63.50222658313835,63.995924220695905,63.61544267491886,63.57279794701487,63.55641935240396,63.71711072533776,63.66238961431051,63.547739452034115,63.6148388557627,63.76345384557325,63.57868518378746,63.280021133670466,63.43369310891388,63.38946335572496,63.64872820590233,63.63989735074345
7,61.36571402399927,61.21397819913896,60.833882934872214,60.90491893377301,60.91133095172666,60.96858111202712,61.19414674361088,60.89369790235413,61.04580012824036,61.05092974260328,60.986397361912616,60.66181185307319,61.31611248511496,60.99184757717322,60.98103874690849,60.96317669689475,60.97215352202986,60.85467619309334,61.01680864706421,60.84551616744527,60.92452138865989,61.070303196848954,60.578455619675736,60.83695154346432,60.65127782357791,61.069661995053586,60.76669414674361,60.56123477145736,60.20907758541724,59.91201795365027,59.47833653934231,59.80200604561693,59.817761289731614,60.08495923788587,60.125858752404504,60.313318677292294,60.38943849042777,60.58573784006595,60.32728771640561,60.280296784830995,60.60140148392416,60.37253824310708,60.16075845012366,60.38646148209215,60.3244481084547,59.79440322432903,60.44329944123844,60.514976641934595,60.69932215810204,60.22318402491527,60.79797563433178,60.439131629568564,60.32064669781075,59.50819822295502,59.12512595035266,59.27081615828524,59.32101309883668,59.33305853256389,59.65988824768709,59.82664651461024,59.93052120545938,60.26426673994687,60.09027205276175,60.13387377484657,60.00787762205734,59.987771365759826,60.63474397728314,60.438490427773196,60.14834661537052,60.60456169277274,60.402125125950356,60.339745351286986,60.10414949161858,60.247687093523865,60.21439040029312,60.103691490336175,60.239259869927636,60.03233489053769,60.294174223687826,60.35714940001832,60.21063478977741,60.304021251259506,60.172529083081436,60.461344691765134,60.22414582760832,60.27342676559494,60.117523129064764,60.40276632774572,60.02038105706696,60.26128973161125,59.9841073555006,60.21635980580746,60.02335806540258,60.11990473573326,60.200787762205735,60.34721077219016,59.975176330493724,60.07382980672346,60.20669597874874,59.89053769350554,60.09984427956398,60.3142346798571,60.12764495740588,59.99331318127691,60.38430887606485,59.99752679307502,59.986351561784375,60.03970871118439,60.12677475496931,60.07208940185033,59.93290281212787,59.99459558486764,60.18805532655492,59.84437116423926,59.75208390583494,60.047357332600534,59.80136484382156,60.170422277182375,59.993404781533386
8,64.91409119412344,64.6497805249485,64.66581564095674,64.40620800859983,64.54828451133208,64.60521365224402,64.92618471736988,64.43236585147362,64.64373376332527,64.62492161605303,64.69269013705993,64.30292036190988,65.01240705903432,64.71513034130611,64.65193048463675,64.53108483382603,64.4776493774075,64.341754008779,64.41341933172086,64.35528083848428,64.51993191794321,64.69627340320703,64.26122010212309,64.32742094419064,64.1711009585237,64.44477291050792,64.31613365582729,61.8148795126758,59.72090835796829,60.54335752037983,60.91341933172087,61.61036459733047,62.28025620352952,62.64274836513482,62.93397832123981,63.30869837857207,63.45588103556392,63.45090925378482,63.42587118158201,63.4490280390576,63.587566066469584,63.665770850129896,63.55218131326704,63.75942846904954,63.5341754008779,63.21360745319359,63.904371584699454,63.8565797724626,63.976036907641316,63.58671504075965,64.10243662098003,63.678715399086265,59.68834542685658,58.801755800412074,59.567499776045864,60.28598942936487,60.82249395323838,61.39680193496372,62.10664695870286,62.69273492788677,62.759965958971605,62.935590791006,63.02517244468333,62.92170563468601,62.94302606826122,62.97881393890531,63.33512496640688,63.35138403654931,63.08241512138314,63.700931649198246,63.451177998745855,63.41395682164293,63.12693720326077,63.13983696139031,63.111126041386726,63.28312281644719,63.23488309594195,63.23094150318015,63.277703126399715,63.17804353668369,63.33888739586133,63.109737525754724,63.07887664606289,63.36168592672221,62.988040849234075,63.10145122278957,62.834229149870104,63.20312639971334,62.86343276896891,63.07636835975992,62.843993550120935,63.052450058228075,62.77573233001881,62.96009137328675,62.94616142613992,63.23877989787692,62.76731165457314,62.91722655200215,62.891964525665145,62.6448087431694,62.84278419779629,62.98866792080982,62.64525665143778,62.629803816178445,63.08411717280301,62.65497626086177,62.608841709217955,62.7406163217773,62.637866165009406,62.70733673743617,62.56400609155245,62.70442533369166,62.74415479709756,62.73976529606737,62.37252530681717,62.549180327868854,62.499552091731616,62.696139030726506,62.571530950461344
9,66.65716775152478,66.3576956588591,66.10219875967402,65.96955563528266,66.09215314438009,66.24683511865102,66.42601609348573,65.99651478653068,66.26667008354262,66.21085541489417,66.36851007124186,65.895392342781,66.3973655886423,66.3607708472144,66.2257700784173,66.13582081902517,66.17902721541694,66.20285992517042,66.1366921223925,65.88534672748706,66.18363999794987,66.40249090256778,65.87673620009225,66.14386756188817,65.87858131310543,66.1093741991697,65.9742709240941,65.51125006406643,64.00548408590026,61.75613756342576,60.51904054123315,60.711701091691864,61.31715442570857,61.730357234380605,62.44943877812516,63.073804520526885,63.44784993080826,63.70503818358875,63.89831377171852,63.95325713699964,64.40776997591102,64.21587822254114,64.1336169340372,64.63630772384809,64.51427399928245,64.11429450053816,64.83424734765005,64.9781149095382,65.25980216288248,64.99277330736507,65.46870995848495,65.07600840551484,65.03961867664394,62.82502178258418,60.56993490851315,59.62380195786992,60.001947619291684,60.58295320588386,61.171339244528724,62.09522833273538,62.345753677412745,62.89816001230076,63.255701911742094,63.19240428476244,63.31182409922608,63.49423402183384,64.0525857208754,63.87202091128081,63.70908718158987,64.22592383783507,64.08569524883399,64.15888473168981,64.00743170519195,64.225103787607,64.19870842089078,64.47163138742248,64.44615857721286,64.43472912715904,64.7699246578853,64.65557890420789,64.74798831428426,64.75634257598279,64.7189277843268,64.90784685561991,64.67100609912357,64.83250474091538,64.6047870432064,64.94341653426272,64.64927476807955,64.87150837988827,64.7572138793501,64.94316026856644,64.83778381425863,64.92276151914305,64.89031828199477,65.20870278304547,64.83004459023115,65.08497770488442,64.92619547947312,64.83245348777612,64.97329711444826,65.18297370713957,64.86986827943211,64.87007329198913,65.27374301675978,64.99092819435191,64.91092204397519,64.88796063758905,65.19850340833376,65.08964174055662,64.9619189175337,65.01101942493978,65.26118599764236,65.11455076623443,64.82686689559736,65.04582030649377,65.02429398800676,65.16626518374251,65.10327507559838
10,64.23123272526257,63.99712548369265,63.83399668325041,63.91724709784411,63.831785516860144,63.866998341625205,64.15577667219458,63.86782752902156,63.94964068546158,63.83559977888336,63.868380320619124,63.55887230514096,64.13598673300166,63.98380320619127,63.77164179104478,63.89237147595357,63.8130458817026,63.70033167495854,63.83504698728579,63.460364842454396,63.732835820895524,64.02758430071863,63.68131564400221,63.53139856274185,63.42625760088447,63.896462133775564,63.741404090657824,62.546876727473744,60.840906578220014,61.151520176893314,61.39635157545605,61.77728026533997,62.29303482587065,62.66500829187397,62.88242122719735,63.16506357103372,63.22028745163073,63.268546158098395,63.0955223880597,62.96141514648977,63.48850193477059,63.03056937534549,62.958817025981205,63.29872857932559,63.22885572139303,62.79640685461581,63.43211719181868,63.25074626865672,63.541182974018795,63.06174682144832,63.62714206744057,63.33764510779436,61.427418463239356,59.99231619679381,60.51857379767827,60.92658927584301,61.104864566058595,61.59242675511332,62.01238253178552,62.46616915422886,62.49955776672195,62.822388059701495,62.77390823659481,62.70259812050857,62.72946379215036,62.601603095632946,63.14416804864566,63.09878385848535,62.621171918186846,63.2469320066335,63.17556661138751,62.92863460475401,62.79065782200111,62.82730790491985,62.849364289662795,63.00807075732449,62.88253178551686,62.78551686014372,63.0167495854063,62.95516860143726,62.83576561636263,62.90154781647319,62.913266998341626,63.12045328911,63.0003869541183,62.78015478164732,62.628192371475954,62.9771144278607,62.570093974571584,62.78048645660586,62.66898839137645,62.82625760088447,62.708181315644005,62.715865118850196,62.5971807628524,63.06318407960199,62.4722498618021,62.86622443338861,62.691542288557216,62.36484245439469,62.644831398562744,62.77600884466556,62.436871199557764,62.63996683250414,62.74206744057491,62.48236594803759,62.42426755113322,62.4653399668325,62.46832504145937,62.59707020453289,62.46583747927031,62.56091763405196,62.61857379767827,62.46915422885572,62.243725815367604,62.398894416804865,62.22620232172471,62.55417357656164,62.46860143725815
11,62.71511071744907,62.43911426040744,62.178954827280776,62.20552701505758,62.27146147032772,62.21654561558902,62.62806023029229,62.13973427812223,62.46405668733392,62.46678476527901,62.368857395925595,62.12963684676705,62.768821966341896,62.45700620017715,62.37700620017715,62.35142604074402,62.44124003542959,62.4547741364039,62.34334809565988,62.21356953055802,62.33424269264836,62.69317980513729,62.207227635075284,62.20903454384411,61.990327723649244,62.407015057573076,62.306572187776794,61.88060230292294,61.055305580159434,60.40212577502214,59.97994685562445,60.3066076173605,60.43337466784765,60.766625332152344,60.921169176262175,61.369247121346326,61.51287865367582,61.5674047829938,61.45976970770594,61.499521700620015,61.87057573073516,61.59224092116918,61.48545615589017,61.67450841452613,61.81665190434013,61.369743135518156,61.84945969884854,61.82317094774137,62.04382639503986,61.78759964570416,62.12906997342781,61.97916740478299,61.50203720106289,60.21867139061116,59.53658104517272,59.64308237378211,59.79082373782108,60.01909654561559,60.3466076173605,60.87093002657219,60.87280779450842,61.214030115146144,61.199007971656336,61.048928255093,61.19911426040744,61.131479185119574,61.68811337466785,61.60620017714792,61.28092116917626,61.819946855624444,61.44690876882196,61.53023914968999,61.442302922940655,61.44474756421612,61.399610274579274,61.56800708591674,61.53176262178919,61.51344552701506,61.61321523472099,61.68935341009743,61.65651018600531,61.608644818423386,61.58125775022143,61.71362267493357,61.642196634189546,61.497714791851195,61.3599291408326,61.67231178033658,61.34678476527901,61.50267493356953,61.304481842338355,61.640177147918514,61.40708591674048,61.57257750221435,61.499946855624444,61.90267493356953,61.335163861824626,61.60673162090345,61.609424269264835,61.36382639503986,61.548662533215236,61.64088573959256,61.466324180690876,61.48,61.78756421612046,61.56343666961913,61.38143489813994,61.38632418069088,61.50915854738707,61.645668733392384,61.44308237378211,61.57828166519043,61.657750221434895,61.44177147918512,61.25675819309123,61.46416297608503,61.395287865367585,61.60272807794509,61.40503100088574
12,66.16974595842956,65.97255285130574,66.0449458163084,65.93275892698526,65.89989340913128,65.60081719666016,66.01430094155268,65.73823059157932,65.76416770296677,65.92911707230414,65.8205720376621,65.49227216201812,66.12329010481436,65.68671167170012,65.54929827678096,65.45016876887547,65.50755018653402,65.68280333984723,65.64389767276603,65.47486232012791,65.55977971220466,65.74240540060401,65.22295256706342,65.41179605613786,65.16468289216557,65.57381417658554,65.45452122934802,62.7396518031622,59.9832119381773,61.05596020607568,61.613075146562444,62.42183336294191,63.001332385858944,63.58918102682537,63.90202522650559,64.39527447148694,64.570705276248,64.81710783442885,64.5006217800675,64.55533842600818,65.04885414816131,64.81772961449636,64.56297743826612,64.56937289038906,64.71762302362764,64.41081897317463,64.86223130218511,65.01101438976728,65.16139634038018,64.59353348729792,65.27598152424942,64.83807070527625,59.99689109966246,59.19275182092734,59.92458696038373,60.7459584295612,61.55533842600817,62.096997690531175,62.844377331675254,63.56768520163439,63.86018831053473,64.04645585361521,64.05924675786108,64.19781488719133,64.15357967667437,64.08909220110144,64.55977971220466,64.68982057203766,64.09904068218157,64.70110143897672,64.78006750755019,64.5964647361876,64.36347486232013,64.34286729436845,64.54778823947416,64.57292591934625,64.38976727660331,64.61378575235388,64.75652869070883,64.87724284952922,64.6141410552496,64.58216379463492,64.51083673831941,64.9133949191686,64.51012613252799,64.69852549298277,64.40753242138923,64.5281577544857,64.16690353526381,64.4796589092201,64.34038017409841,64.35023982945461,64.08624977793569,64.25626221353704,64.26976372357434,64.49031799609166,64.12826434535441,64.24222774915616,64.1368804405756,64.14647361876,64.3657843311423,64.29614496358145,64.11298632083852,63.9679339136614,64.36880440575591,63.91481613075147,63.889856102327236,63.80866939065553,64.00595132350328,64.15020429916504,63.78557470243383,63.91614851661041,63.814443062710964,63.815953100017765,63.45443240362409,63.61289749511459,63.68644519452833,63.91854681115651,63.69612719843667
13,63.031748055590974,63.12864975137065,62.776998597475455,62.83679714395002,62.81461175570573,62.85898253219431,63.09039908198393,62.779421139869946,63.04156572740023,62.975009562667346,62.85490246079306,62.84151472650771,63.20757363253857,62.97921713629989,63.25500446257809,63.20757363253857,63.138467423179904,63.08580900165753,62.73517786561265,62.64337625908453,62.97819711844957,63.12329465765651,62.98010965191891,62.68710952441668,62.423817416804795,62.845594797908966,62.76577840112202,62.432105061838584,61.067576182583196,60.924391176845596,60.80836414637256,61.212546219558845,61.357261252071915,61.77381104169323,61.85643248756853,62.163585362743845,62.18475073313783,62.18602575545072,62.21369373964044,62.217518806579115,62.55884227973989,62.21458625525947,62.04819584342726,62.31607803136555,62.44013770240979,61.99808746653066,62.561519826596964,62.4143822516894,62.76909345913553,62.40966466913171,62.601683029453014,62.27157975264567,61.76743593012878,60.10429682519444,60.21241871732755,60.442560244804284,60.490628586000255,60.969526966721915,61.235241616728295,61.59046283309958,61.68545199540992,62.076501338773426,62.04207573632539,61.65472395766926,61.82876450337881,61.621573377534105,62.338773428535,62.05329593267882,61.81333673339284,62.29096009180161,62.2060436057631,62.18271069743721,61.91419099834247,61.998979982149685,62.01836032130562,62.252199413489734,62.14101746780569,61.91929108759403,62.28930256279485,62.29695269667219,62.11347698584725,62.35802626545964,62.15109014407752,62.41361723830167,62.1711079943899,62.149432615070765,61.91699604743083,62.39270687237027,61.99974499553742,62.24340175953079,62.06630116027031,62.01326023205406,62.002040035700624,62.18232819074334,62.095499171235495,62.36707892388117,61.698457223001405,62.08249394364401,62.27094224148922,61.97768710952442,62.28241744230524,62.140889965574395,62.10506183858217,61.92133112329466,62.397424454927965,62.13923243656764,62.14037995664924,61.839219686344514,62.053805941603976,62.058396021930385,61.68940456457988,62.03187555782226,62.00918016065281,61.77113349483616,61.76539589442815,61.78324620680862,61.92579370138977,62.130434782608695,61.91240596710443
14,62.08816940847042,62.07462373118656,61.86877843892194,61.72499124956248,61.868358417920895,61.95946797339867,62.243157157857894,61.796989849492476,61.808050402520124,61.90234511725586,61.886034301715085,61.57182359117956,62.19054952747637,62.011830591529574,61.87630381519076,61.960623031151556,61.915330766538325,61.75145257262863,61.90115505775289,61.74277213860693,61.816800840042,62.213230661533075,61.762513125656284,61.74161708085404,61.664053202660135,61.85862793139657,61.68956947847392,59.41732586629332,59.265278263913196,59.718760938046906,59.84025201260063,60.15540777038852,60.500035001750085,60.71893594679734,60.79009450472524,61.16310815540777,61.093209660483026,61.24354217710886,61.08522926146307,61.09184459222961,61.314280714035704,61.26177808890444,61.13972698634932,61.18984949247462,61.27598879943997,60.771123556177805,61.368638431921596,61.3778788939447,61.496569828491424,61.25565278263913,61.64084704235212,61.07868393419671,58.07812390619531,58.55022751137557,58.9857192859643,59.18274413720686,59.2198809940497,59.566818340917045,59.99093454672734,60.24651732586629,60.23265663283164,60.50647532376619,60.57602380119006,60.54011200560028,60.728946447322365,60.48106405320266,61.00584529226461,60.987714385719286,60.67189359467974,61.31183059152958,60.91953097654883,60.93153657682884,60.69891494574729,60.70220511025551,60.81701085054253,60.92387119355968,60.88456422821141,60.83419670983549,61.042597129856496,60.92425621281064,61.13825691284564,60.97052852642632,60.930801540077006,61.14700735036752,60.8434371718586,60.882674133706686,60.697794889744486,61.0574378718936,60.715820791039555,60.963213160658036,60.64403220161008,60.94301715085754,60.677598879944,60.87840392019601,60.74382219110956,61.05292264613231,60.52866643332167,60.730661533076656,60.790584529226464,60.74242212110605,60.8249212460623,60.946482324116204,60.65547777388869,60.73514175708785,60.92275113755688,60.75582779138957,60.487259362968146,60.6795589779489,60.703570178508926,60.701610080504025,60.57315365768289,60.56282814140707,60.78036401820091,60.73832691634582,60.34602730136507,60.43199159957998,60.50675533776689,60.617325866293314,60.63300665033252
15,61.094182825484765,60.878907795805304,60.46438464582509,60.542342698852394,60.96181242580135,60.64404432132964,61.338345864661655,60.66660071230709,60.88504155124654,60.886624455876536,60.88326078353779,60.74871388998813,61.16956865848832,60.86703601108033,60.59002770083102,60.89631974673526,60.8597150771666,61.14226355362089,60.79224376731302,60.64819944598338,60.862485160269095,61.13533834586466,60.61396913335972,60.817372378314204,60.490502572220024,60.94064107637515,60.37257617728532,60.324297586070436,59.78907795805303,59.31796596755046,59.107043925603485,59.2586070439256,59.61218836565097,59.982192322912546,59.95330431341512,60.399683419074,60.24258013454689,60.16541353383459,60.09180846853977,60.186584883260785,60.67926394934705,60.27423822714682,60.25741986545311,60.30648990898298,60.34784329244163,59.725563909774436,60.56232686980609,60.43688167787891,60.613375544123464,60.17214087851207,60.693707954095764,60.306687772061736,59.99544914918876,58.82607835377919,58.77760189948555,58.767313019390585,58.998614958448755,58.997427779976256,59.26236644242184,59.88148001582905,59.810249307479225,59.8605065294816,60.16462208151959,59.72338741590819,59.72457459438069,59.794222398100516,60.49149188761377,59.95666798575386,60.152750296794615,60.444796201028886,60.05263157894737,59.96478037198259,59.74416303917689,60.03660466956866,59.830827067669176,59.926394934705186,60.30411555203799,59.994657696873766,60.256430550059356,60.190146418678275,60.022754254056196,59.81242580134547,60.15294815987337,60.39750692520776,60.34982192322912,60.19172932330827,59.950336367233874,60.253660466956866,59.89493470518401,60.190542144835774,59.829442026117924,60.10427384250099,60.063316185199845,60.06153541749109,60.07024139295608,60.270083102493075,60.01622477245746,60.110605461020974,60.05896319746735,59.9396517609814,60.05461020973486,60.249505342303124,60.17075583696082,59.789671547289274,60.33537791848041,59.9008705975465,59.94736842105263,59.95686584883261,60.12920459042343,59.902651365255245,59.86664028492283,59.838741590819154,60.149980213692125,60.31677878907796,59.72239810051445,59.86228729719034,59.8197467352592,60.17233874159082,60.02136921250494
16,63.02292075965946,62.924688932547475,62.56437459070072,62.6060248853962,62.65487884741323,62.57105435494434,62.965946299934515,62.63562540929928,62.769482645710546,62.65579567779961,62.58624754420432,62.2702030124427,62.915651604453174,62.60943025540275,62.716044531761625,62.65907007203667,62.64990176817289,62.60235756385069,62.533071381794365,62.515782580222655,62.379043876882776,62.530975769482644,62.495219384413886,62.30137524557957,62.29941060903733,62.46234446627374,62.335428945645056,61.14760969220694,60.22855271774721,60.81349050425671,61.055140798952195,61.23405370006549,61.716175507531105,61.80170268500328,61.941977734119185,62.154682383759,62.25396201702685,62.30451866404715,61.85212835625409,62.22632612966601,62.30661427635887,62.23064833005894,61.875834970530455,62.130058939096266,62.1901768172888,61.45383104125737,62.05461689587426,62.09744597249509,62.418598559266535,61.85448592010478,62.33071381794368,61.89954158480681,59.388343156516044,59.74368041912246,60.441912246234445,60.632089063523246,60.744466273739356,61.0740013097577,61.461034708578914,61.56673215455141,61.66784544859201,61.603667321545515,61.94315651604453,61.626981008513425,61.7358218729535,61.42318271119843,61.926522593320236,61.88762278978389,61.5335952848723,62.10137524557957,61.69037328094303,61.866928618205634,61.66574983628029,61.76725605762934,61.623837590045845,61.72599869024231,61.79436804191224,61.710019646365424,61.708185985592664,61.72429600523903,61.79030779305828,61.57694826457105,61.65972495088408,61.88081204977079,61.58375900458415,61.679633267845446,61.34826457105436,61.71944990176817,61.33516699410609,61.65553372626064,61.397249508840865,61.472167648984936,61.34525212835626,61.44806810740013,61.40550098231827,61.78166339227243,61.33975114603798,61.65671250818598,61.53542894564506,61.40956123117223,61.50137524557957,61.53817943680419,61.14053700065488,61.116961362148004,61.417550753110675,61.52770137524558,61.191879502292075,61.34119187950229,61.3199738048461,61.420432220039295,61.29535036018336,61.28945645055665,61.31263916175507,61.45003274394237,61.13765553372626,61.18808120497708,61.16201702685003,61.2316961362148,61.10609037328094
17,57.57985566363351,57.35801694383433,56.99403828051459,56.992469406965796,56.98797196945926,57.00951783286267,57.42160861834536,56.87271205940801,57.08984415856082,57.01265557996025,57.01694383432695,56.83579123522644,57.41700658926891,57.13314506850748,56.99748980232193,56.860056479447756,57.002301014538226,56.969773036293276,56.97887250287627,56.76550570024056,57.12760171530174,57.37370567932225,56.71948540947599,56.85534985880138,56.72461039640205,57.29463445246313,56.96663528919569,56.8361050099362,56.66635289195691,56.352264407488754,55.95397970923543,56.12226754523586,56.091413032109614,56.01568873548792,56.11860684028867,56.49482271728898,56.47463654429453,56.47578705156364,56.16462713105324,56.15092563539379,56.59010563748562,56.305616567304675,56.40644284070704,56.48457274343688,56.91622215249451,56.091099257399854,56.62409789770945,56.59585817383119,56.68737579751072,56.41637903984939,56.66928145591465,56.453718230310635,56.62273820730049,56.47997071436042,56.13429557577659,55.821566781717394,55.82418157096538,55.83955653174354,55.9231251961092,55.90775023533103,55.91182930655789,56.24348917477251,56.291810480075306,55.97845413659659,56.14663738102709,55.99937245058048,56.82324024683611,56.32695324756825,56.03409685179375,56.60171530174668,56.32015479552348,56.17278527350695,56.21357598577555,56.05166823554021,56.326744064428404,56.08994875013074,56.4019454032005,56.270264616671895,56.55192971446501,56.455287103859426,56.4190984206673,56.39587909214517,56.53299864030959,56.52212111703797,56.476623784123,56.52368999058676,56.1794791339818,56.57096538019036,56.239305511975736,56.438029494822715,56.356029704005856,56.3825959627654,56.36743018512708,56.342851166196006,56.48248091203849,56.76153122058362,56.14600983160757,56.5238991737266,56.402991318899694,56.21901474741136,56.454659554439914,56.501098211484155,56.3250705993097,56.2654534044556,56.61060558518983,56.26942788411254,56.25384374019454,56.38447861102395,56.4099989540843,56.43112645120803,56.15521388976048,56.27413450475892,56.26785901056375,56.45089425792281,56.195900010459155,56.39880765610292,56.309591046961614,56.47944775651082,56.374019454032
18,59.75072020951549,59.77996508075076,59.52697512003492,59.44504583151462,59.38629419467482,59.48926233085989,59.85888258402444,59.557965953731994,59.48721082496726,59.63675250982104,59.61540811872545,59.29000436490615,59.89305979921431,59.64958533391532,59.71606285464863,59.47044958533392,59.57450894805762,59.359144478393716,59.60523788738542,59.38659973810563,59.46918376254911,59.759973810563075,59.294151025752946,59.506023570493234,59.25543430816237,59.554517677869924,59.4461807071148,58.35399388913138,57.780052378873854,58.25827149716281,58.28594500218245,58.592230467044956,58.75656918376255,58.860759493670884,58.962854648625054,58.93269314709734,59.01955477957224,59.12300305543431,58.8696639022261,58.792710606721954,59.1542994325622,59.09009166302924,58.97040593627237,58.91846355303361,59.21968572675687,58.67581841990397,58.919380183326055,59.135399388913136,59.328939327804456,58.974858140549976,59.4457005674378,59.034526407682236,57.02509821038848,57.47040593627237,57.925447402880835,58.043212570929725,58.05298996071584,58.21348756001746,58.48481012658228,58.61230903535574,58.54901789611523,58.71610650371017,58.65325185508512,58.602487996508074,58.655696202531644,58.536534264513314,59.07350501964208,58.904539502400695,58.61038847664775,59.08873854212134,58.82976865997381,58.90864251418594,58.729550414666086,58.741597555652554,58.71501527717154,58.919249236141425,58.73683980794413,58.70008729812309,58.923963334788304,58.799781754692276,58.97114797031864,58.80301178524662,58.83134002618944,58.9819292885203,58.77415975556526,58.874727193365345,58.64382365779136,58.87184635530336,58.579790484504585,58.76639022261021,58.561501527717155,58.776167612396335,58.519598428633785,58.57350501964208,58.64849410737669,59.008817110432126,58.500480139676995,58.6782627673505,58.664862505456135,58.48179834133566,58.68406809253601,58.75984286337844,58.541553906591005,58.48136185072021,58.95704932343955,58.48987341772152,58.511436054124836,58.58223483195111,58.5312090790048,58.58703622872108,58.323832387603666,58.424574421649936,58.66381492797905,58.48620689655172,58.19397642950677,58.60100392841554,58.29585333915321,58.65770405936272,58.52130074203404
19,58.77801186017478,58.53893570536829,58.23096129837703,58.01443508114856,58.15691323345818,58.16846129837703,58.42493757802747,57.971441947565545,58.18570536828964,58.30883270911361,58.17883895131086,57.9433520599251,58.49055867665418,58.38927902621723,58.2169163545568,58.061875780274654,58.07350187265918,58.2606897627965,58.14520911360799,58.150202871410734,58.359316479400746,58.45552434456929,58.09043383270912,58.28737515605493,58.04197877652934,58.20287141073658,58.17649812734082,58.031991260923846,57.975499375780274,57.657069288389515,56.892634207240945,56.62554619225968,56.62617041198502,56.64661360799001,56.695614856429465,57.14146379525593,57.109160424469415,57.329588014981276,57.166042446941326,57.29978152309613,57.526607365792756,57.44272784019975,57.348392634207244,57.493835830212234,57.57662297128589,57.05875468164794,57.829588014981276,57.70435393258427,57.907303370786515,57.57911985018727,57.88600187265918,57.71309300873908,57.67407927590512,57.432740324594256,56.941869538077405,56.55352684144819,56.24492821473159,56.28503433208489,56.20185705368289,56.590823970037455,56.51942883895131,56.840980024968786,57.19483458177278,56.89364856429463,56.93695380774032,56.86228152309613,57.46090823970037,57.296738451935084,57.16885143570537,57.64442883895131,57.29712858926342,57.305633583021226,57.12819912609238,57.07677902621723,57.05477528089887,57.284098002496876,57.30735018726592,57.27769975031211,57.3455836454432,57.491807116104866,57.38381710362047,57.32233146067416,57.33224094881398,57.48275593008739,57.26474719101124,57.39333645443196,57.193820224719104,57.398096129837704,57.13217852684145,57.34706616729088,57.09199438202247,57.17322097378277,57.2560861423221,57.260143570536826,57.188748439450684,57.513732833957555,57.08302122347066,57.511860174781525,57.33941947565543,57.09730024968789,57.30844257178527,57.33325530586767,57.12351747815231,57.21067415730337,57.50577403245943,57.41838327091136,57.207084893882644,57.10502496878902,57.29268102372035,57.31171972534332,57.039481897627965,57.28643882646691,57.414794007490634,57.20365168539326,56.89489700374532,57.16697877652934,56.94631710362047,57.4603620474407,57.25507178526841
20,63.55555555555556,63.57669983416252,63.178067993366504,62.90650912106136,62.88743781094527,62.892412935323385,63.27798507462686,62.72305140961858,62.858830845771145,62.648009950248756,62.98548922056385,62.31032338308458,63.02218076285241,62.68200663349917,62.782752902155885,62.47802653399668,62.32338308457712,62.52964344941957,62.44589552238806,62.324419568822556,62.524875621890544,62.75207296849088,62.12375621890547,62.12064676616915,62.18718905472637,62.35737976782753,62.26554726368159,57.759328358208954,58.06135986733002,58.87271973466003,59.35261194029851,59.84742951907131,60.268242122719734,60.63640132669983,60.97533167495854,61.51969320066335,61.384535655058045,61.3115671641791,61.4554311774461,61.48859867330017,61.824419568822556,61.72056384742952,61.87479270315091,61.72139303482587,61.735074626865675,61.34286898839137,62.042703150912104,61.932628524046436,61.91397180762852,61.77446102819237,62.05161691542288,61.02674129353234,56.76782752902156,57.30597014925373,57.72781923714759,58.114427860696516,58.38287728026534,59.10406301824212,59.61587893864013,60.151326699834165,60.132255389718075,60.39863184079602,60.36898839137645,60.14033996683251,60.20190713101161,60.4007048092869,60.56985903814262,60.600124378109456,60.21268656716418,61.11152570480929,60.6985903814262,60.69423714759536,60.28648424543947,60.47035655058043,60.42060530679934,60.425787728026535,60.19071310116086,60.575456053067995,60.74709784411277,60.38640132669983,60.439262023217246,60.46890547263681,60.41314262023217,60.58457711442786,60.28565505804312,60.448175787728026,60.13598673300166,60.59017412935324,59.99564676616915,60.1985903814262,59.82131011608624,60.185737976782754,59.73466003316749,59.95957711442786,60.06820066334992,60.40941127694859,59.696932006633496,60.124585406301826,59.85717247097844,59.52093698175788,59.69506633499171,59.658996683250415,59.45522388059702,59.625,60.073175787728026,59.55327529021559,59.499585406301826,59.62147595356551,59.49543946932007,59.52860696517413,59.34846600331675,59.57172470978441,59.54228855721393,59.59908789386402,59.225746268656714,59.287728026534,59.33893034825871,59.733623548922054,59.32483416252073
21,60.09746537758035,59.61458061144499,59.185654559707345,59.18513195714659,59.017376535145026,59.17533315913248,59.30010452051215,59.02782858636007,59.19349359811863,59.51450222106088,59.26038672589495,58.95061405800888,59.32741050431147,59.253723543245364,59.17115233864646,59.14345440292657,59.19336294747844,59.03462241964986,58.907891298667366,58.91363992683564,59.06885288737915,59.42317742356938,58.91925790436373,59.09080219493075,58.58766657956624,59.28978311993729,59.140057486281684,58.78233603344656,58.34073686961066,58.20904102430102,57.43911680167233,57.723412594721715,57.76992422262869,57.92997125685916,57.89574078912987,58.27162268095114,58.22275934152077,58.30990331852626,58.166579566239875,58.20172458845048,58.56754638097727,58.21661876143193,58.211392735824404,58.4515286124902,58.521557355631046,57.97099555787823,58.63966553436112,58.35706819963418,58.58622942252417,58.24980402403972,58.85432453619023,58.66370525215574,58.473739221322184,57.86804285340998,57.628821531225505,57.45348837209303,57.1024301019075,57.34217402665273,57.54611967598641,57.86046511627907,57.58061144499608,58.13561536451529,58.04128560229945,57.794747844264435,58.07590802194931,58.02456232035537,58.52377841651424,58.377711000783904,58.043637313822835,58.43245361902273,58.413117324274886,58.192317742356934,58.08100339691664,58.2004180820486,58.07042069506141,58.15390645414163,58.050953749673376,57.983015416775544,58.17794617193624,58.3579827541155,58.5429840606219,57.982884766135356,58.428926051737655,58.61654037104782,58.14227854716488,58.130650640188136,58.03253200940684,58.4427750195976,58.0484713875098,58.180559184740005,58.13848967859943,58.06310425921087,58.156780768225765,58.10282205382806,58.248105565717275,58.68095113666057,58.003004964724326,58.28507969689051,58.26639665534361,58.09171674941207,58.33054611967599,58.21152338646459,58.14227854716488,58.20917167494121,58.443820224719104,58.15207734517899,57.90318787562059,57.9515286124902,58.11079174287954,58.407107394826234,58.019336294747845,58.173634700810034,58.23399529657695,58.102691403187876,57.796185001306505,58.21047818134309,57.94956885288738,58.22275934152077,58.035536974131176
22,64.10557070510323,63.65601869887028,63.26723802103623,63.694974678613164,63.85820023373588,63.503311258278146,63.66069341643942,63.158161277756136,63.45578496299182,63.834047526295286,64.18426178418387,63.8005453837164,64.45305804440981,64.2263342423062,64.15504479937671,64.2208804051422,64.41176470588235,64.70159719516946,64.4394234514998,64.66809505259057,64.27853525516167,64.72263342423062,64.43280093494351,64.56914686404363,64.21503700818076,64.38994935722633,64.27035449941566,58.16790027269186,57.04557849629918,58.64394234514998,59.23880015582392,60.716790027269184,61.16478379431243,62.38059992208804,63.05336969224776,63.02532138683288,63.381768601480324,63.33112582781457,63.22049084534476,63.17452278924815,63.97545773276198,63.437086092715234,63.59602649006622,63.37202960654461,63.90689520841449,63.314374756525126,63.831710167510714,63.75146084924036,63.89637709388391,63.96026490066225,63.740942734709776,62.97156213478769,55.740942734709776,56.1172574990261,56.64394234514998,58.306973120373975,58.91195948578107,59.61433580054538,60.253213868328785,61.118815738215815,61.08726139462407,61.334242306194,61.62329567588625,61.244643552785355,61.52902220490845,61.78613167121153,62.13245033112583,61.909622126996496,61.454616283599535,62.157382158161276,62.23957927541878,61.81846513439813,62.01246591351772,61.59135177249708,61.91195948578107,61.96143358005454,62.119594857810675,61.97740553174912,62.03934553954032,62.17374366965329,61.84300740163615,61.91585508375535,61.9446825087651,62.13283989092326,61.95714842228282,62.21815348656019,61.85742111414102,61.94624074795481,61.59797428905337,61.7479548110635,62.05687573042462,62.0821971172575,62.27035449941566,61.35372029606545,61.909622126996496,62.24152707440592,61.60186988702766,62.164394234515,61.481495909622126,61.491624464355276,61.48967666536814,61.79275418776782,61.72808726139463,61.59524737047137,62.034670821971176,61.97234125438255,61.820023373587844,61.82041293338528,62.17686014803272,62.002726918582,61.97389949357226,62.04051421893261,62.06895208414492,61.901441371250485,61.585508375535646,61.74328009349435,61.708998831320606,62.087650954421505,62.00428515777172
23,65.4568861472442,65.40203835322515,65.16883465200483,65.20571275311788,64.98504760627598,65.13007912028966,65.5790532385678,65.2676679629878,65.26458361271288,65.06832506369854,65.20081802333378,64.7452058468553,65.52863081668231,65.20738903044119,65.268472576103,65.04894729784095,64.81460372804077,64.85121362478209,65.07979080059005,64.90653077645166,65.04988601314201,65.29609762639132,64.80863618076975,64.95527692101382,64.6520048276787,65.41390639667426,65.07737696124447,63.814469625854905,61.37917393053507,60.88547673327075,60.84591658844039,61.47867775244737,61.952527826203564,62.609695588038086,63.231192168432344,63.45326538822583,63.84812927450717,63.77531178758214,63.93187608958026,63.74708327745742,64.23514818291538,64.12719592329356,64.00891779536006,64.1164677484243,64.13443744133029,63.65448571811721,64.2885208528899,64.23474587635778,64.58026015824058,64.25472710205176,64.77893254660052,64.22770551159984,62.97901300791203,60.47720262840284,59.945822716910286,60.42302534531313,60.894930937374276,61.45433820571275,61.88567788654955,62.64972509051898,62.89084082070538,63.22421885476733,63.280541772830894,63.246882124178626,63.49584283223817,63.29643288185597,63.91015153547003,63.832372267667964,63.60413034732466,64.15220598095749,64.1935094542041,64.01998122569398,63.61143891645434,63.86267936167359,63.909145769076034,64.18056859326806,63.85892450046936,63.86113718653614,64.13168834652005,64.0054981896205,64.10077779267802,64.08756872737025,64.16192838943275,64.08817218720665,64.04894729784095,64.13001206919672,63.84685530374145,64.23320370122033,63.71751374547405,64.02319967815475,63.84672120155559,63.952863081668234,63.77772562692772,63.85771758079657,63.75385543784364,64.08475258146707,63.718653614053906,63.83994904116937,63.762035671181444,63.74567520450584,63.828684457556655,64.07811452326673,63.64496446292075,63.597291135845516,63.93428992892584,63.68640203835322,63.62518439050557,63.62940860936033,63.655022126860665,63.76887488266059,63.563229180635645,63.682781279334854,63.78858790398284,63.725895132090656,63.48927182513075,63.60962853694515,63.574426713155425,63.88795762370927,63.780541772830894
24,61.79420514810503,61.569266589057044,61.38222739619713,61.47729918509895,61.361402147199584,61.37472513258311,61.78437459578321,61.59837019790454,61.547665243823566,61.41184840253525,61.68283533824861,61.35325313672229,62.06221704824732,61.49269176044496,61.80843357909714,61.214849307980856,61.66485577544949,61.515327900659685,61.45699133359203,61.212521019273055,61.46863277713103,61.58815159746475,61.43862372267495,61.37084465140344,61.09145000646747,61.66563187168542,61.24369421808304,60.39749062217048,58.97891605225715,59.73470443668348,59.706506273444575,60.10723062993144,60.10464364247834,60.62217048247316,60.79860302677532,60.96365282628379,60.87233216918898,60.9965075669383,60.925624110723064,60.807140085370584,61.07075410684258,60.862242918121844,60.686069072565,60.95498641831587,61.0395809080326,60.79769758116673,61.05186909843487,60.974259474841546,61.03582977622558,60.87879963782176,61.14370715302031,61.12326995214073,58.686974518173585,58.709998706506276,59.11343939981891,59.47303065580132,59.520113827447936,59.74466433837796,60.35829776225585,60.318587504850605,60.43189755529686,60.43099210968827,60.570042685292975,60.519337731212005,60.49592549476135,60.36786961583236,60.92394256887854,60.868451688009316,60.50148751778554,61.02845686198422,60.79446384685034,60.81528909584789,60.5367998965205,60.569266589057044,60.79097141378864,60.712844392704696,60.69150174621653,60.617513905057564,60.868063639891346,60.9310567843746,60.97813995602122,60.631095589186394,60.71155089897814,60.99004009830552,60.58297762255853,60.78010606648558,60.48286120812314,60.78049411460354,60.45362824990299,60.8926400206959,60.50523864959255,60.65243823567456,60.372138145129995,60.68037770016815,60.53485965593067,60.767947225455956,60.33527357392317,60.521666019919806,60.502522312766786,60.445867287543656,60.62475746992627,60.38636657612211,60.55581425430087,60.45065321433191,60.79239425688785,60.42025611175786,60.25649980597594,60.263614021471994,60.37834691501746,60.690854999353256,60.259604190919674,60.325443021601345,60.482990557495796,60.41792782305006,60.19803388953564,60.12727978269305,60.240072435648685,60.51558659940499,60.4201267623852
25,63.437338372786954,63.26939526556595,62.95782773025662,62.864680724089915,62.94952257807838,62.91282076785359,63.25731052317486,62.856475034812014,63.07196140839467,63.073403620449575,62.97205092500497,62.56380545056694,63.307539287845636,63.07146409389298,63.00765864332604,63.02292619852795,62.80142231947484,62.958275313308135,62.9938830316292,62.69827929182415,62.76894768251442,63.049930375969765,62.633131092102644,62.68718917843644,62.52600954843843,63.076337776009545,62.88059478814402,61.25293415555998,59.622936144817984,59.426795305351106,59.54948279291824,60.13825343147006,60.798388701014524,61.17410980704197,61.52949074995027,61.81634175452556,61.9287348319077,62.059528545852395,61.83026656057291,61.89123731848021,62.18947682514422,62.009051123930774,62.070618659240104,62.325989655858365,62.21479013328029,61.79978118161926,62.384075989655855,62.19151581460115,62.514770240700216,62.16620250646509,62.54291824149592,62.378903918838276,61.06087129500696,59.0012930177044,58.960463497115576,59.28675154167495,59.684155559976126,60.023025661428285,60.906554605132285,61.309528545852395,61.34697632782972,61.502387109608115,61.62179232146409,61.563606524766264,61.55361050328228,61.49547443803461,62.03704993037597,61.93843246469067,61.677193156952455,62.28138054505669,61.97503481201512,62.007409986075196,61.68335985677342,61.8109707579073,61.92396061269147,61.81475034812015,61.80395862343346,61.890740003978514,61.99736423314104,62.020489357469664,61.971603341953454,62.11552615874279,62.06589417147404,62.14680724089914,61.79286851004575,62.05768848219614,61.83369803063457,62.21280087527352,61.695643524965185,62.02665605729063,61.791674955241696,61.91142828724885,61.82390093495126,61.96598368808434,61.83305152178237,62.279043166898745,61.63730853391685,61.95981698826338,61.983339964193355,61.59359458921822,61.8910881241297,62.05366023473245,61.78595583847225,61.807887407996816,62.08931768450368,61.8116172667595,61.77029043166899,61.71643127113587,61.97647702407002,62.00278496120947,61.940869305748954,61.826586433260395,61.93047543266362,61.932216033419536,61.546101054306746,61.763477222995824,61.74646906703799,61.91993236522777,61.74104833896956
26,64.22838313827974,64.13799568230883,64.08828542211113,63.878025224406315,63.84740370412453,64.00914668787638,64.30360186342462,63.81104419952278,64.0357345756164,64.11742983751846,63.92603113282581,63.85660720372685,64.20287467333257,64.09515964094989,64.0657879786388,63.70520395409613,63.973866606067496,63.8158731962277,63.796841268037724,63.63288262697421,63.818429723895015,63.96403817747983,63.666571980456766,63.91625951596409,63.379218270651066,63.80865810703329,63.75911828201341,63.22821270310192,61.69912509942052,61.605726621974775,61.80013634814226,62.189807976366325,62.42790591978184,62.75559595500511,63.0,63.04005226678787,63.25241449835246,63.347858197932055,62.984490398818316,63.08499034200659,63.36189069423929,63.03857516191342,63.08374048403591,63.11595273264402,63.18923985910692,62.877116236791274,63.35990228383138,63.40057947960459,63.61453243949551,63.08379729576185,63.70179525053971,63.398875127826386,62.18776275423247,60.54738097943415,60.8932507669583,61.21952050903307,61.49761390751051,61.79792069083059,62.12509942052039,62.74264288149074,62.69730712419043,62.87961595273264,62.92858766049313,62.65787978638791,62.90069310305647,62.542381547551415,63.25366435632314,63.1303260993069,62.76161799795478,63.32041813430292,62.97676400409044,63.02522440631746,62.736166344733554,62.72764458584252,62.6742415634587,62.96125440290876,62.911885013066694,62.78888762640609,62.9464833541643,63.02863310987388,62.9656857175321,62.81990682876946,62.88631973639359,63.158504715373255,62.82871264629019,62.93949551187365,62.69747755936825,63.02425860697648,62.685433473468926,62.76974207476423,62.63754118850131,62.91023747301443,62.696852630382914,62.7384956254971,62.809339847744575,63.07078741052153,62.48511532780366,62.85251675945915,62.690716963981366,62.56874218838768,62.72701965685717,62.970969208044544,62.74082490626065,62.62833768889899,62.82774684694921,62.556584479036474,62.494318827405976,62.52925803885922,62.475400522667876,62.81990682876946,62.653107601408934,62.593171230541984,62.904953982501986,62.53363254175662,62.403192818997844,62.53931371435064,62.31331666856039,62.7033291671401,62.50267015111919
27,61.96660273045244,61.5588401218549,61.266049870247095,61.27564030238069,61.29933431118132,61.05506036330814,61.77942006092745,61.15378539997744,61.34299898454248,61.434841475798265,61.20128624619203,60.9099627665576,61.558050321561545,61.39625409003723,61.36184136296965,61.16450411824439,61.3725600812366,61.149836398510665,61.381135055850166,61.01771409229381,61.461243371318965,61.414645154011055,61.02820715333409,61.0950016924292,60.94776035202528,61.588626875775695,61.327090150062055,59.53559742750762,58.416901726277786,59.01071871826695,59.19214712851179,59.70912783481891,59.93185151754485,60.56391740945504,60.67166873519125,60.60397156718944,60.75110007898003,60.947083380345255,60.61096694121629,60.58445221708225,60.58783707548234,60.785851291887624,60.741171161006434,60.86065666252962,60.701906803565386,60.45029899582534,60.77265034412727,60.69728083041859,61.051337019068036,60.54845988942796,61.088796118695704,60.756741509646844,58.986234909172964,58.093986234909174,58.77174771522058,58.83662416788898,59.18154123885817,59.43788784835834,59.635563578923616,60.28116890443417,60.19011621347174,60.29955996840799,60.472413404039266,60.05404490578811,60.25871601038023,60.2263341983527,60.8574974613562,60.76689608484712,60.35642558952951,60.68295159652488,60.47297754710595,60.3688367369965,60.41543495430441,60.41566061153108,60.53886945729437,60.50716461694686,60.56944601150852,60.46214600022566,60.57948775809545,60.60329459550942,60.633419835270224,60.469028545639176,60.72221595396593,60.55872729324157,60.45154011057204,60.43506713302494,60.43190793185152,60.54315694460115,59.96761818797247,60.34074241227575,60.25691075256685,60.31332505923502,60.16416563240438,60.301816540674714,60.21437436533905,60.574297641881984,60.062168565948326,60.34762495768927,60.41825566963782,60.34457858512919,60.34728647184926,60.56064537966829,60.165745232991085,60.30644251382151,60.479408778066116,60.29515965248787,60.445560194065216,60.20726616269886,60.260521268193614,60.52487870924066,60.09703260746925,60.33442400992892,60.52645830982737,60.20625070517883,60.000676971680015,60.30294482680808,60.07142051224191,60.4461243371319,60.16089360261763
28,61.59046762589928,61.197841726618705,61.063669064748204,61.173741007194245,61.1455035971223,61.36043165467626,61.71888489208633,60.99730215827338,61.15053956834532,61.15719424460432,61.209352517985614,60.92625899280576,61.49154676258993,61.00089928057554,61.17625899280576,60.91978417266187,61.0818345323741,61.190827338129495,60.92661870503597,60.898381294964025,60.82715827338129,61.37841726618705,60.45341726618705,60.86708633093525,60.76276978417266,60.89370503597122,60.76834532374101,60.55035971223022,59.68453237410072,59.520143884892086,59.40107913669065,59.7681654676259,60.000539568345324,60.31744604316547,60.24892086330935,60.628956834532374,60.4953237410072,60.57482014388489,60.59982014388489,60.486870503597125,60.56726618705036,60.44388489208633,60.252877697841726,60.477697841726616,60.3863309352518,59.67877697841727,60.59586330935252,60.54604316546762,60.87014388489209,60.40809352517986,60.71582733812949,60.53597122302158,59.92176258992806,58.41025179856115,58.69046762589928,59.031654676258995,59.14568345323741,59.18345323741007,59.50557553956835,59.858453237410075,59.80377697841727,60.125,60.21780575539568,60.26384892086331,60.186330935251796,60.03219424460432,60.5023381294964,60.368705035971225,60.14208633093525,60.60665467625899,60.263489208633096,60.21744604316547,60.06420863309353,60.01241007194245,59.90359712230216,60.18956834532374,60.09658273381295,60.193345323741006,60.41654676258993,60.141726618705036,60.264208633093524,60.16960431654676,60.28237410071942,60.46690647482014,60.0294964028777,60.141906474820146,60.156294964028774,60.185251798561154,59.802338129496405,60.22068345323741,59.91510791366907,60.23956834532374,60.00845323741007,60.063489208633094,59.84082733812949,60.110791366906476,59.7568345323741,59.985971223021586,60.05305755395683,59.7818345323741,60.132553956834535,60.02535971223021,59.95377697841727,59.996942446043164,60.545503597122305,60.06205035971223,59.81420863309353,60.031474820143885,60.023381294964025,60.059172661870505,59.85197841726619,59.823021582733816,59.91402877697842,60.00953237410072,59.57356115107914,59.792985611510794,59.76726618705036,60.00935251798561,59.749280575539565
29,62.26316155988858,61.81044568245125,61.50487465181058,61.23899721448468,61.352715877437326,61.34944289693593,61.42715877437326,61.19101671309192,61.24129526462396,61.07757660167131,61.27792479108635,60.88516713091922,61.632520891364905,61.25306406685237,61.387047353760444,60.97785515320334,61.20884401114206,61.05,61.26817548746518,60.891852367688024,60.89317548746518,61.36956824512535,60.94763231197771,61.04623955431755,60.72444289693593,61.474303621169916,60.54359331476323,58.99846796657381,58.39275766016713,58.006615598885794,58.04798050139276,58.47590529247911,58.54686629526462,58.88816155988858,59.15766016713092,59.60842618384401,59.53711699164345,59.82806406685237,59.59965181058496,59.69930362116992,59.999233983286906,59.86538997214485,60.171657381615596,60.23245125348189,60.17346796657382,59.617479108635095,60.30271587743733,60.24491643454039,60.5058495821727,59.876114206128136,60.55731197771588,60.19094707520891,59.47033426183844,58.49268802228412,57.94268802228412,57.860097493036214,58.15856545961003,58.47604456824512,58.576462395543174,59.04282729805014,59.12207520891365,59.25383008356546,59.22674094707521,59.23474930362117,59.281058495821725,59.17465181058496,59.90912256267409,59.7174791086351,59.32966573816156,59.82458217270195,59.615459610027855,59.593036211699165,59.56288300835654,59.454874651810584,59.59568245125348,59.73377437325905,59.65926183844011,59.562186629526465,59.61768802228412,59.7383008356546,59.63767409470752,59.56023676880223,59.478690807799445,59.54972144846796,59.53349582172702,59.46295264623956,59.5058495821727,59.60640668523677,59.28983286908078,59.647214484679665,59.4491643454039,59.54185236768802,59.32451253481894,59.47325905292479,59.51016713091922,59.87263231197772,59.266295264623956,59.44860724233983,59.48593314763231,59.26350974930362,59.65215877437326,59.646309192200555,59.34324512534819,59.37116991643454,59.695055710306406,59.474860724233984,59.29428969359331,59.28433147632312,59.60020891364903,59.6025069637883,59.34310584958217,59.35194986072423,59.816155988857936,59.426532033426184,59.142339832869084,59.51462395543175,59.16685236768802,59.54025069637883,59.38231197771588
30,62.80858916289213,62.765643348431475,62.73846670021808,62.41033383660459,62.26186881395739,62.74702231169267,62.95587988592518,62.60828720013421,62.68713303137058,62.68847508807247,62.63210870659285,62.19359167924845,62.831068612648885,62.45462170776715,62.580942794833085,62.522227814125145,62.41033383660459,62.46854554604932,62.57809092434155,62.40731420902533,62.36218755242409,62.50511659117598,62.19577252138903,62.24106693507801,62.02801543365207,62.3781244757591,62.151987921489685,61.86998825700386,60.336017446737124,59.16440194598222,59.48850863949002,59.95638315718839,60.49119275289381,60.77721858748532,60.994128501929204,61.63462506290891,61.734105015936926,61.43314880053682,61.56181848683107,61.38785438684784,61.771347089414526,61.88307330984734,61.73209193088408,61.897164905217245,61.4752558295588,61.28938097634625,62.05619862439188,61.69770172789801,61.87434994128502,61.52809931219594,61.98439859084046,61.903707431638985,60.83643683945647,58.59536990437846,58.47961751383996,58.67153162221104,58.998657943298106,59.460996477101155,60.21540010065425,60.50343902029861,60.73561482972656,61.1157523905385,61.275289380976346,60.99664485824526,61.04663647039087,61.043113571548396,61.644690488173126,61.70072135547727,61.17513839959738,61.79500083878544,61.543868478443216,61.523905385002514,61.20785103170609,61.24140244925348,61.71716155007549,61.30330481462842,61.41838617681597,61.399597382989434,61.48515349773528,61.61063579936252,61.34255997315886,61.435832913940615,61.45864787787284,61.834927025666836,61.41050159369233,61.379466532460995,61.37980204663647,61.60795168595873,61.04261030028519,61.39825532628753,61.21439355812783,61.507632947492034,61.29340714645194,61.47424928703238,61.24509310518369,61.62405636638148,61.07683274618353,61.32159033719174,61.32830062070123,61.33232679080691,61.298943130347254,61.52088575742325,61.24660291897332,60.92987753732595,61.308505284348264,60.92819996644858,60.87921489682939,61.11843650394229,61.24744170441201,61.24509310518369,61.197114578090925,61.241570206341216,61.11306827713471,61.211709444724036,60.93172286529106,61.14829726555947,60.977688307330986,61.256668344237546,61.14091595369904
31,60.03663352853057,59.689772572518045,59.416587225929455,59.393980661854826,59.22661037723002,59.3017840119842,59.684597575922645,59.0743565300286,59.29620046302601,59.51668255481411,59.175677516001635,58.95110990058559,59.60111670979164,59.4059648644968,59.331063597984475,59.37954514503609,59.101865722456765,58.973171728176496,59.407190521585186,58.920468473376005,59.242543919379,59.178537382541194,59.071088111126244,58.896772436333926,58.82677379817513,59.34917608606836,59.48072994688819,58.07013482227972,57.4829088928231,57.319351763584365,57.115756502791776,57.38145172272913,57.67996731581098,57.58640882473104,57.82827182350538,58.388397112896634,58.69481138499251,58.40923328339915,58.35748331744519,58.21244722865314,58.72136728857415,58.43878523764129,58.83385537246357,58.7721639656816,58.89935993463162,58.0791229742612,58.697126515048346,58.79027645376549,58.75432384583957,58.608198284080075,59.05093286122838,58.737709383085935,58.51654637069318,57.51886150074901,57.2031867084298,57.28380770802124,57.11548413454991,57.262426801035,57.73457714830451,57.906577693040994,57.836034318398475,58.189295928094786,58.295247174179494,57.95791910663217,57.99101184801852,57.9334059648645,58.24526760179763,58.334740569249625,58.14721503472695,58.65409233283399,58.24567615416043,58.36347541876617,58.03268418902356,58.34182214353806,58.159199237368924,58.37709383085932,58.388397112896634,58.10241045894049,58.45580825275773,58.56298515593082,58.504970720414,58.326705706114666,58.43973852648781,58.47351218847882,58.23437287212311,58.28122020972354,58.0670025874983,58.37219120250579,58.10622361432657,58.394661582459484,58.15906305324799,58.392891188887376,58.053247991284216,58.14816832357347,58.163965681601525,58.547868718507424,58.16628081165736,58.31962413182623,58.43606155522266,58.19447092469018,58.22851695492306,58.43769576467384,58.17472422715512,58.09546506877298,58.35693858096146,58.44927141495302,58.11820781696854,58.204548549639114,58.367560942394114,58.24826365245812,58.0371782650143,58.19447092469018,58.44504970720414,58.34590766716601,57.89200599210132,58.36047936810568,58.23110445322075,58.58273185346589,58.116845975759226
32,65.05027291008331,64.74806090203964,64.48118356794025,64.78066647515082,64.50703820741167,64.76960643493248,65.07296753806378,64.30853203102556,64.56851479459925,64.62956047112898,64.8442976156277,64.292157426027,64.92157426027003,64.64780235564493,64.5461074403907,64.4379488652686,64.48635449583453,64.37345590347601,64.38178684286125,64.41180695202527,64.29933927032462,64.76702097098534,64.32792301062914,64.34357943119794,64.13602413099684,64.24633725940822,64.1930479747199,63.66618787704682,62.033323757540934,60.67178971559897,60.86828497558173,61.048692904337834,61.920281528296464,62.47759264579144,62.819448434357945,63.20195346164895,63.314708417121516,63.21918988796323,63.41913243320885,63.251220913530595,63.69520252800919,63.735851766733695,63.61390405056019,63.65771330077564,63.7575409365125,63.26975007181844,64.00373455903475,63.76472278081011,64.13386957770756,63.808962941683426,64.43995978167193,64.01436368859522,63.24906636024131,60.26975007181844,59.704108014938235,59.978167193335246,60.50732548118357,61.064205688020685,61.820310255673654,62.31743751795461,62.870008618213156,63.164176960643495,63.17451881643206,62.88753231829934,63.288710140764145,63.300775639184145,63.65096236713588,63.67451881643206,63.41654696926171,63.97012352772192,63.6304222924447,63.83611031312841,63.50359092214881,63.55056018385521,63.51493823613904,63.57181844297616,64.04883654122379,63.54912381499569,64.06133295030163,64.09594943981614,63.82375754093651,63.75308819304797,63.868859523125536,63.77793737431772,63.72608445848894,64.08517667336972,63.61289859235852,63.845446710715315,63.82476299913818,63.81327204826199,63.560471128985924,63.71272622809538,63.59867854064924,63.77980465383511,63.45259982763574,64.06004021832807,63.29072105716748,63.446279804653834,63.35320310255673,63.482907210571675,63.61246768170066,63.477305372019536,63.53519103705832,63.32332663027866,63.65182418845159,63.468687158862394,63.385234128124104,63.45619074978455,63.47629991381787,63.75280091927607,63.45101982189026,63.47184717035335,63.77506463659868,63.568658431485204,63.05889112324045,63.65440965239873,63.436943407066934,63.71042803792014,63.57196207986211
33,57.66530460624071,57.2444279346211,57.003250371471026,56.782039375928676,56.753250371471026,56.77674591381872,57.087017087667164,56.59834695393759,56.789747399702826,56.73272659732541,56.710252600297174,56.475111441307575,56.94409361069837,56.863020059435364,56.80599925705795,56.7908618127786,56.653231797919766,56.691957652303124,56.661404160475485,56.55302748885587,56.681835066864785,57.05033432392273,56.69390787518574,56.50947251114413,56.53436106983655,57.003436106983656,57.01532317979198,56.09008172362556,56.03751857355126,55.76968796433878,55.604476225854384,55.860791233283805,55.764580237741455,55.82252971768202,56.03844725111441,56.38391530460624,56.290583209509656,56.41614041604755,56.156296433878154,56.29439078751857,56.428863298662705,56.24034175334324,56.16549034175334,56.659825408618126,56.48161218424963,55.996563893016344,56.44344353640416,56.31630757800892,56.588224368499255,56.31342867756315,56.69381500742942,56.46331723625557,56.177098811292716,55.94270059435364,55.820950965824665,55.596953937592865,55.388187221396734,55.43248514115899,55.616363298662705,55.81138558692422,55.781482169390785,56.05590638930163,56.027674591381874,55.75770802377414,55.820765230312034,55.81770059435364,56.31612184249629,56.171155274888555,55.901095839524515,56.43174219910847,56.178306092124814,56.18824294205052,55.87592867756315,55.84193907875186,55.95560921248143,56.05553491827637,55.9535661218425,55.865806092124814,56.13131500742942,55.914747399702826,56.130850668647845,55.974739970282315,56.04262630014859,56.2809249628529,56.008450965824665,56.11422734026746,55.849925705794945,56.133822436849925,55.843332095096585,55.95514487369985,55.90081723625557,56.10651931649331,55.96693907875186,55.970932392273404,56.102897473997025,56.44251485884101,55.71610326894502,56.09769687964339,56.18276374442794,55.8137072808321,56.077451708766716,56.27878900445765,55.80414190193165,55.89747399702823,56.325687221396734,55.966010401188704,55.89747399702823,55.73337667161962,55.9511515601783,56.14088038632987,55.875,55.83358098068351,55.97975482912333,55.841381872213965,55.75956537890045,55.6930720653789,55.923105497771175,56.02135958395245,56.01940936106983
34,63.690642458100555,63.51908752327747,63.22462756052141,63.08379888268156,63.04725325884544,63.45670391061452,63.38617318435754,63.14525139664804,63.22253258845438,63.18994413407821,63.5256052141527,62.99511173184357,63.65409683426443,62.99976722532588,63.25954376163873,63.48091247672253,63.38337988826816,63.32891061452514,63.209729981378025,63.410614525139664,63.44553072625698,63.590782122905026,63.18156424581006,63.55167597765363,63.08635940409683,63.54120111731844,63.26792364990689,62.99906890130354,61.222998137802605,60.614525139664806,60.2725791433892,60.84753258845438,61.218109869646185,61.79352886405959,61.762569832402235,62.50256052141527,62.54329608938548,62.69599627560521,62.5768156424581,62.42062383612663,63.091945996275605,62.822858472998135,62.53864059590317,62.739525139664806,62.71252327746741,62.417830540037244,62.968109869646185,62.68133147113594,63.21135940409683,62.91201117318436,63.04655493482309,63.24185288640596,62.377793296089386,60.13733705772812,59.29329608938548,59.746741154562386,59.80656424581006,60.67574487895717,60.90409683426443,61.64269087523277,61.7725791433892,62.10824022346369,62.142225325884546,61.85498137802607,61.77793296089386,61.885474860335194,62.29911545623836,62.54841713221602,62.02816573556797,62.69017690875233,62.29445996275605,62.50093109869646,61.89990689013035,62.08915270018622,62.140130353817504,62.14315642458101,62.23882681564246,62.25372439478585,62.159217877094974,61.99976722532588,62.016294227188084,62.071461824953445,62.192970204841714,62.17411545623836,61.96182495344507,62.04608938547486,62.01932029795158,62.23067970204842,61.974162011173185,62.15782122905028,62.09683426443203,62.23673184357542,61.91922718808193,62.0512104283054,62.02770018621974,62.312150837988824,61.90037243947859,61.91433891992551,62.08496275605214,62.109869646182496,61.75698324022346,62.444134078212294,61.800977653631286,61.52211359404097,61.98673184357542,61.58798882681564,61.90898510242086,61.58449720670391,61.81657355679702,61.52001862197393,61.15293296089386,61.569366852886404,61.50232774674115,61.631517690875235,61.15572625698324,61.27770018621974,61.33542830540037,61.39199255121043,60.939245810055866
35,60.817587507938285,60.620680638051475,60.469087377190036,60.371997459748215,60.453883223131236,60.538309238298034,60.86786955059957,60.3718480331727,60.58493032985916,60.58918898726139,60.48757891591019,60.230303709514736,60.81430012327692,60.64851133774142,60.5339011543203,60.61175240016437,60.6054391273488,60.492547349546115,60.545892637005494,60.388583809630546,60.46479136314394,60.9121745302402,60.33109193470059,60.448391796481005,60.26586723448765,60.64365497403713,60.6880720236094,59.84646419365684,59.36082782322836,59.360379543501814,59.37461242481975,59.52374014718518,59.63453995293063,59.842280249542384,59.8878553550749,60.07486271433375,60.11860734431619,60.04740558108259,59.99503156636408,59.952967985356196,60.10676528820651,59.94844783144682,60.07303223878367,60.29451978034293,60.195935597145954,59.735029324965446,60.26414882886922,60.274646045799244,60.46086891553663,60.02868990249916,60.580186036086516,60.32866375284844,59.689304792857406,58.86962531286189,59.10837162389331,59.21285815682319,59.234151443834286,59.33688221450185,59.456348761627254,59.81639209533415,59.727109716463076,59.97766072696029,59.920617131756885,59.81284321416564,59.87903918711943,59.71676192610856,60.219022003063245,60.05610967910643,59.759983563076695,60.19249878590907,59.997310321640704,60.132877582278006,59.796144794351676,59.80316784340095,59.87601329896522,60.0354140983974,59.85628899099705,59.89095595651687,60.0060891329523,60.08177369345138,60.052859651088944,59.998879300683626,60.00623855952781,60.17942396055138,59.94019201314954,59.97123538421308,59.70234226157122,60.16246404423027,59.7723112555568,59.95319212521947,59.87687250177444,60.02835369270425,59.942022488699614,59.95621801337368,59.99047405581083,60.3171205498898,59.75901229033584,60.14154432365796,60.10086293847361,59.85662520079196,60.11416190369457,60.17034629608876,59.95969218125444,60.04359520340692,60.43471926482125,60.05988270013822,59.96395083865666,60.06302065822406,60.165564645672234,60.13926556838133,60.00201725876947,59.97216930031006,60.08457544174232,60.06556091000785,59.77227389891292,59.88744443199223,59.926743621353054,60.08860995928126,59.95364040494602
36,61.50803004043905,60.85303292894281,60.68376660889659,60.62588099364529,60.62160600808781,60.71299826689775,60.88549971114963,60.39156556903524,60.597804737146156,60.83489312536106,60.60462160600809,60.22137492778741,60.82253032928943,60.46724436741768,60.67926054303871,60.57111496244945,60.28804159445407,60.426112073945696,60.4420566146736,60.26735990756788,60.51450028885038,60.66366262276141,60.38347775852109,60.29659156556904,60.1527440785673,60.298555748122475,60.30675909878683,59.952859618717504,59.20196418255344,58.452686308492204,58.080415944540725,58.49358752166378,58.873367995378395,58.945696129404965,59.11392258809936,59.55563258232236,59.612478336221834,59.77388792605431,59.70398613518198,59.769150779896016,59.98012709416522,59.833506643558636,59.81455805892548,59.66782206816869,59.771923743500864,59.519930675909876,60.07567879838244,60.008087810514155,60.45476603119584,59.92767186597342,60.47140381282496,60.00138648180243,59.763835932986716,58.12882726747545,57.46793760831889,57.494858463316,57.80069324090121,58.19803581744656,58.37677642980936,59.03004043905257,59.33957250144425,59.547429231658,59.47255921432698,59.45372616984402,59.54777585210861,59.44898902368573,59.98359329867129,59.871519352975156,59.443443096476024,59.9213171577123,59.67868284228769,59.72928942807626,59.420797227036395,59.49093009820913,59.451877527440786,59.38128249566724,59.59711149624494,59.37227036395147,59.48226458694396,59.40046216060081,59.366031195840556,59.33194685153091,59.37203928365107,59.68515309069902,59.30167533217793,59.42125938763721,59.21813980358174,59.57007510109763,59.13333333333333,59.455343731946854,59.31831311380705,59.36614673599075,59.39041016753322,59.247255921432696,59.31218948584633,59.80288850375506,59.154592720970534,59.32397458116696,59.386481802426346,59.31380704794916,59.13633737723859,59.4523396880416,59.358058925476605,59.22796071634893,59.722472559214324,59.56117850953206,59.290583477758524,59.128249566724435,59.254188330444826,59.35205083766609,59.120739456961296,59.20381282495667,59.410745233968804,59.29890236857308,58.978625072212594,59.04067013287117,59.03419988445985,59.105141536683995,59.17793183131138
37,67.63904349618635,67.13069470212328,66.29767058338487,66.18985776128633,65.94805194805195,65.88827045969903,66.15914244485673,65.56503813646671,65.63718820861678,65.59719645433931,65.50917336631622,65.29767058338487,65.72356215213358,65.43826015254587,65.61616161616162,65.66357452071738,65.44258915687487,65.28633271490415,65.23252937538652,65.05524634096062,65.44403215831787,65.58482787054216,64.99773242630386,64.71325499896929,64.69181612038754,65.25974025974025,60.733457019171304,59.61884147598433,58.62461348175634,59.2226345083488,59.48155019583591,59.95670995670996,60.56421356421357,61.109461966604826,61.95815295815296,62.381776953205524,62.73139558853845,62.98804370232941,63.134611420325705,63.225726654298086,63.96804782519068,63.85137085137085,64.20243248814677,64.56256441970727,64.3850752422181,63.94660894660895,64.50917336631622,64.47165532879819,64.63574520717378,64.27581941867656,64.85013399299113,64.3090084518656,61.58441558441559,58.862502576788295,59.41743970315399,59.7905586477015,60.1770768913626,60.97917955060812,61.49247577819006,62.31106988249845,62.76066790352505,63.05833848690992,63.26118326118326,63.27045969903113,63.14677386105958,63.12389198103484,63.63368377654092,64.142032570604,63.48423005565863,64.12966398680685,63.83549783549783,63.86147186147186,63.50278293135436,63.98289012574727,63.66831581117295,63.881467738610596,63.63904349618635,63.33951762523191,63.39517625231911,63.72562358276644,63.75015460729747,63.8711605854463,63.940012368583794,63.782519068233356,63.39806225520511,63.7744794887652,63.2591218305504,63.45928674500103,63.00556586270872,63.080601937744795,63.08163265306123,63.08142650999794,62.893011750154606,63.21995464852608,63.15584415584416,63.09420737992166,62.484436198721916,62.52896310039167,62.859822716965574,62.489383632240774,62.52133580705009,62.59575345289631,62.340754483611626,62.147392290249435,62.46196660482375,62.30509173366316,62.11317254174397,62.336425479282624,62.130076272933415,62.189651618223046,61.98433312719027,61.957122242836526,61.84601113172542,61.85776128633272,61.454339311482165,61.68068439497011,61.52607709750567,61.42115027829313,61.53865182436611
38,59.69579152731327,59.56870122630992,59.50654960981048,59.22435897435897,59.41861761426979,59.51198439241917,59.623745819397996,59.27173913043478,59.556577480490525,59.62416387959866,59.56633221850613,59.075250836120404,59.620540691192865,59.414855072463766,59.324136008918614,59.37931995540691,59.33570234113712,59.21070234113712,59.40036231884058,59.093227424749166,59.303651059085844,59.68882385730212,59.32998885172798,59.29696209587514,58.920707915273134,59.45498885172798,59.232720178372354,59.083054626532885,58.87235228539576,58.57079152731327,58.2530657748049,58.040691192865104,58.055602006688964,58.53010033444816,58.48313823857302,58.81619286510591,58.888377926421406,59.04403567447046,58.676839464882946,58.67042920847269,59.07971014492754,58.75418060200669,58.83681716833891,58.770066889632105,58.94161092530658,58.323439241917505,59.11217948717949,59.16778149386845,59.19453734671126,58.931716833890746,59.42711817168339,59.290691192865104,59.044871794871796,58.479654403567444,58.14882943143812,57.85033444816054,57.91123188405797,58.0649386845039,58.05114269788183,58.55797101449275,58.230908584169455,58.66401895206243,58.8100613154961,58.49414715719063,58.68589743589744,58.45944816053512,58.8731884057971,58.8907469342252,58.860646599777034,59.139214046822744,58.9417502787068,58.91415830546266,58.57371794871795,58.485785953177256,58.8391861761427,58.72714604236344,58.889214046822744,58.56410256410256,58.67948717948718,58.790691192865104,58.57678372352285,58.90468227424749,58.647296544035676,59.05811036789298,58.57971014492754,58.78748606465998,58.68102006688963,58.667502787068,58.48341694537347,58.774108138238574,58.48815496098105,58.64548494983278,58.562430323299886,58.72533444816054,58.60033444816054,58.89841137123746,58.36608138238573,58.541666666666664,58.34615384615385,58.365663322185064,58.60911371237458,58.80197881828317,58.310758082497216,58.20248049052397,58.55797101449275,58.40663322185061,58.269370122630995,58.37611482720178,58.31410256410256,58.41708472686734,58.39088628762542,58.19370122630992,58.388377926421406,58.354654403567444,58.059503901895205,58.145624303233,58.03734671125976,58.234671125975474,58.28428093645485
39,68.51946446961895,68.16786817713697,67.65787847579814,67.33347064881565,67.43130792996911,67.66096807415036,67.77198764160659,67.42183316168898,67.77610710607621,67.83048403707518,67.52564366632338,67.67476828012359,67.7707518022657,67.5340885684861,67.4096807415036,67.39031925849639,67.23851699279093,67.61936148300721,67.43069001029866,67.16086508753862,67.08465499485067,67.38311019567456,67.06405767250257,66.80288362512873,66.99423274974254,67.02348094747683,62.60741503604532,60.79588053553038,59.250875386199795,58.92935118434603,59.43810504634398,59.464881565396496,59.816683831101955,60.20061791967044,60.60061791967044,61.215859938208034,61.70998970133883,62.35756951596292,62.55221421215242,63.00308959835221,63.66117404737384,63.803089598352216,64.18681771369722,64.53120494335737,64.470236869207,64.15468589083419,65.10319258496395,65.00205973223481,65.30010298661173,65.3188465499485,66.06858908341916,65.56354273944388,63.17219361483007,59.66714727085479,58.879917610710606,59.359423274974255,59.56951596292482,59.985581874356335,60.129763130792995,60.58846549948507,61.3740473738414,61.854994850669414,62.13717816683831,62.45890834191555,62.76354273944387,63.06632337796086,64.02986611740474,64.25808444902162,64.05829042224511,64.72935118434603,64.53676622039134,64.63810504634398,64.68856848609681,64.84593202883624,64.71616889804325,64.76271884654994,65.19670442842431,65.26529351184347,65.43645726055612,65.5740473738414,65.36189495365602,65.3653964984552,65.78269824922761,65.73141091658084,65.52152420185377,65.39649845520083,65.38228630278064,65.68568486096808,65.286508753862,65.39835221421215,65.08918640576725,65.31761071060762,64.90422245108135,65.09124613800206,64.95818743563336,65.09001029866117,64.78393408856849,64.983728115345,64.92276004119465,64.69866117404737,64.81771369721936,65.09104016477858,64.59876416065912,64.45437693099898,64.62904222451081,64.4465499485067,63.889598352214215,64.05499485066942,63.87929969104017,64.11658084449022,63.91946446961895,63.41750772399588,64.0832131822863,63.69330587023687,63.417095777548916,63.37322348094748,63.26941297631308,63.62924819773429,62.972399588053555
40,57.00571263287295,56.8051196760431,56.50856894930942,56.60250198857474,56.569817051124446,56.57111866367778,56.85530407115482,56.55000361559043,56.62831730421578,56.630342034854294,56.56772000867742,56.306168197266615,57.018439511172176,56.586954949743294,56.68435895581749,56.55137753995228,56.59780172102104,56.66244847783643,56.766866729336904,56.463374068985466,56.65594041506978,57.00643575095813,56.467712777496565,56.55694554920819,56.39988430110637,56.6733675609227,56.73396485646106,56.090389760647916,56.27261551811411,56.16168920384699,55.60785306240509,55.90917636850098,55.81047074987345,55.931014534673515,55.95726372116567,56.28490852556222,56.27464024875262,56.307542121628465,56.25518837226119,56.08388169788127,56.33733458673802,56.21961096247017,56.164726299804755,56.29300744811628,56.21216284619278,55.78798177742426,56.479138043242465,56.57538506038036,56.36560850386868,56.192204787041725,56.520211150480876,56.45708294164437,56.185118229806925,55.93918576903609,55.91669679658688,55.45664907079326,55.57849446814665,55.659556005495695,55.72723985826885,55.85573794200593,55.933834695205725,56.018439511172176,56.11721744160821,55.934774748716464,56.06377901511317,55.73562802805698,56.374285920890884,56.38838672355195,56.09176368500976,56.49519126473353,56.11569889362933,56.19661580736134,55.77388097476318,56.100296478414926,56.18490129438137,56.213970641405744,56.114686528310074,56.042230096174706,56.09277605032902,56.2418106876853,56.24354617108974,56.18996312097766,56.14129727384482,56.31773808662955,56.02234434883216,56.16790801937957,56.03926531202546,56.284402342902595,55.816906500831585,56.0161978451081,55.97975269361487,56.04288090245137,55.97006291127341,55.88589196615808,55.975052426061175,56.36712705184757,55.905705401692096,56.1518547978885,55.91206884084171,55.84445729987707,55.96109624701714,56.12828114831152,55.82551160604527,55.83426133487598,56.126834912141156,56.086846482030516,55.874177453178106,55.81278472774604,55.9964567213826,56.072528743943884,55.781979897317235,55.709740400607416,55.96644732084749,55.92436184828983,55.64870923421795,55.65131245932461,55.727673729119964,55.97187070648637,55.833104345939695
41,62.83696682464455,63.72132701421801,63.41990521327014,63.14691943127962,62.960663507109004,63.23933649289099,63.70236966824645,62.99241706161138,63.334597156398104,63.08009478672986,63.53791469194313,62.73222748815166,63.76587677725119,63.46255924170616,63.59952606635071,62.913744075829385,63.32417061611375,63.211848341232226,63.26587677725119,62.564928909952606,62.691943127962084,62.93744075829384,62.89052132701422,63.318009478672984,63.211848341232226,63.25308056872038,63.198578199052136,62.71042654028436,61.85734597156398,61.318009478672984,61.52037914691943,61.661137440758296,62.03317535545024,62.33080568720379,62.32322274881517,62.54218009478673,62.576777251184836,62.6303317535545,62.65450236966824,62.636492890995264,62.77014218009479,62.86113744075829,62.4781990521327,62.950710900473936,62.59478672985782,62.17962085308057,62.74644549763033,62.225118483412324,63.035071090047396,62.564928909952606,62.565876777251184,62.570142180094784,61.829383886255926,60.22701421800948,60.451658767772514,60.43317535545024,61.05402843601896,61.46540284360189,61.57109004739336,61.304265402843605,61.59526066350711,62.24407582938389,61.572985781990525,61.82654028436019,61.66303317535545,61.733649289099525,62.2042654028436,62.30663507109005,61.96350710900474,62.249763033175356,62.20947867298578,61.93554502369668,61.60379146919431,62.03838862559242,62.11658767772512,62.21800947867298,62.27725118483412,62.1127962085308,62.43270142180095,62.397630331753554,62.417535545023696,62.13507109004739,62.49668246445498,62.07535545023697,61.998104265402844,62.561137440758294,62.53412322274882,62.40758293838863,62.103317535545024,62.48720379146919,62.20900473933649,62.199526066350714,62.1478672985782,62.29099526066351,62.2218009478673,62.46635071090047,62.25260663507109,62.291469194312796,62.112322274881514,61.84454976303318,62.5303317535545,62.57582938388626,62.16682464454976,61.922274881516586,62.80947867298578,62.44454976303317,62.01563981042654,62.16777251184834,61.54597156398104,62.22796208530806,61.986255924170614,62.12654028436019,62.00900473933649,62.02464454976303,61.81943127962085,62.0260663507109,61.788151658767774,62.119905213270144,62.36824644549763
