cell_id,frame,x,y
0,0,2043.0,1775.0
0,1,2043.0,1775.0
0,2,2043.0,1775.0
0,3,2043.0,1775.0
0,4,2043.0,1775.0
0,5,2043.0,1775.0
0,6,2043.0,1775.0
0,7,2043.0,1775.0
0,8,2043.0,1775.0
0,9,2043.0,1775.0
0,10,2043.0,1775.0
0,11,2043.0,1775.0
0,12,2043.0,1775.0
0,13,2043.0,1775.0
0,14,2043.0,1775.0
0,15,2043.0,1775.0
0,16,2043.0,1775.0
0,17,2043.0,1775.0
0,18,2043.0,1775.0
0,19,2043.0,1775.0
0,20,2043.0,1775.0
0,21,2043.0,1775.0
0,22,2043.0,1775.0
0,23,2043.0,1775.0
0,24,2043.0,1775.0
0,25,2043.0,1775.0
0,26,2043.0,1775.0
0,27,2043.0,1775.0
0,28,2043.0,1775.0
0,29,2043.0,1775.0
0,30,2043.0,1775.0
0,31,2043.0,1775.0
0,32,2043.0,1775.0
0,33,2043.0,1775.0
0,34,2043.0,1775.0
0,35,2043.0,1775.0
0,36,2043.0,1775.0
0,37,2043.0,1775.0
0,38,2043.0,1775.0
0,39,2043.0,1775.0
0,40,2043.0,1775.0
0,41,2043.0,1775.0
0,42,2043.0,1775.0
0,43,2043.0,1775.0
0,44,2043.0,1775.0
0,45,2043.0,1775.0
0,46,2043.0,1775.0
0,47,2043.0,1775.0
0,48,2043.0,1775.0
0,49,2043.0,1775.0
0,50,2043.0,1775.0
0,51,2043.0,1775.0
0,52,2043.0,1775.0
0,53,2043.0,1775.0
0,54,2043.0,1775.0
0,55,2043.0,1775.0
0,56,2043.0,1775.0
0,57,2043.0,1775.0
0,58,2043.0,1775.0
0,59,2043.0,1775.0
0,60,2043.0,1775.0
0,61,2043.0,1775.0
0,62,2043.0,1775.0
0,63,2043.0,1775.0
0,64,2043.0,1775.0
0,65,2043.0,1775.0
0,66,2043.0,1775.0
0,67,2043.0,1775.0
0,68,2043.0,1775.0
0,69,2043.0,1775.0
0,70,2043.0,1775.0
0,71,2043.0,1775.0
0,72,2043.0,1775.0
0,73,2043.0,1775.0
0,74,2043.0,1775.0
0,75,2043.0,1775.0
0,76,2043.0,1775.0
0,77,2043.0,1775.0
0,78,2043.0,1775.0
0,79,2043.0,1775.0
0,80,2043.0,1775.0
0,81,2043.0,1775.0
0,82,2043.0,1775.0
0,83,2043.0,1775.0
0,84,2043.0,1775.0
0,85,2043.0,1775.0
0,86,2043.0,1775.0
0,87,2043.0,1775.0
0,88,2043.0,1775.0
0,89,2043.0,1775.0
0,90,2043.0,1775.0
0,91,2043.0,1775.0
0,92,2043.0,1775.0
0,93,2043.0,1775.0
0,94,2043.0,1775.0
0,95,2043.0,1775.0
0,96,2043.0,1775.0
0,97,2043.0,1775.0
0,98,2043.0,1775.0
0,99,2043.0,1775.0
0,100,2043.0,1775.0
0,101,2043.0,1775.0
0,102,2043.0,1775.0
0,103,2043.0,1775.0
0,104,2043.0,1775.0
0,105,2043.0,1775.0
0,106,2043.0,1775.0
0,107,2043.0,1775.0
0,108,2043.0,1775.0
0,109,2043.0,1775.0
0,110,2043.0,1775.0
0,111,2043.0,1775.0
0,112,2043.0,1775.0
0,113,2043.0,1775.0
0,114,2043.0,1775.0
0,115,2043.0,1775.0
0,116,2043.0,1775.0
0,117,2043.0,1775.0
0,118,2043.0,1775.0
1,0,2492.0,3222.0
1,1,2492.0,3222.0
1,2,2492.0,3222.0
1,3,2492.0,3222.0
1,4,2492.0,3222.0
1,5,2492.0,3222.0
1,6,2492.0,3222.0
1,7,2492.0,3222.0
1,8,2492.0,3222.0
1,9,2492.0,3222.0
1,10,2492.0,3222.0
1,11,2492.0,3222.0
1,12,2492.0,3222.0
1,13,2492.0,3222.0
1,14,2492.0,3222.0
1,15,2492.0,3222.0
1,16,2492.0,3222.0
1,17,2492.0,3222.0
1,18,2492.0,3222.0
1,19,2492.0,3222.0
1,20,2492.0,3222.0
1,21,2492.0,3222.0
1,22,2492.0,3222.0
1,23,2492.0,3222.0
1,24,2492.0,3222.0
1,25,2492.0,3222.0
1,26,2492.0,3222.0
1,27,2492.0,3222.0
1,28,2492.0,3222.0
1,29,2492.0,3222.0
1,30,2492.0,3222.0
1,31,2492.0,3222.0
1,32,2492.0,3222.0
1,33,2492.0,3222.0
1,34,2492.0,3222.0
1,35,2492.0,3222.0
1,36,2492.0,3222.0
1,37,2492.0,3222.0
1,38,2492.0,3222.0
1,39,2492.0,3222.0
1,40,2492.0,3222.0
1,41,2492.0,3222.0
1,42,2492.0,3222.0
1,43,2492.0,3222.0
1,44,2492.0,3222.0
1,45,2492.0,3222.0
1,46,2492.0,3222.0
1,47,2492.0,3222.0
1,48,2492.0,3222.0
1,49,2492.0,3222.0
1,50,2492.0,3222.0
1,51,2492.0,3222.0
1,52,2492.0,3222.0
1,53,2492.0,3222.0
1,54,2492.0,3222.0
1,55,2492.0,3222.0
1,56,2492.0,3222.0
1,57,2492.0,3222.0
1,58,2492.0,3222.0
1,59,2492.0,3222.0
1,60,2492.0,3222.0
1,61,2492.0,3222.0
1,62,2492.0,3222.0
1,63,2492.0,3222.0
1,64,2492.0,3222.0
1,65,2492.0,3222.0
1,66,2492.0,3222.0
1,67,2492.0,3222.0
1,68,2492.0,3222.0
1,69,2492.0,3222.0
1,70,2492.0,3222.0
1,71,2492.0,3222.0
1,72,2492.0,3222.0
1,73,2492.0,3222.0
1,74,2492.0,3222.0
1,75,2492.0,3222.0
1,76,2492.0,3222.0
1,77,2492.0,3222.0
1,78,2492.0,3222.0
1,79,2492.0,3222.0
1,80,2492.0,3222.0
1,81,2492.0,3222.0
1,82,2492.0,3222.0
1,83,2492.0,3222.0
1,84,2492.0,3222.0
1,85,2492.0,3222.0
1,86,2492.0,3222.0
1,87,2492.0,3222.0
1,88,2492.0,3222.0
1,89,2492.0,3222.0
1,90,2492.0,3222.0
1,91,2492.0,3222.0
1,92,2492.0,3222.0
1,93,2492.0,3222.0
1,94,2492.0,3222.0
1,95,2492.0,3222.0
1,96,2492.0,3222.0
1,97,2492.0,3222.0
1,98,2492.0,3222.0
1,99,2492.0,3222.0
1,100,2492.0,3222.0
1,101,2492.0,3222.0
1,102,2492.0,3222.0
1,103,2492.0,3222.0
1,104,2492.0,3222.0
1,105,2492.0,3222.0
1,106,2492.0,3222.0
1,107,2492.0,3222.0
1,108,2492.0,3222.0
1,109,2492.0,3222.0
1,110,2492.0,3222.0
1,111,2492.0,3222.0
1,112,2492.0,3222.0
1,113,2492.0,3222.0
1,114,2492.0,3222.0
1,115,2492.0,3222.0
1,116,2492.0,3222.0
1,117,2492.0,3222.0
1,118,2492.0,3222.0
2,0,1072.0,2278.0
2,1,1072.0,2278.0
2,2,1072.0,2278.0
2,3,1072.0,2278.0
2,4,1072.0,2278.0
2,5,1072.0,2278.0
2,6,1072.0,2278.0
2,7,1072.0,2278.0
2,8,1072.0,2278.0
2,9,1072.0,2278.0
2,10,1072.0,2278.0
2,11,1072.0,2278.0
2,12,1072.0,2278.0
2,13,1072.0,2278.0
2,14,1072.0,2278.0
2,15,1072.0,2278.0
2,16,1072.0,2278.0
2,17,1072.0,2278.0
2,18,1072.0,2278.0
2,19,1072.0,2278.0
2,20,1072.0,2278.0
2,21,1072.0,2278.0
2,22,1072.0,2278.0
2,23,1072.0,2278.0
2,24,1072.0,2278.0
2,25,1072.0,2278.0
2,26,1072.0,2278.0
2,27,1072.0,2278.0
2,28,1072.0,2278.0
2,29,1072.0,2278.0
2,30,1072.0,2278.0
2,31,1072.0,2278.0
2,32,1072.0,2278.0
2,33,1072.0,2278.0
2,34,1072.0,2278.0
2,35,1072.0,2278.0
2,36,1072.0,2278.0
2,37,1072.0,2278.0
2,38,1072.0,2278.0
2,39,1072.0,2278.0
2,40,1072.0,2278.0
2,41,1072.0,2278.0
2,42,1072.0,2278.0
2,43,1072.0,2278.0
2,44,1072.0,2278.0
2,45,1072.0,2278.0
2,46,1072.0,2278.0
2,47,1072.0,2278.0
2,48,1072.0,2278.0
2,49,1072.0,2278.0
2,50,1072.0,2278.0
2,51,1072.0,2278.0
2,52,1072.0,2278.0
2,53,1072.0,2278.0
2,54,1072.0,2278.0
2,55,1072.0,2278.0
2,56,1072.0,2278.0
2,57,1072.0,2278.0
2,58,1072.0,2278.0
2,59,1072.0,2278.0
2,60,1072.0,2278.0
2,61,1072.0,2278.0
2,62,1072.0,2278.0
2,63,1072.0,2278.0
2,64,1072.0,2278.0
2,65,1072.0,2278.0
2,66,1072.0,2278.0
2,67,1072.0,2278.0
2,68,1072.0,2278.0
2,69,1072.0,2278.0
2,70,1072.0,2278.0
2,71,1072.0,2278.0
2,72,1072.0,2278.0
2,73,1072.0,2278.0
2,74,1072.0,2278.0
2,75,1072.0,2278.0
2,76,1072.0,2278.0
2,77,1072.0,2278.0
2,78,1072.0,2278.0
2,79,1072.0,2278.0
2,80,1072.0,2278.0
2,81,1072.0,2278.0
2,82,1072.0,2278.0
2,83,1072.0,2278.0
2,84,1072.0,2278.0
2,85,1072.0,2278.0
2,86,1072.0,2278.0
2,87,1072.0,2278.0
2,88,1072.0,2278.0
2,89,1072.0,2278.0
2,90,1072.0,2278.0
2,91,1072.0,2278.0
2,92,1072.0,2278.0
2,93,1072.0,2278.0
2,94,1072.0,2278.0
2,95,1072.0,2278.0
2,96,1072.0,2278.0
2,97,1072.0,2278.0
2,98,1072.0,2278.0
2,99,1072.0,2278.0
2,100,1072.0,2278.0
2,101,1072.0,2278.0
2,102,1072.0,2278.0
2,103,1072.0,2278.0
2,104,1072.0,2278.0
2,105,1072.0,2278.0
2,106,1072.0,2278.0
2,107,1072.0,2278.0
2,108,1072.0,2278.0
2,109,1072.0,2278.0
2,110,1072.0,2278.0
2,111,1072.0,2278.0
2,112,1072.0,2278.0
2,113,1072.0,2278.0
2,114,1072.0,2278.0
2,115,1072.0,2278.0
2,116,1072.0,2278.0
2,117,1072.0,2278.0
2,118,1072.0,2278.0
3,0,2301.0,1841.0
3,1,2301.0,1841.0
3,2,2301.0,1841.0
3,3,2301.0,1841.0
3,4,2301.0,1841.0
3,5,2301.0,1841.0
3,6,2301.0,1841.0
3,7,2301.0,1841.0
3,8,2301.0,1841.0
3,9,2301.0,1841.0
3,10,2301.0,1841.0
3,11,2301.0,1841.0
3,12,2301.0,1841.0
3,13,2301.0,1841.0
3,14,2301.0,1841.0
3,15,2301.0,1841.0
3,16,2301.0,1841.0
3,17,2301.0,1841.0
3,18,2301.0,1841.0
3,19,2301.0,1841.0
3,20,2301.0,1841.0
3,21,2301.0,1841.0
3,22,2301.0,1841.0
3,23,2301.0,1841.0
3,24,2301.0,1841.0
3,25,2301.0,1841.0
3,26,2301.0,1841.0
3,27,2301.0,1841.0
3,28,2301.0,1841.0
3,29,2301.0,1841.0
3,30,2301.0,1841.0
3,31,2301.0,1841.0
3,32,2301.0,1841.0
3,33,2301.0,1841.0
3,34,2301.0,1841.0
3,35,2301.0,1841.0
3,36,2301.0,1841.0
3,37,2301.0,1841.0
3,38,2301.0,1841.0
3,39,2301.0,1841.0
3,40,2301.0,1841.0
3,41,2301.0,1841.0
3,42,2301.0,1841.0
3,43,2301.0,1841.0
3,44,2301.0,1841.0
3,45,2301.0,1841.0
3,46,2301.0,1841.0
3,47,2301.0,1841.0
3,48,2301.0,1841.0
3,49,2301.0,1841.0
3,50,2301.0,1841.0
3,51,2301.0,1841.0
3,52,2301.0,1841.0
3,53,2301.0,1841.0
3,54,2301.0,1841.0
3,55,2301.0,1841.0
3,56,2301.0,1841.0
3,57,2301.0,1841.0
3,58,2301.0,1841.0
3,59,2301.0,1841.0
3,60,2301.0,1841.0
3,61,2301.0,1841.0
3,62,2301.0,1841.0
3,63,2301.0,1841.0
3,64,2301.0,1841.0
3,65,2301.0,1841.0
3,66,2301.0,1841.0
3,67,2301.0,1841.0
3,68,2301.0,1841.0
3,69,2301.0,1841.0
3,70,2301.0,1841.0
3,71,2301.0,1841.0
3,72,2301.0,1841.0
3,73,2301.0,1841.0
3,74,2301.0,1841.0
3,75,2301.0,1841.0
3,76,2301.0,1841.0
3,77,2301.0,1841.0
3,78,2301.0,1841.0
3,79,2301.0,1841.0
3,80,2301.0,1841.0
3,81,2301.0,1841.0
3,82,2301.0,1841.0
3,83,2301.0,1841.0
3,84,2301.0,1841.0
3,85,2301.0,1841.0
3,86,2301.0,1841.0
3,87,2301.0,1841.0
3,88,2301.0,1841.0
3,89,2301.0,1841.0
3,90,2301.0,1841.0
3,91,2301.0,1841.0
3,92,2301.0,1841.0
3,93,2301.0,1841.0
3,94,2301.0,1841.0
3,95,2301.0,1841.0
3,96,2301.0,1841.0
3,97,2301.0,1841.0
3,98,2301.0,1841.0
3,99,2301.0,1841.0
3,100,2301.0,1841.0
3,101,2301.0,1841.0
3,102,2301.0,1841.0
3,103,2301.0,1841.0
3,104,2301.0,1841.0
3,105,2301.0,1841.0
3,106,2301.0,1841.0
3,107,2301.0,1841.0
3,108,2301.0,1841.0
3,109,2301.0,1841.0
3,110,2301.0,1841.0
3,111,2301.0,1841.0
3,112,2301.0,1841.0
3,113,2301.0,1841.0
3,114,2301.0,1841.0
3,115,2301.0,1841.0
3,116,2301.0,1841.0
3,117,2301.0,1841.0
3,118,2301.0,1841.0
4,0,2600.0,2824.0
4,1,2600.0,2824.0
4,2,2600.0,2824.0
4,3,2600.0,2824.0
4,4,2600.0,2824.0
4,5,2600.0,2824.0
4,6,2600.0,2824.0
4,7,2600.0,2824.0
4,8,2600.0,2824.0
4,9,2600.0,2824.0
4,10,2600.0,2824.0
4,11,2600.0,2824.0
4,12,2600.0,2824.0
4,13,2600.0,2824.0
4,14,2600.0,2824.0
4,15,2600.0,2824.0
4,16,2600.0,2824.0
4,17,2600.0,2824.0
4,18,2600.0,2824.0
4,19,2600.0,2824.0
4,20,2600.0,2824.0
4,21,2600.0,2824.0
4,22,2600.0,2824.0
4,23,2600.0,2824.0
4,24,2600.0,2824.0
4,25,2600.0,2824.0
4,26,2600.0,2824.0
4,27,2600.0,2824.0
4,28,2600.0,2824.0
4,29,2600.0,2824.0
4,30,2600.0,2824.0
4,31,2600.0,2824.0
4,32,2600.0,2824.0
4,33,2600.0,2824.0
4,34,2600.0,2824.0
4,35,2600.0,2824.0
4,36,2600.0,2824.0
4,37,2600.0,2824.0
4,38,2600.0,2824.0
4,39,2600.0,2824.0
4,40,2600.0,2824.0
4,41,2600.0,2824.0
4,42,2600.0,2824.0
4,43,2600.0,2824.0
4,44,2600.0,2824.0
4,45,2600.0,2824.0
4,46,2600.0,2824.0
4,47,2600.0,2824.0
4,48,2600.0,2824.0
4,49,2600.0,2824.0
4,50,2600.0,2824.0
4,51,2600.0,2824.0
4,52,2600.0,2824.0
4,53,2600.0,2824.0
4,54,2600.0,2824.0
4,55,2600.0,2824.0
4,56,2600.0,2824.0
4,57,2600.0,2824.0
4,58,2600.0,2824.0
4,59,2600.0,2824.0
4,60,2600.0,2824.0
4,61,2600.0,2824.0
4,62,2600.0,2824.0
4,63,2600.0,2824.0
4,64,2600.0,2824.0
4,65,2600.0,2824.0
4,66,2600.0,2824.0
4,67,2600.0,2824.0
4,68,2600.0,2824.0
4,69,2600.0,2824.0
4,70,2600.0,2824.0
4,71,2600.0,2824.0
4,72,2600.0,2824.0
4,73,2600.0,2824.0
4,74,2600.0,2824.0
4,75,2600.0,2824.0
4,76,2600.0,2824.0
4,77,2600.0,2824.0
4,78,2600.0,2824.0
4,79,2600.0,2824.0
4,80,2600.0,2824.0
4,81,2600.0,2824.0
4,82,2600.0,2824.0
4,83,2600.0,2824.0
4,84,2600.0,2824.0
4,85,2600.0,2824.0
4,86,2600.0,2824.0
4,87,2600.0,2824.0
4,88,2600.0,2824.0
4,89,2600.0,2824.0
4,90,2600.0,2824.0
4,91,2600.0,2824.0
4,92,2600.0,2824.0
4,93,2600.0,2824.0
4,94,2600.0,2824.0
4,95,2600.0,2824.0
4,96,2600.0,2824.0
4,97,2600.0,2824.0
4,98,2600.0,2824.0
4,99,2600.0,2824.0
4,100,2600.0,2824.0
4,101,2600.0,2824.0
4,102,2600.0,2824.0
4,103,2600.0,2824.0
4,104,2600.0,2824.0
4,105,2600.0,2824.0
4,106,2600.0,2824.0
4,107,2600.0,2824.0
4,108,2600.0,2824.0
4,109,2600.0,2824.0
4,110,2600.0,2824.0
4,111,2600.0,2824.0
4,112,2600.0,2824.0
4,113,2600.0,2824.0
4,114,2600.0,2824.0
4,115,2600.0,2824.0
4,116,2600.0,2824.0
4,117,2600.0,2824.0
4,118,2600.0,2824.0
5,0,2754.0,2384.0
5,1,2754.0,2384.0
5,2,2754.0,2384.0
5,3,2754.0,2384.0
5,4,2754.0,2384.0
5,5,2754.0,2384.0
5,6,2754.0,2384.0
5,7,2754.0,2384.0
5,8,2754.0,2384.0
5,9,2754.0,2384.0
5,10,2754.0,2384.0
5,11,2754.0,2384.0
5,12,2754.0,2384.0
5,13,2754.0,2384.0
5,14,2754.0,2384.0
5,15,2754.0,2384.0
5,16,2754.0,2384.0
5,17,2754.0,2384.0
5,18,2754.0,2384.0
5,19,2754.0,2384.0
5,20,2754.0,2384.0
5,21,2754.0,2384.0
5,22,2754.0,2384.0
5,23,2754.0,2384.0
5,24,2754.0,2384.0
5,25,2754.0,2384.0
5,26,2754.0,2384.0
5,27,2754.0,2384.0
5,28,2754.0,2384.0
5,29,2754.0,2384.0
5,30,2754.0,2384.0
5,31,2754.0,2384.0
5,32,2754.0,2384.0
5,33,2754.0,2384.0
5,34,2754.0,2384.0
5,35,2754.0,2384.0
5,36,2754.0,2384.0
5,37,2754.0,2384.0
5,38,2754.0,2384.0
5,39,2754.0,2384.0
5,40,2754.0,2384.0
5,41,2754.0,2384.0
5,42,2754.0,2384.0
5,43,2754.0,2384.0
5,44,2754.0,2384.0
5,45,2754.0,2384.0
5,46,2754.0,2384.0
5,47,2754.0,2384.0
5,48,2754.0,2384.0
5,49,2754.0,2384.0
5,50,2754.0,2384.0
5,51,2754.0,2384.0
5,52,2754.0,2384.0
5,53,2754.0,2384.0
5,54,2754.0,2384.0
5,55,2754.0,2384.0
5,56,2754.0,2384.0
5,57,2754.0,2384.0
5,58,2754.0,2384.0
5,59,2754.0,2384.0
5,60,2754.0,2384.0
5,61,2754.0,2384.0
5,62,2754.0,2384.0
5,63,2754.0,2384.0
5,64,2754.0,2384.0
5,65,2754.0,2384.0
5,66,2754.0,2384.0
5,67,2754.0,2384.0
5,68,2754.0,2384.0
5,69,2754.0,2384.0
5,70,2754.0,2384.0
5,71,2754.0,2384.0
5,72,2754.0,2384.0
5,73,2754.0,2384.0
5,74,2754.0,2384.0
5,75,2754.0,2384.0
5,76,2754.0,2384.0
5,77,2754.0,2384.0
5,78,2754.0,2384.0
5,79,2754.0,2384.0
5,80,2754.0,2384.0
5,81,2754.0,2384.0
5,82,2754.0,2384.0
5,83,2754.0,2384.0
5,84,2754.0,2384.0
5,85,2754.0,2384.0
5,86,2754.0,2384.0
5,87,2754.0,2384.0
5,88,2754.0,2384.0
5,89,2754.0,2384.0
5,90,2754.0,2384.0
5,91,2754.0,2384.0
5,92,2754.0,2384.0
5,93,2754.0,2384.0
5,94,2754.0,2384.0
5,95,2754.0,2384.0
5,96,2754.0,2384.0
5,97,2754.0,2384.0
5,98,2754.0,2384.0
5,99,2754.0,2384.0
5,100,2754.0,2384.0
5,101,2754.0,2384.0
5,102,2754.0,2384.0
5,103,2754.0,2384.0
5,104,2754.0,2384.0
5,105,2754.0,2384.0
5,106,2754.0,2384.0
5,107,2754.0,2384.0
5,108,2754.0,2384.0
5,109,2754.0,2384.0
5,110,2754.0,2384.0
5,111,2754.0,2384.0
5,112,2754.0,2384.0
5,113,2754.0,2384.0
5,114,2754.0,2384.0
5,115,2754.0,2384.0
5,116,2754.0,2384.0
5,117,2754.0,2384.0
5,118,2754.0,2384.0
6,0,1782.0,1784.0
6,1,1782.0,1784.0
6,2,1782.0,1784.0
6,3,1782.0,1784.0
6,4,1782.0,1784.0
6,5,1782.0,1784.0
6,6,1782.0,1784.0
6,7,1782.0,1784.0
6,8,1782.0,1784.0
6,9,1782.0,1784.0
6,10,1782.0,1784.0
6,11,1782.0,1784.0
6,12,1782.0,1784.0
6,13,1782.0,1784.0
6,14,1782.0,1784.0
6,15,1782.0,1784.0
6,16,1782.0,1784.0
6,17,1782.0,1784.0
6,18,1782.0,1784.0
6,19,1782.0,1784.0
6,20,1782.0,1784.0
6,21,1782.0,1784.0
6,22,1782.0,1784.0
6,23,1782.0,1784.0
6,24,1782.0,1784.0
6,25,1782.0,1784.0
6,26,1782.0,1784.0
6,27,1782.0,1784.0
6,28,1782.0,1784.0
6,29,1782.0,1784.0
6,30,1782.0,1784.0
6,31,1782.0,1784.0
6,32,1782.0,1784.0
6,33,1782.0,1784.0
6,34,1782.0,1784.0
6,35,1782.0,1784.0
6,36,1782.0,1784.0
6,37,1782.0,1784.0
6,38,1782.0,1784.0
6,39,1782.0,1784.0
6,40,1782.0,1784.0
6,41,1782.0,1784.0
6,42,1782.0,1784.0
6,43,1782.0,1784.0
6,44,1782.0,1784.0
6,45,1782.0,1784.0
6,46,1782.0,1784.0
6,47,1782.0,1784.0
6,48,1782.0,1784.0
6,49,1782.0,1784.0
6,50,1782.0,1784.0
6,51,1782.0,1784.0
6,52,1782.0,1784.0
6,53,1782.0,1784.0
6,54,1782.0,1784.0
6,55,1782.0,1784.0
6,56,1782.0,1784.0
6,57,1782.0,1784.0
6,58,1782.0,1784.0
6,59,1782.0,1784.0
6,60,1782.0,1784.0
6,61,1782.0,1784.0
6,62,1782.0,1784.0
6,63,1782.0,1784.0
6,64,1782.0,1784.0
6,65,1782.0,1784.0
6,66,1782.0,1784.0
6,67,1782.0,1784.0
6,68,1782.0,1784.0
6,69,1782.0,1784.0
6,70,1782.0,1784.0
6,71,1782.0,1784.0
6,72,1782.0,1784.0
6,73,1782.0,1784.0
6,74,1782.0,1784.0
6,75,1782.0,1784.0
6,76,1782.0,1784.0
6,77,1782.0,1784.0
6,78,1782.0,1784.0
6,79,1782.0,1784.0
6,80,1782.0,1784.0
6,81,1782.0,1784.0
6,82,1782.0,1784.0
6,83,1782.0,1784.0
6,84,1782.0,1784.0
6,85,1782.0,1784.0
6,86,1782.0,1784.0
6,87,1782.0,1784.0
6,88,1782.0,1784.0
6,89,1782.0,1784.0
6,90,1782.0,1784.0
6,91,1782.0,1784.0
6,92,1782.0,1784.0
6,93,1782.0,1784.0
6,94,1782.0,1784.0
6,95,1782.0,1784.0
6,96,1782.0,1784.0
6,97,1782.0,1784.0
6,98,1782.0,1784.0
6,99,1782.0,1784.0
6,100,1782.0,1784.0
6,101,1782.0,1784.0
6,102,1782.0,1784.0
6,103,1782.0,1784.0
6,104,1782.0,1784.0
6,105,1782.0,1784.0
6,106,1782.0,1784.0
6,107,1782.0,1784.0
6,108,1782.0,1784.0
6,109,1782.0,1784.0
6,110,1782.0,1784.0
6,111,1782.0,1784.0
6,112,1782.0,1784.0
6,113,1782.0,1784.0
6,114,1782.0,1784.0
6,115,1782.0,1784.0
6,116,1782.0,1784.0
6,117,1782.0,1784.0
6,118,1782.0,1784.0
7,0,2287.0,2710.0
7,1,2287.0,2710.0
7,2,2287.0,2710.0
7,3,2287.0,2710.0
7,4,2287.0,2710.0
7,5,2287.0,2710.0
7,6,2287.0,2710.0
7,7,2287.0,2710.0
7,8,2287.0,2710.0
7,9,2287.0,2710.0
7,10,2287.0,2710.0
7,11,2287.0,2710.0
7,12,2287.0,2710.0
7,13,2287.0,2710.0
7,14,2287.0,2710.0
7,15,2287.0,2710.0
7,16,2287.0,2710.0
7,17,2287.0,2710.0
7,18,2287.0,2710.0
7,19,2287.0,2710.0
7,20,2287.0,2710.0
7,21,2287.0,2710.0
7,22,2287.0,2710.0
7,23,2287.0,2710.0
7,24,2287.0,2710.0
7,25,2287.0,2710.0
7,26,2287.0,2710.0
7,27,2287.0,2710.0
7,28,2287.0,2710.0
7,29,2287.0,2710.0
7,30,2287.0,2710.0
7,31,2287.0,2710.0
7,32,2287.0,2710.0
7,33,2287.0,2710.0
7,34,2287.0,2710.0
7,35,2287.0,2710.0
7,36,2287.0,2710.0
7,37,2287.0,2710.0
7,38,2287.0,2710.0
7,39,2287.0,2710.0
7,40,2287.0,2710.0
7,41,2287.0,2710.0
7,42,2287.0,2710.0
7,43,2287.0,2710.0
7,44,2287.0,2710.0
7,45,2287.0,2710.0
7,46,2287.0,2710.0
7,47,2287.0,2710.0
7,48,2287.0,2710.0
7,49,2287.0,2710.0
7,50,2287.0,2710.0
7,51,2287.0,2710.0
7,52,2287.0,2710.0
7,53,2287.0,2710.0
7,54,2287.0,2710.0
7,55,2287.0,2710.0
7,56,2287.0,2710.0
7,57,2287.0,2710.0
7,58,2287.0,2710.0
7,59,2287.0,2710.0
7,60,2287.0,2710.0
7,61,2287.0,2710.0
7,62,2287.0,2710.0
7,63,2287.0,2710.0
7,64,2287.0,2710.0
7,65,2287.0,2710.0
7,66,2287.0,2710.0
7,67,2287.0,2710.0
7,68,2287.0,2710.0
7,69,2287.0,2710.0
7,70,2287.0,2710.0
7,71,2287.0,2710.0
7,72,2287.0,2710.0
7,73,2287.0,2710.0
7,74,2287.0,2710.0
7,75,2287.0,2710.0
7,76,2287.0,2710.0
7,77,2287.0,2710.0
7,78,2287.0,2710.0
7,79,2287.0,2710.0
7,80,2287.0,2710.0
7,81,2287.0,2710.0
7,82,2287.0,2710.0
7,83,2287.0,2710.0
7,84,2287.0,2710.0
7,85,2287.0,2710.0
7,86,2287.0,2710.0
7,87,2287.0,2710.0
7,88,2287.0,2710.0
7,89,2287.0,2710.0
7,90,2287.0,2710.0
7,91,2287.0,2710.0
7,92,2287.0,2710.0
7,93,2287.0,2710.0
7,94,2287.0,2710.0
7,95,2287.0,2710.0
7,96,2287.0,2710.0
7,97,2287.0,2710.0
7,98,2287.0,2710.0
7,99,2287.0,2710.0
7,100,2287.0,2710.0
7,101,2287.0,2710.0
7,102,2287.0,2710.0
7,103,2287.0,2710.0
7,104,2287.0,2710.0
7,105,2287.0,2710.0
7,106,2287.0,2710.0
7,107,2287.0,2710.0
7,108,2287.0,2710.0
7,109,2287.0,2710.0
7,110,2287.0,2710.0
7,111,2287.0,2710.0
7,112,2287.0,2710.0
7,113,2287.0,2710.0
7,114,2287.0,2710.0
7,115,2287.0,2710.0
7,116,2287.0,2710.0
7,117,2287.0,2710.0
7,118,2287.0,2710.0
8,0,2063.0,2038.0
8,1,2063.0,2038.0
8,2,2063.0,2038.0
8,3,2063.0,2038.0
8,4,2063.0,2038.0
8,5,2063.0,2038.0
8,6,2063.0,2038.0
8,7,2063.0,2038.0
8,8,2063.0,2038.0
8,9,2063.0,2038.0
8,10,2063.0,2038.0
8,11,2063.0,2038.0
8,12,2063.0,2038.0
8,13,2063.0,2038.0
8,14,2063.0,2038.0
8,15,2063.0,2038.0
8,16,2063.0,2038.0
8,17,2063.0,2038.0
8,18,2063.0,2038.0
8,19,2063.0,2038.0
8,20,2063.0,2038.0
8,21,2063.0,2038.0
8,22,2063.0,2038.0
8,23,2063.0,2038.0
8,24,2063.0,2038.0
8,25,2063.0,2038.0
8,26,2063.0,2038.0
8,27,2063.0,2038.0
8,28,2063.0,2038.0
8,29,2063.0,2038.0
8,30,2063.0,2038.0
8,31,2063.0,2038.0
8,32,2063.0,2038.0
8,33,2063.0,2038.0
8,34,2063.0,2038.0
8,35,2063.0,2038.0
8,36,2063.0,2038.0
8,37,2063.0,2038.0
8,38,2063.0,2038.0
8,39,2063.0,2038.0
8,40,2063.0,2038.0
8,41,2063.0,2038.0
8,42,2063.0,2038.0
8,43,2063.0,2038.0
8,44,2063.0,2038.0
8,45,2063.0,2038.0
8,46,2063.0,2038.0
8,47,2063.0,2038.0
8,48,2063.0,2038.0
8,49,2063.0,2038.0
8,50,2063.0,2038.0
8,51,2063.0,2038.0
8,52,2063.0,2038.0
8,53,2063.0,2038.0
8,54,2063.0,2038.0
8,55,2063.0,2038.0
8,56,2063.0,2038.0
8,57,2063.0,2038.0
8,58,2063.0,2038.0
8,59,2063.0,2038.0
8,60,2063.0,2038.0
8,61,2063.0,2038.0
8,62,2063.0,2038.0
8,63,2063.0,2038.0
8,64,2063.0,2038.0
8,65,2063.0,2038.0
8,66,2063.0,2038.0
8,67,2063.0,2038.0
8,68,2063.0,2038.0
8,69,2063.0,2038.0
8,70,2063.0,2038.0
8,71,2063.0,2038.0
8,72,2063.0,2038.0
8,73,2063.0,2038.0
8,74,2063.0,2038.0
8,75,2063.0,2038.0
8,76,2063.0,2038.0
8,77,2063.0,2038.0
8,78,2063.0,2038.0
8,79,2063.0,2038.0
8,80,2063.0,2038.0
8,81,2063.0,2038.0
8,82,2063.0,2038.0
8,83,2063.0,2038.0
8,84,2063.0,2038.0
8,85,2063.0,2038.0
8,86,2063.0,2038.0
8,87,2063.0,2038.0
8,88,2063.0,2038.0
8,89,2063.0,2038.0
8,90,2063.0,2038.0
8,91,2063.0,2038.0
8,92,2063.0,2038.0
8,93,2063.0,2038.0
8,94,2063.0,2038.0
8,95,2063.0,2038.0
8,96,2063.0,2038.0
8,97,2063.0,2038.0
8,98,2063.0,2038.0
8,99,2063.0,2038.0
8,100,2063.0,2038.0
8,101,2063.0,2038.0
8,102,2063.0,2038.0
8,103,2063.0,2038.0
8,104,2063.0,2038.0
8,105,2063.0,2038.0
8,106,2063.0,2038.0
8,107,2063.0,2038.0
8,108,2063.0,2038.0
8,109,2063.0,2038.0
8,110,2063.0,2038.0
8,111,2063.0,2038.0
8,112,2063.0,2038.0
8,113,2063.0,2038.0
8,114,2063.0,2038.0
8,115,2063.0,2038.0
8,116,2063.0,2038.0
8,117,2063.0,2038.0
8,118,2063.0,2038.0
9,0,2814.0,2652.0
9,1,2814.0,2652.0
9,2,2814.0,2652.0
9,3,2814.0,2652.0
9,4,2814.0,2652.0
9,5,2814.0,2652.0
9,6,2814.0,2652.0
9,7,2814.0,2652.0
9,8,2814.0,2652.0
9,9,2814.0,2652.0
9,10,2814.0,2652.0
9,11,2814.0,2652.0
9,12,2814.0,2652.0
9,13,2814.0,2652.0
9,14,2814.0,2652.0
9,15,2814.0,2652.0
9,16,2814.0,2652.0
9,17,2814.0,2652.0
9,18,2814.0,2652.0
9,19,2814.0,2652.0
9,20,2814.0,2652.0
9,21,2814.0,2652.0
9,22,2814.0,2652.0
9,23,2814.0,2652.0
9,24,2814.0,2652.0
9,25,2814.0,2652.0
9,26,2814.0,2652.0
9,27,2814.0,2652.0
9,28,2814.0,2652.0
9,29,2814.0,2652.0
9,30,2814.0,2652.0
9,31,2814.0,2652.0
9,32,2814.0,2652.0
9,33,2814.0,2652.0
9,34,2814.0,2652.0
9,35,2814.0,2652.0
9,36,2814.0,2652.0
9,37,2814.0,2652.0
9,38,2814.0,2652.0
9,39,2814.0,2652.0
9,40,2814.0,2652.0
9,41,2814.0,2652.0
9,42,2814.0,2652.0
9,43,2814.0,2652.0
9,44,2814.0,2652.0
9,45,2814.0,2652.0
9,46,2814.0,2652.0
9,47,2814.0,2652.0
9,48,2814.0,2652.0
9,49,2814.0,2652.0
9,50,2814.0,2652.0
9,51,2814.0,2652.0
9,52,2814.0,2652.0
9,53,2814.0,2652.0
9,54,2814.0,2652.0
9,55,2814.0,2652.0
9,56,2814.0,2652.0
9,57,2814.0,2652.0
9,58,2814.0,2652.0
9,59,2814.0,2652.0
9,60,2814.0,2652.0
9,61,2814.0,2652.0
9,62,2814.0,2652.0
9,63,2814.0,2652.0
9,64,2814.0,2652.0
9,65,2814.0,2652.0
9,66,2814.0,2652.0
9,67,2814.0,2652.0
9,68,2814.0,2652.0
9,69,2814.0,2652.0
9,70,2814.0,2652.0
9,71,2814.0,2652.0
9,72,2814.0,2652.0
9,73,2814.0,2652.0
9,74,2814.0,2652.0
9,75,2814.0,2652.0
9,76,2814.0,2652.0
9,77,2814.0,2652.0
9,78,2814.0,2652.0
9,79,2814.0,2652.0
9,80,2814.0,2652.0
9,81,2814.0,2652.0
9,82,2814.0,2652.0
9,83,2814.0,2652.0
9,84,2814.0,2652.0
9,85,2814.0,2652.0
9,86,2814.0,2652.0
9,87,2814.0,2652.0
9,88,2814.0,2652.0
9,89,2814.0,2652.0
9,90,2814.0,2652.0
9,91,2814.0,2652.0
9,92,2814.0,2652.0
9,93,2814.0,2652.0
9,94,2814.0,2652.0
9,95,2814.0,2652.0
9,96,2814.0,2652.0
9,97,2814.0,2652.0
9,98,2814.0,2652.0
9,99,2814.0,2652.0
9,100,2814.0,2652.0
9,101,2814.0,2652.0
9,102,2814.0,2652.0
9,103,2814.0,2652.0
9,104,2814.0,2652.0
9,105,2814.0,2652.0
9,106,2814.0,2652.0
9,107,2814.0,2652.0
9,108,2814.0,2652.0
9,109,2814.0,2652.0
9,110,2814.0,2652.0
9,111,2814.0,2652.0
9,112,2814.0,2652.0
9,113,2814.0,2652.0
9,114,2814.0,2652.0
9,115,2814.0,2652.0
9,116,2814.0,2652.0
9,117,2814.0,2652.0
9,118,2814.0,2652.0
10,0,2245.0,2159.0
10,1,2245.0,2159.0
10,2,2245.0,2159.0
10,3,2245.0,2159.0
10,4,2245.0,2159.0
10,5,2245.0,2159.0
10,6,2245.0,2159.0
10,7,2245.0,2159.0
10,8,2245.0,2159.0
10,9,2245.0,2159.0
10,10,2245.0,2159.0
10,11,2245.0,2159.0
10,12,2245.0,2159.0
10,13,2245.0,2159.0
10,14,2245.0,2159.0
10,15,2245.0,2159.0
10,16,2245.0,2159.0
10,17,2245.0,2159.0
10,18,2245.0,2159.0
10,19,2245.0,2159.0
10,20,2245.0,2159.0
10,21,2245.0,2159.0
10,22,2245.0,2159.0
10,23,2245.0,2159.0
10,24,2245.0,2159.0
10,25,2245.0,2159.0
10,26,2245.0,2159.0
10,27,2245.0,2159.0
10,28,2245.0,2159.0
10,29,2245.0,2159.0
10,30,2245.0,2159.0
10,31,2245.0,2159.0
10,32,2245.0,2159.0
10,33,2245.0,2159.0
10,34,2245.0,2159.0
10,35,2245.0,2159.0
10,36,2245.0,2159.0
10,37,2245.0,2159.0
10,38,2245.0,2159.0
10,39,2245.0,2159.0
10,40,2245.0,2159.0
10,41,2245.0,2159.0
10,42,2245.0,2159.0
10,43,2245.0,2159.0
10,44,2245.0,2159.0
10,45,2245.0,2159.0
10,46,2245.0,2159.0
10,47,2245.0,2159.0
10,48,2245.0,2159.0
10,49,2245.0,2159.0
10,50,2245.0,2159.0
10,51,2245.0,2159.0
10,52,2245.0,2159.0
10,53,2245.0,2159.0
10,54,2245.0,2159.0
10,55,2245.0,2159.0
10,56,2245.0,2159.0
10,57,2245.0,2159.0
10,58,2245.0,2159.0
10,59,2245.0,2159.0
10,60,2245.0,2159.0
10,61,2245.0,2159.0
10,62,2245.0,2159.0
10,63,2245.0,2159.0
10,64,2245.0,2159.0
10,65,2245.0,2159.0
10,66,2245.0,2159.0
10,67,2245.0,2159.0
10,68,2245.0,2159.0
10,69,2245.0,2159.0
10,70,2245.0,2159.0
10,71,2245.0,2159.0
10,72,2245.0,2159.0
10,73,2245.0,2159.0
10,74,2245.0,2159.0
10,75,2245.0,2159.0
10,76,2245.0,2159.0
10,77,2245.0,2159.0
10,78,2245.0,2159.0
10,79,2245.0,2159.0
10,80,2245.0,2159.0
10,81,2245.0,2159.0
10,82,2245.0,2159.0
10,83,2245.0,2159.0
10,84,2245.0,2159.0
10,85,2245.0,2159.0
10,86,2245.0,2159.0
10,87,2245.0,2159.0
10,88,2245.0,2159.0
10,89,2245.0,2159.0
10,90,2245.0,2159.0
10,91,2245.0,2159.0
10,92,2245.0,2159.0
10,93,2245.0,2159.0
10,94,2245.0,2159.0
10,95,2245.0,2159.0
10,96,2245.0,2159.0
10,97,2245.0,2159.0
10,98,2245.0,2159.0
10,99,2245.0,2159.0
10,100,2245.0,2159.0
10,101,2245.0,2159.0
10,102,2245.0,2159.0
10,103,2245.0,2159.0
10,104,2245.0,2159.0
10,105,2245.0,2159.0
10,106,2245.0,2159.0
10,107,2245.0,2159.0
10,108,2245.0,2159.0
10,109,2245.0,2159.0
10,110,2245.0,2159.0
10,111,2245.0,2159.0
10,112,2245.0,2159.0
10,113,2245.0,2159.0
10,114,2245.0,2159.0
10,115,2245.0,2159.0
10,116,2245.0,2159.0
10,117,2245.0,2159.0
10,118,2245.0,2159.0
11,0,2551.0,2461.0
11,1,2551.0,2461.0
11,2,2551.0,2461.0
11,3,2551.0,2461.0
11,4,2551.0,2461.0
11,5,2551.0,2461.0
11,6,2551.0,2461.0
11,7,2551.0,2461.0
11,8,2551.0,2461.0
11,9,2551.0,2461.0
11,10,2551.0,2461.0
11,11,2551.0,2461.0
11,12,2551.0,2461.0
11,13,2551.0,2461.0
11,14,2551.0,2461.0
11,15,2551.0,2461.0
11,16,2551.0,2461.0
11,17,2551.0,2461.0
11,18,2551.0,2461.0
11,19,2551.0,2461.0
11,20,2551.0,2461.0
11,21,2551.0,2461.0
11,22,2551.0,2461.0
11,23,2551.0,2461.0
11,24,2551.0,2461.0
11,25,2551.0,2461.0
11,26,2551.0,2461.0
11,27,2551.0,2461.0
11,28,2551.0,2461.0
11,29,2551.0,2461.0
11,30,2551.0,2461.0
11,31,2551.0,2461.0
11,32,2551.0,2461.0
11,33,2551.0,2461.0
11,34,2551.0,2461.0
11,35,2551.0,2461.0
11,36,2551.0,2461.0
11,37,2551.0,2461.0
11,38,2551.0,2461.0
11,39,2551.0,2461.0
11,40,2551.0,2461.0
11,41,2551.0,2461.0
11,42,2551.0,2461.0
11,43,2551.0,2461.0
11,44,2551.0,2461.0
11,45,2551.0,2461.0
11,46,2551.0,2461.0
11,47,2551.0,2461.0
11,48,2551.0,2461.0
11,49,2551.0,2461.0
11,50,2551.0,2461.0
11,51,2551.0,2461.0
11,52,2551.0,2461.0
11,53,2551.0,2461.0
11,54,2551.0,2461.0
11,55,2551.0,2461.0
11,56,2551.0,2461.0
11,57,2551.0,2461.0
11,58,2551.0,2461.0
11,59,2551.0,2461.0
11,60,2551.0,2461.0
11,61,2551.0,2461.0
11,62,2551.0,2461.0
11,63,2551.0,2461.0
11,64,2551.0,2461.0
11,65,2551.0,2461.0
11,66,2551.0,2461.0
11,67,2551.0,2461.0
11,68,2551.0,2461.0
11,69,2551.0,2461.0
11,70,2551.0,2461.0
11,71,2551.0,2461.0
11,72,2551.0,2461.0
11,73,2551.0,2461.0
11,74,2551.0,2461.0
11,75,2551.0,2461.0
11,76,2551.0,2461.0
11,77,2551.0,2461.0
11,78,2551.0,2461.0
11,79,2551.0,2461.0
11,80,2551.0,2461.0
11,81,2551.0,2461.0
11,82,2551.0,2461.0
11,83,2551.0,2461.0
11,84,2551.0,2461.0
11,85,2551.0,2461.0
11,86,2551.0,2461.0
11,87,2551.0,2461.0
11,88,2551.0,2461.0
11,89,2551.0,2461.0
11,90,2551.0,2461.0
11,91,2551.0,2461.0
11,92,2551.0,2461.0
11,93,2551.0,2461.0
11,94,2551.0,2461.0
11,95,2551.0,2461.0
11,96,2551.0,2461.0
11,97,2551.0,2461.0
11,98,2551.0,2461.0
11,99,2551.0,2461.0
11,100,2551.0,2461.0
11,101,2551.0,2461.0
11,102,2551.0,2461.0
11,103,2551.0,2461.0
11,104,2551.0,2461.0
11,105,2551.0,2461.0
11,106,2551.0,2461.0
11,107,2551.0,2461.0
11,108,2551.0,2461.0
11,109,2551.0,2461.0
11,110,2551.0,2461.0
11,111,2551.0,2461.0
11,112,2551.0,2461.0
11,113,2551.0,2461.0
11,114,2551.0,2461.0
11,115,2551.0,2461.0
11,116,2551.0,2461.0
11,117,2551.0,2461.0
11,118,2551.0,2461.0
12,0,1831.0,2158.0
12,1,1831.0,2158.0
12,2,1831.0,2158.0
12,3,1831.0,2158.0
12,4,1831.0,2158.0
12,5,1831.0,2158.0
12,6,1831.0,2158.0
12,7,1831.0,2158.0
12,8,1831.0,2158.0
12,9,1831.0,2158.0
12,10,1831.0,2158.0
12,11,1831.0,2158.0
12,12,1831.0,2158.0
12,13,1831.0,2158.0
12,14,1831.0,2158.0
12,15,1831.0,2158.0
12,16,1831.0,2158.0
12,17,1831.0,2158.0
12,18,1831.0,2158.0
12,19,1831.0,2158.0
12,20,1831.0,2158.0
12,21,1831.0,2158.0
12,22,1831.0,2158.0
12,23,1831.0,2158.0
12,24,1831.0,2158.0
12,25,1831.0,2158.0
12,26,1831.0,2158.0
12,27,1831.0,2158.0
12,28,1831.0,2158.0
12,29,1831.0,2158.0
12,30,1831.0,2158.0
12,31,1831.0,2158.0
12,32,1831.0,2158.0
12,33,1831.0,2158.0
12,34,1831.0,2158.0
12,35,1831.0,2158.0
12,36,1831.0,2158.0
12,37,1831.0,2158.0
12,38,1831.0,2158.0
12,39,1831.0,2158.0
12,40,1831.0,2158.0
12,41,1831.0,2158.0
12,42,1831.0,2158.0
12,43,1831.0,2158.0
12,44,1831.0,2158.0
12,45,1831.0,2158.0
12,46,1831.0,2158.0
12,47,1831.0,2158.0
12,48,1831.0,2158.0
12,49,1831.0,2158.0
12,50,1831.0,2158.0
12,51,1831.0,2158.0
12,52,1831.0,2158.0
12,53,1831.0,2158.0
12,54,1831.0,2158.0
12,55,1831.0,2158.0
12,56,1831.0,2158.0
12,57,1831.0,2158.0
12,58,1831.0,2158.0
12,59,1831.0,2158.0
12,60,1831.0,2158.0
12,61,1831.0,2158.0
12,62,1831.0,2158.0
12,63,1831.0,2158.0
12,64,1831.0,2158.0
12,65,1831.0,2158.0
12,66,1831.0,2158.0
12,67,1831.0,2158.0
12,68,1831.0,2158.0
12,69,1831.0,2158.0
12,70,1831.0,2158.0
12,71,1831.0,2158.0
12,72,1831.0,2158.0
12,73,1831.0,2158.0
12,74,1831.0,2158.0
12,75,1831.0,2158.0
12,76,1831.0,2158.0
12,77,1831.0,2158.0
12,78,1831.0,2158.0
12,79,1831.0,2158.0
12,80,1831.0,2158.0
12,81,1831.0,2158.0
12,82,1831.0,2158.0
12,83,1831.0,2158.0
12,84,1831.0,2158.0
12,85,1831.0,2158.0
12,86,1831.0,2158.0
12,87,1831.0,2158.0
12,88,1831.0,2158.0
12,89,1831.0,2158.0
12,90,1831.0,2158.0
12,91,1831.0,2158.0
12,92,1831.0,2158.0
12,93,1831.0,2158.0
12,94,1831.0,2158.0
12,95,1831.0,2158.0
12,96,1831.0,2158.0
12,97,1831.0,2158.0
12,98,1831.0,2158.0
12,99,1831.0,2158.0
12,100,1831.0,2158.0
12,101,1831.0,2158.0
12,102,1831.0,2158.0
12,103,1831.0,2158.0
12,104,1831.0,2158.0
12,105,1831.0,2158.0
12,106,1831.0,2158.0
12,107,1831.0,2158.0
12,108,1831.0,2158.0
12,109,1831.0,2158.0
12,110,1831.0,2158.0
12,111,1831.0,2158.0
12,112,1831.0,2158.0
12,113,1831.0,2158.0
12,114,1831.0,2158.0
12,115,1831.0,2158.0
12,116,1831.0,2158.0
12,117,1831.0,2158.0
12,118,1831.0,2158.0
13,0,2263.0,2422.0
13,1,2263.0,2422.0
13,2,2263.0,2422.0
13,3,2263.0,2422.0
13,4,2263.0,2422.0
13,5,2263.0,2422.0
13,6,2263.0,2422.0
13,7,2263.0,2422.0
13,8,2263.0,2422.0
13,9,2263.0,2422.0
13,10,2263.0,2422.0
13,11,2263.0,2422.0
13,12,2263.0,2422.0
13,13,2263.0,2422.0
13,14,2263.0,2422.0
13,15,2263.0,2422.0
13,16,2263.0,2422.0
13,17,2263.0,2422.0
13,18,2263.0,2422.0
13,19,2263.0,2422.0
13,20,2263.0,2422.0
13,21,2263.0,2422.0
13,22,2263.0,2422.0
13,23,2263.0,2422.0
13,24,2263.0,2422.0
13,25,2263.0,2422.0
13,26,2263.0,2422.0
13,27,2263.0,2422.0
13,28,2263.0,2422.0
13,29,2263.0,2422.0
13,30,2263.0,2422.0
13,31,2263.0,2422.0
13,32,2263.0,2422.0
13,33,2263.0,2422.0
13,34,2263.0,2422.0
13,35,2263.0,2422.0
13,36,2263.0,2422.0
13,37,2263.0,2422.0
13,38,2263.0,2422.0
13,39,2263.0,2422.0
13,40,2263.0,2422.0
13,41,2263.0,2422.0
13,42,2263.0,2422.0
13,43,2263.0,2422.0
13,44,2263.0,2422.0
13,45,2263.0,2422.0
13,46,2263.0,2422.0
13,47,2263.0,2422.0
13,48,2263.0,2422.0
13,49,2263.0,2422.0
13,50,2263.0,2422.0
13,51,2263.0,2422.0
13,52,2263.0,2422.0
13,53,2263.0,2422.0
13,54,2263.0,2422.0
13,55,2263.0,2422.0
13,56,2263.0,2422.0
13,57,2263.0,2422.0
13,58,2263.0,2422.0
13,59,2263.0,2422.0
13,60,2263.0,2422.0
13,61,2263.0,2422.0
13,62,2263.0,2422.0
13,63,2263.0,2422.0
13,64,2263.0,2422.0
13,65,2263.0,2422.0
13,66,2263.0,2422.0
13,67,2263.0,2422.0
13,68,2263.0,2422.0
13,69,2263.0,2422.0
13,70,2263.0,2422.0
13,71,2263.0,2422.0
13,72,2263.0,2422.0
13,73,2263.0,2422.0
13,74,2263.0,2422.0
13,75,2263.0,2422.0
13,76,2263.0,2422.0
13,77,2263.0,2422.0
13,78,2263.0,2422.0
13,79,2263.0,2422.0
13,80,2263.0,2422.0
13,81,2263.0,2422.0
13,82,2263.0,2422.0
13,83,2263.0,2422.0
13,84,2263.0,2422.0
13,85,2263.0,2422.0
13,86,2263.0,2422.0
13,87,2263.0,2422.0
13,88,2263.0,2422.0
13,89,2263.0,2422.0
13,90,2263.0,2422.0
13,91,2263.0,2422.0
13,92,2263.0,2422.0
13,93,2263.0,2422.0
13,94,2263.0,2422.0
13,95,2263.0,2422.0
13,96,2263.0,2422.0
13,97,2263.0,2422.0
13,98,2263.0,2422.0
13,99,2263.0,2422.0
13,100,2263.0,2422.0
13,101,2263.0,2422.0
13,102,2263.0,2422.0
13,103,2263.0,2422.0
13,104,2263.0,2422.0
13,105,2263.0,2422.0
13,106,2263.0,2422.0
13,107,2263.0,2422.0
13,108,2263.0,2422.0
13,109,2263.0,2422.0
13,110,2263.0,2422.0
13,111,2263.0,2422.0
13,112,2263.0,2422.0
13,113,2263.0,2422.0
13,114,2263.0,2422.0
13,115,2263.0,2422.0
13,116,2263.0,2422.0
13,117,2263.0,2422.0
13,118,2263.0,2422.0
14,0,1628.0,2018.0
14,1,1628.0,2018.0
14,2,1628.0,2018.0
14,3,1628.0,2018.0
14,4,1628.0,2018.0
14,5,1628.0,2018.0
14,6,1628.0,2018.0
14,7,1628.0,2018.0
14,8,1628.0,2018.0
14,9,1628.0,2018.0
14,10,1628.0,2018.0
14,11,1628.0,2018.0
14,12,1628.0,2018.0
14,13,1628.0,2018.0
14,14,1628.0,2018.0
14,15,1628.0,2018.0
14,16,1628.0,2018.0
14,17,1628.0,2018.0
14,18,1628.0,2018.0
14,19,1628.0,2018.0
14,20,1628.0,2018.0
14,21,1628.0,2018.0
14,22,1628.0,2018.0
14,23,1628.0,2018.0
14,24,1628.0,2018.0
14,25,1628.0,2018.0
14,26,1628.0,2018.0
14,27,1628.0,2018.0
14,28,1628.0,2018.0
14,29,1628.0,2018.0
14,30,1628.0,2018.0
14,31,1628.0,2018.0
14,32,1628.0,2018.0
14,33,1628.0,2018.0
14,34,1628.0,2018.0
14,35,1628.0,2018.0
14,36,1628.0,2018.0
14,37,1628.0,2018.0
14,38,1628.0,2018.0
14,39,1628.0,2018.0
14,40,1628.0,2018.0
14,41,1628.0,2018.0
14,42,1628.0,2018.0
14,43,1628.0,2018.0
14,44,1628.0,2018.0
14,45,1628.0,2018.0
14,46,1628.0,2018.0
14,47,1628.0,2018.0
14,48,1628.0,2018.0
14,49,1628.0,2018.0
14,50,1628.0,2018.0
14,51,1628.0,2018.0
14,52,1628.0,2018.0
14,53,1628.0,2018.0
14,54,1628.0,2018.0
14,55,1628.0,2018.0
14,56,1628.0,2018.0
14,57,1628.0,2018.0
14,58,1628.0,2018.0
14,59,1628.0,2018.0
14,60,1628.0,2018.0
14,61,1628.0,2018.0
14,62,1628.0,2018.0
14,63,1628.0,2018.0
14,64,1628.0,2018.0
14,65,1628.0,2018.0
14,66,1628.0,2018.0
14,67,1628.0,2018.0
14,68,1628.0,2018.0
14,69,1628.0,2018.0
14,70,1628.0,2018.0
14,71,1628.0,2018.0
14,72,1628.0,2018.0
14,73,1628.0,2018.0
14,74,1628.0,2018.0
14,75,1628.0,2018.0
14,76,1628.0,2018.0
14,77,1628.0,2018.0
14,78,1628.0,2018.0
14,79,1628.0,2018.0
14,80,1628.0,2018.0
14,81,1628.0,2018.0
14,82,1628.0,2018.0
14,83,1628.0,2018.0
14,84,1628.0,2018.0
14,85,1628.0,2018.0
14,86,1628.0,2018.0
14,87,1628.0,2018.0
14,88,1628.0,2018.0
14,89,1628.0,2018.0
14,90,1628.0,2018.0
14,91,1628.0,2018.0
14,92,1628.0,2018.0
14,93,1628.0,2018.0
14,94,1628.0,2018.0
14,95,1628.0,2018.0
14,96,1628.0,2018.0
14,97,1628.0,2018.0
14,98,1628.0,2018.0
14,99,1628.0,2018.0
14,100,1628.0,2018.0
14,101,1628.0,2018.0
14,102,1628.0,2018.0
14,103,1628.0,2018.0
14,104,1628.0,2018.0
14,105,1628.0,2018.0
14,106,1628.0,2018.0
14,107,1628.0,2018.0
14,108,1628.0,2018.0
14,109,1628.0,2018.0
14,110,1628.0,2018.0
14,111,1628.0,2018.0
14,112,1628.0,2018.0
14,113,1628.0,2018.0
14,114,1628.0,2018.0
14,115,1628.0,2018.0
14,116,1628.0,2018.0
14,117,1628.0,2018.0
14,118,1628.0,2018.0
15,0,2221.0,2602.0
15,1,2221.0,2602.0
15,2,2221.0,2602.0
15,3,2221.0,2602.0
15,4,2221.0,2602.0
15,5,2221.0,2602.0
15,6,2221.0,2602.0
15,7,2221.0,2602.0
15,8,2221.0,2602.0
15,9,2221.0,2602.0
15,10,2221.0,2602.0
15,11,2221.0,2602.0
15,12,2221.0,2602.0
15,13,2221.0,2602.0
15,14,2221.0,2602.0
15,15,2221.0,2602.0
15,16,2221.0,2602.0
15,17,2221.0,2602.0
15,18,2221.0,2602.0
15,19,2221.0,2602.0
15,20,2221.0,2602.0
15,21,2221.0,2602.0
15,22,2221.0,2602.0
15,23,2221.0,2602.0
15,24,2221.0,2602.0
15,25,2221.0,2602.0
15,26,2221.0,2602.0
15,27,2221.0,2602.0
15,28,2221.0,2602.0
15,29,2221.0,2602.0
15,30,2221.0,2602.0
15,31,2221.0,2602.0
15,32,2221.0,2602.0
15,33,2221.0,2602.0
15,34,2221.0,2602.0
15,35,2221.0,2602.0
15,36,2221.0,2602.0
15,37,2221.0,2602.0
15,38,2221.0,2602.0
15,39,2221.0,2602.0
15,40,2221.0,2602.0
15,41,2221.0,2602.0
15,42,2221.0,2602.0
15,43,2221.0,2602.0
15,44,2221.0,2602.0
15,45,2221.0,2602.0
15,46,2221.0,2602.0
15,47,2221.0,2602.0
15,48,2221.0,2602.0
15,49,2221.0,2602.0
15,50,2221.0,2602.0
15,51,2221.0,2602.0
15,52,2221.0,2602.0
15,53,2221.0,2602.0
15,54,2221.0,2602.0
15,55,2221.0,2602.0
15,56,2221.0,2602.0
15,57,2221.0,2602.0
15,58,2221.0,2602.0
15,59,2221.0,2602.0
15,60,2221.0,2602.0
15,61,2221.0,2602.0
15,62,2221.0,2602.0
15,63,2221.0,2602.0
15,64,2221.0,2602.0
15,65,2221.0,2602.0
15,66,2221.0,2602.0
15,67,2221.0,2602.0
15,68,2221.0,2602.0
15,69,2221.0,2602.0
15,70,2221.0,2602.0
15,71,2221.0,2602.0
15,72,2221.0,2602.0
15,73,2221.0,2602.0
15,74,2221.0,2602.0
15,75,2221.0,2602.0
15,76,2221.0,2602.0
15,77,2221.0,2602.0
15,78,2221.0,2602.0
15,79,2221.0,2602.0
15,80,2221.0,2602.0
15,81,2221.0,2602.0
15,82,2221.0,2602.0
15,83,2221.0,2602.0
15,84,2221.0,2602.0
15,85,2221.0,2602.0
15,86,2221.0,2602.0
15,87,2221.0,2602.0
15,88,2221.0,2602.0
15,89,2221.0,2602.0
15,90,2221.0,2602.0
15,91,2221.0,2602.0
15,92,2221.0,2602.0
15,93,2221.0,2602.0
15,94,2221.0,2602.0
15,95,2221.0,2602.0
15,96,2221.0,2602.0
15,97,2221.0,2602.0
15,98,2221.0,2602.0
15,99,2221.0,2602.0
15,100,2221.0,2602.0
15,101,2221.0,2602.0
15,102,2221.0,2602.0
15,103,2221.0,2602.0
15,104,2221.0,2602.0
15,105,2221.0,2602.0
15,106,2221.0,2602.0
15,107,2221.0,2602.0
15,108,2221.0,2602.0
15,109,2221.0,2602.0
15,110,2221.0,2602.0
15,111,2221.0,2602.0
15,112,2221.0,2602.0
15,113,2221.0,2602.0
15,114,2221.0,2602.0
15,115,2221.0,2602.0
15,116,2221.0,2602.0
15,117,2221.0,2602.0
15,118,2221.0,2602.0
16,0,1976.0,1943.0
16,1,1976.0,1943.0
16,2,1976.0,1943.0
16,3,1976.0,1943.0
16,4,1976.0,1943.0
16,5,1976.0,1943.0
16,6,1976.0,1943.0
16,7,1976.0,1943.0
16,8,1976.0,1943.0
16,9,1976.0,1943.0
16,10,1976.0,1943.0
16,11,1976.0,1943.0
16,12,1976.0,1943.0
16,13,1976.0,1943.0
16,14,1976.0,1943.0
16,15,1976.0,1943.0
16,16,1976.0,1943.0
16,17,1976.0,1943.0
16,18,1976.0,1943.0
16,19,1976.0,1943.0
16,20,1976.0,1943.0
16,21,1976.0,1943.0
16,22,1976.0,1943.0
16,23,1976.0,1943.0
16,24,1976.0,1943.0
16,25,1976.0,1943.0
16,26,1976.0,1943.0
16,27,1976.0,1943.0
16,28,1976.0,1943.0
16,29,1976.0,1943.0
16,30,1976.0,1943.0
16,31,1976.0,1943.0
16,32,1976.0,1943.0
16,33,1976.0,1943.0
16,34,1976.0,1943.0
16,35,1976.0,1943.0
16,36,1976.0,1943.0
16,37,1976.0,1943.0
16,38,1976.0,1943.0
16,39,1976.0,1943.0
16,40,1976.0,1943.0
16,41,1976.0,1943.0
16,42,1976.0,1943.0
16,43,1976.0,1943.0
16,44,1976.0,1943.0
16,45,1976.0,1943.0
16,46,1976.0,1943.0
16,47,1976.0,1943.0
16,48,1976.0,1943.0
16,49,1976.0,1943.0
16,50,1976.0,1943.0
16,51,1976.0,1943.0
16,52,1976.0,1943.0
16,53,1976.0,1943.0
16,54,1976.0,1943.0
16,55,1976.0,1943.0
16,56,1976.0,1943.0
16,57,1976.0,1943.0
16,58,1976.0,1943.0
16,59,1976.0,1943.0
16,60,1976.0,1943.0
16,61,1976.0,1943.0
16,62,1976.0,1943.0
16,63,1976.0,1943.0
16,64,1976.0,1943.0
16,65,1976.0,1943.0
16,66,1976.0,1943.0
16,67,1976.0,1943.0
16,68,1976.0,1943.0
16,69,1976.0,1943.0
16,70,1976.0,1943.0
16,71,1976.0,1943.0
16,72,1976.0,1943.0
16,73,1976.0,1943.0
16,74,1976.0,1943.0
16,75,1976.0,1943.0
16,76,1976.0,1943.0
16,77,1976.0,1943.0
16,78,1976.0,1943.0
16,79,1976.0,1943.0
16,80,1976.0,1943.0
16,81,1976.0,1943.0
16,82,1976.0,1943.0
16,83,1976.0,1943.0
16,84,1976.0,1943.0
16,85,1976.0,1943.0
16,86,1976.0,1943.0
16,87,1976.0,1943.0
16,88,1976.0,1943.0
16,89,1976.0,1943.0
16,90,1976.0,1943.0
16,91,1976.0,1943.0
16,92,1976.0,1943.0
16,93,1976.0,1943.0
16,94,1976.0,1943.0
16,95,1976.0,1943.0
16,96,1976.0,1943.0
16,97,1976.0,1943.0
16,98,1976.0,1943.0
16,99,1976.0,1943.0
16,100,1976.0,1943.0
16,101,1976.0,1943.0
16,102,1976.0,1943.0
16,103,1976.0,1943.0
16,104,1976.0,1943.0
16,105,1976.0,1943.0
16,106,1976.0,1943.0
16,107,1976.0,1943.0
16,108,1976.0,1943.0
16,109,1976.0,1943.0
16,110,1976.0,1943.0
16,111,1976.0,1943.0
16,112,1976.0,1943.0
16,113,1976.0,1943.0
16,114,1976.0,1943.0
16,115,1976.0,1943.0
16,116,1976.0,1943.0
16,117,1976.0,1943.0
16,118,1976.0,1943.0
17,0,3010.0,2740.0
17,1,3010.0,2740.0
17,2,3010.0,2740.0
17,3,3010.0,2740.0
17,4,3010.0,2740.0
17,5,3010.0,2740.0
17,6,3010.0,2740.0
17,7,3010.0,2740.0
17,8,3010.0,2740.0
17,9,3010.0,2740.0
17,10,3010.0,2740.0
17,11,3010.0,2740.0
17,12,3010.0,2740.0
17,13,3010.0,2740.0
17,14,3010.0,2740.0
17,15,3010.0,2740.0
17,16,3010.0,2740.0
17,17,3010.0,2740.0
17,18,3010.0,2740.0
17,19,3010.0,2740.0
17,20,3010.0,2740.0
17,21,3010.0,2740.0
17,22,3010.0,2740.0
17,23,3010.0,2740.0
17,24,3010.0,2740.0
17,25,3010.0,2740.0
17,26,3010.0,2740.0
17,27,3010.0,2740.0
17,28,3010.0,2740.0
17,29,3010.0,2740.0
17,30,3010.0,2740.0
17,31,3010.0,2740.0
17,32,3010.0,2740.0
17,33,3010.0,2740.0
17,34,3010.0,2740.0
17,35,3010.0,2740.0
17,36,3010.0,2740.0
17,37,3010.0,2740.0
17,38,3010.0,2740.0
17,39,3010.0,2740.0
17,40,3010.0,2740.0
17,41,3010.0,2740.0
17,42,3010.0,2740.0
17,43,3010.0,2740.0
17,44,3010.0,2740.0
17,45,3010.0,2740.0
17,46,3010.0,2740.0
17,47,3010.0,2740.0
17,48,3010.0,2740.0
17,49,3010.0,2740.0
17,50,3010.0,2740.0
17,51,3010.0,2740.0
17,52,3010.0,2740.0
17,53,3010.0,2740.0
17,54,3010.0,2740.0
17,55,3010.0,2740.0
17,56,3010.0,2740.0
17,57,3010.0,2740.0
17,58,3010.0,2740.0
17,59,3010.0,2740.0
17,60,3010.0,2740.0
17,61,3010.0,2740.0
17,62,3010.0,2740.0
17,63,3010.0,2740.0
17,64,3010.0,2740.0
17,65,3010.0,2740.0
17,66,3010.0,2740.0
17,67,3010.0,2740.0
17,68,3010.0,2740.0
17,69,3010.0,2740.0
17,70,3010.0,2740.0
17,71,3010.0,2740.0
17,72,3010.0,2740.0
17,73,3010.0,2740.0
17,74,3010.0,2740.0
17,75,3010.0,2740.0
17,76,3010.0,2740.0
17,77,3010.0,2740.0
17,78,3010.0,2740.0
17,79,3010.0,2740.0
17,80,3010.0,2740.0
17,81,3010.0,2740.0
17,82,3010.0,2740.0
17,83,3010.0,2740.0
17,84,3010.0,2740.0
17,85,3010.0,2740.0
17,86,3010.0,2740.0
17,87,3010.0,2740.0
17,88,3010.0,2740.0
17,89,3010.0,2740.0
17,90,3010.0,2740.0
17,91,3010.0,2740.0
17,92,3010.0,2740.0
17,93,3010.0,2740.0
17,94,3010.0,2740.0
17,95,3010.0,2740.0
17,96,3010.0,2740.0
17,97,3010.0,2740.0
17,98,3010.0,2740.0
17,99,3010.0,2740.0
17,100,3010.0,2740.0
17,101,3010.0,2740.0
17,102,3010.0,2740.0
17,103,3010.0,2740.0
17,104,3010.0,2740.0
17,105,3010.0,2740.0
17,106,3010.0,2740.0
17,107,3010.0,2740.0
17,108,3010.0,2740.0
17,109,3010.0,2740.0
17,110,3010.0,2740.0
17,111,3010.0,2740.0
17,112,3010.0,2740.0
17,113,3010.0,2740.0
17,114,3010.0,2740.0
17,115,3010.0,2740.0
17,116,3010.0,2740.0
17,117,3010.0,2740.0
17,118,3010.0,2740.0
18,0,1385.0,2199.0
18,1,1385.0,2199.0
18,2,1385.0,2199.0
18,3,1385.0,2199.0
18,4,1385.0,2199.0
18,5,1385.0,2199.0
18,6,1385.0,2199.0
18,7,1385.0,2199.0
18,8,1385.0,2199.0
18,9,1385.0,2199.0
18,10,1385.0,2199.0
18,11,1385.0,2199.0
18,12,1385.0,2199.0
18,13,1385.0,2199.0
18,14,1385.0,2199.0
18,15,1385.0,2199.0
18,16,1385.0,2199.0
18,17,1385.0,2199.0
18,18,1385.0,2199.0
18,19,1385.0,2199.0
18,20,1385.0,2199.0
18,21,1385.0,2199.0
18,22,1385.0,2199.0
18,23,1385.0,2199.0
18,24,1385.0,2199.0
18,25,1385.0,2199.0
18,26,1385.0,2199.0
18,27,1385.0,2199.0
18,28,1385.0,2199.0
18,29,1385.0,2199.0
18,30,1385.0,2199.0
18,31,1385.0,2199.0
18,32,1385.0,2199.0
18,33,1385.0,2199.0
18,34,1385.0,2199.0
18,35,1385.0,2199.0
18,36,1385.0,2199.0
18,37,1385.0,2199.0
18,38,1385.0,2199.0
18,39,1385.0,2199.0
18,40,1385.0,2199.0
18,41,1385.0,2199.0
18,42,1385.0,2199.0
18,43,1385.0,2199.0
18,44,1385.0,2199.0
18,45,1385.0,2199.0
18,46,1385.0,2199.0
18,47,1385.0,2199.0
18,48,1385.0,2199.0
18,49,1385.0,2199.0
18,50,1385.0,2199.0
18,51,1385.0,2199.0
18,52,1385.0,2199.0
18,53,1385.0,2199.0
18,54,1385.0,2199.0
18,55,1385.0,2199.0
18,56,1385.0,2199.0
18,57,1385.0,2199.0
18,58,1385.0,2199.0
18,59,1385.0,2199.0
18,60,1385.0,2199.0
18,61,1385.0,2199.0
18,62,1385.0,2199.0
18,63,1385.0,2199.0
18,64,1385.0,2199.0
18,65,1385.0,2199.0
18,66,1385.0,2199.0
18,67,1385.0,2199.0
18,68,1385.0,2199.0
18,69,1385.0,2199.0
18,70,1385.0,2199.0
18,71,1385.0,2199.0
18,72,1385.0,2199.0
18,73,1385.0,2199.0
18,74,1385.0,2199.0
18,75,1385.0,2199.0
18,76,1385.0,2199.0
18,77,1385.0,2199.0
18,78,1385.0,2199.0
18,79,1385.0,2199.0
18,80,1385.0,2199.0
18,81,1385.0,2199.0
18,82,1385.0,2199.0
18,83,1385.0,2199.0
18,84,1385.0,2199.0
18,85,1385.0,2199.0
18,86,1385.0,2199.0
18,87,1385.0,2199.0
18,88,1385.0,2199.0
18,89,1385.0,2199.0
18,90,1385.0,2199.0
18,91,1385.0,2199.0
18,92,1385.0,2199.0
18,93,1385.0,2199.0
18,94,1385.0,2199.0
18,95,1385.0,2199.0
18,96,1385.0,2199.0
18,97,1385.0,2199.0
18,98,1385.0,2199.0
18,99,1385.0,2199.0
18,100,1385.0,2199.0
18,101,1385.0,2199.0
18,102,1385.0,2199.0
18,103,1385.0,2199.0
18,104,1385.0,2199.0
18,105,1385.0,2199.0
18,106,1385.0,2199.0
18,107,1385.0,2199.0
18,108,1385.0,2199.0
18,109,1385.0,2199.0
18,110,1385.0,2199.0
18,111,1385.0,2199.0
18,112,1385.0,2199.0
18,113,1385.0,2199.0
18,114,1385.0,2199.0
18,115,1385.0,2199.0
18,116,1385.0,2199.0
18,117,1385.0,2199.0
18,118,1385.0,2199.0
19,0,2935.0,3004.0
19,1,2935.0,3004.0
19,2,2935.0,3004.0
19,3,2935.0,3004.0
19,4,2935.0,3004.0
19,5,2935.0,3004.0
19,6,2935.0,3004.0
19,7,2935.0,3004.0
19,8,2935.0,3004.0
19,9,2935.0,3004.0
19,10,2935.0,3004.0
19,11,2935.0,3004.0
19,12,2935.0,3004.0
19,13,2935.0,3004.0
19,14,2935.0,3004.0
19,15,2935.0,3004.0
19,16,2935.0,3004.0
19,17,2935.0,3004.0
19,18,2935.0,3004.0
19,19,2935.0,3004.0
19,20,2935.0,3004.0
19,21,2935.0,3004.0
19,22,2935.0,3004.0
19,23,2935.0,3004.0
19,24,2935.0,3004.0
19,25,2935.0,3004.0
19,26,2935.0,3004.0
19,27,2935.0,3004.0
19,28,2935.0,3004.0
19,29,2935.0,3004.0
19,30,2935.0,3004.0
19,31,2935.0,3004.0
19,32,2935.0,3004.0
19,33,2935.0,3004.0
19,34,2935.0,3004.0
19,35,2935.0,3004.0
19,36,2935.0,3004.0
19,37,2935.0,3004.0
19,38,2935.0,3004.0
19,39,2935.0,3004.0
19,40,2935.0,3004.0
19,41,2935.0,3004.0
19,42,2935.0,3004.0
19,43,2935.0,3004.0
19,44,2935.0,3004.0
19,45,2935.0,3004.0
19,46,2935.0,3004.0
19,47,2935.0,3004.0
19,48,2935.0,3004.0
19,49,2935.0,3004.0
19,50,2935.0,3004.0
19,51,2935.0,3004.0
19,52,2935.0,3004.0
19,53,2935.0,3004.0
19,54,2935.0,3004.0
19,55,2935.0,3004.0
19,56,2935.0,3004.0
19,57,2935.0,3004.0
19,58,2935.0,3004.0
19,59,2935.0,3004.0
19,60,2935.0,3004.0
19,61,2935.0,3004.0
19,62,2935.0,3004.0
19,63,2935.0,3004.0
19,64,2935.0,3004.0
19,65,2935.0,3004.0
19,66,2935.0,3004.0
19,67,2935.0,3004.0
19,68,2935.0,3004.0
19,69,2935.0,3004.0
19,70,2935.0,3004.0
19,71,2935.0,3004.0
19,72,2935.0,3004.0
19,73,2935.0,3004.0
19,74,2935.0,3004.0
19,75,2935.0,3004.0
19,76,2935.0,3004.0
19,77,2935.0,3004.0
19,78,2935.0,3004.0
19,79,2935.0,3004.0
19,80,2935.0,3004.0
19,81,2935.0,3004.0
19,82,2935.0,3004.0
19,83,2935.0,3004.0
19,84,2935.0,3004.0
19,85,2935.0,3004.0
19,86,2935.0,3004.0
19,87,2935.0,3004.0
19,88,2935.0,3004.0
19,89,2935.0,3004.0
19,90,2935.0,3004.0
19,91,2935.0,3004.0
19,92,2935.0,3004.0
19,93,2935.0,3004.0
19,94,2935.0,3004.0
19,95,2935.0,3004.0
19,96,2935.0,3004.0
19,97,2935.0,3004.0
19,98,2935.0,3004.0
19,99,2935.0,3004.0
19,100,2935.0,3004.0
19,101,2935.0,3004.0
19,102,2935.0,3004.0
19,103,2935.0,3004.0
19,104,2935.0,3004.0
19,105,2935.0,3004.0
19,106,2935.0,3004.0
19,107,2935.0,3004.0
19,108,2935.0,3004.0
19,109,2935.0,3004.0
19,110,2935.0,3004.0
19,111,2935.0,3004.0
19,112,2935.0,3004.0
19,113,2935.0,3004.0
19,114,2935.0,3004.0
19,115,2935.0,3004.0
19,116,2935.0,3004.0
19,117,2935.0,3004.0
19,118,2935.0,3004.0
20,0,1224.0,2031.0
20,1,1224.0,2031.0
20,2,1224.0,2031.0
20,3,1224.0,2031.0
20,4,1224.0,2031.0
20,5,1224.0,2031.0
20,6,1224.0,2031.0
20,7,1224.0,2031.0
20,8,1224.0,2031.0
20,9,1224.0,2031.0
20,10,1224.0,2031.0
20,11,1224.0,2031.0
20,12,1224.0,2031.0
20,13,1224.0,2031.0
20,14,1224.0,2031.0
20,15,1224.0,2031.0
20,16,1224.0,2031.0
20,17,1224.0,2031.0
20,18,1224.0,2031.0
20,19,1224.0,2031.0
20,20,1224.0,2031.0
20,21,1224.0,2031.0
20,22,1224.0,2031.0
20,23,1224.0,2031.0
20,24,1224.0,2031.0
20,25,1224.0,2031.0
20,26,1224.0,2031.0
20,27,1224.0,2031.0
20,28,1224.0,2031.0
20,29,1224.0,2031.0
20,30,1224.0,2031.0
20,31,1224.0,2031.0
20,32,1224.0,2031.0
20,33,1224.0,2031.0
20,34,1224.0,2031.0
20,35,1224.0,2031.0
20,36,1224.0,2031.0
20,37,1224.0,2031.0
20,38,1224.0,2031.0
20,39,1224.0,2031.0
20,40,1224.0,2031.0
20,41,1224.0,2031.0
20,42,1224.0,2031.0
20,43,1224.0,2031.0
20,44,1224.0,2031.0
20,45,1224.0,2031.0
20,46,1224.0,2031.0
20,47,1224.0,2031.0
20,48,1224.0,2031.0
20,49,1224.0,2031.0
20,50,1224.0,2031.0
20,51,1224.0,2031.0
20,52,1224.0,2031.0
20,53,1224.0,2031.0
20,54,1224.0,2031.0
20,55,1224.0,2031.0
20,56,1224.0,2031.0
20,57,1224.0,2031.0
20,58,1224.0,2031.0
20,59,1224.0,2031.0
20,60,1224.0,2031.0
20,61,1224.0,2031.0
20,62,1224.0,2031.0
20,63,1224.0,2031.0
20,64,1224.0,2031.0
20,65,1224.0,2031.0
20,66,1224.0,2031.0
20,67,1224.0,2031.0
20,68,1224.0,2031.0
20,69,1224.0,2031.0
20,70,1224.0,2031.0
20,71,1224.0,2031.0
20,72,1224.0,2031.0
20,73,1224.0,2031.0
20,74,1224.0,2031.0
20,75,1224.0,2031.0
20,76,1224.0,2031.0
20,77,1224.0,2031.0
20,78,1224.0,2031.0
20,79,1224.0,2031.0
20,80,1224.0,2031.0
20,81,1224.0,2031.0
20,82,1224.0,2031.0
20,83,1224.0,2031.0
20,84,1224.0,2031.0
20,85,1224.0,2031.0
20,86,1224.0,2031.0
20,87,1224.0,2031.0
20,88,1224.0,2031.0
20,89,1224.0,2031.0
20,90,1224.0,2031.0
20,91,1224.0,2031.0
20,92,1224.0,2031.0
20,93,1224.0,2031.0
20,94,1224.0,2031.0
20,95,1224.0,2031.0
20,96,1224.0,2031.0
20,97,1224.0,2031.0
20,98,1224.0,2031.0
20,99,1224.0,2031.0
20,100,1224.0,2031.0
20,101,1224.0,2031.0
20,102,1224.0,2031.0
20,103,1224.0,2031.0
20,104,1224.0,2031.0
20,105,1224.0,2031.0
20,106,1224.0,2031.0
20,107,1224.0,2031.0
20,108,1224.0,2031.0
20,109,1224.0,2031.0
20,110,1224.0,2031.0
20,111,1224.0,2031.0
20,112,1224.0,2031.0
20,113,1224.0,2031.0
20,114,1224.0,2031.0
20,115,1224.0,2031.0
20,116,1224.0,2031.0
20,117,1224.0,2031.0
20,118,1224.0,2031.0
21,0,3019.0,2449.0
21,1,3019.0,2449.0
21,2,3019.0,2449.0
21,3,3019.0,2449.0
21,4,3019.0,2449.0
21,5,3019.0,2449.0
21,6,3019.0,2449.0
21,7,3019.0,2449.0
21,8,3019.0,2449.0
21,9,3019.0,2449.0
21,10,3019.0,2449.0
21,11,3019.0,2449.0
21,12,3019.0,2449.0
21,13,3019.0,2449.0
21,14,3019.0,2449.0
21,15,3019.0,2449.0
21,16,3019.0,2449.0
21,17,3019.0,2449.0
21,18,3019.0,2449.0
21,19,3019.0,2449.0
21,20,3019.0,2449.0
21,21,3019.0,2449.0
21,22,3019.0,2449.0
21,23,3019.0,2449.0
21,24,3019.0,2449.0
21,25,3019.0,2449.0
21,26,3019.0,2449.0
21,27,3019.0,2449.0
21,28,3019.0,2449.0
21,29,3019.0,2449.0
21,30,3019.0,2449.0
21,31,3019.0,2449.0
21,32,3019.0,2449.0
21,33,3019.0,2449.0
21,34,3019.0,2449.0
21,35,3019.0,2449.0
21,36,3019.0,2449.0
21,37,3019.0,2449.0
21,38,3019.0,2449.0
21,39,3019.0,2449.0
21,40,3019.0,2449.0
21,41,3019.0,2449.0
21,42,3019.0,2449.0
21,43,3019.0,2449.0
21,44,3019.0,2449.0
21,45,3019.0,2449.0
21,46,3019.0,2449.0
21,47,3019.0,2449.0
21,48,3019.0,2449.0
21,49,3019.0,2449.0
21,50,3019.0,2449.0
21,51,3019.0,2449.0
21,52,3019.0,2449.0
21,53,3019.0,2449.0
21,54,3019.0,2449.0
21,55,3019.0,2449.0
21,56,3019.0,2449.0
21,57,3019.0,2449.0
21,58,3019.0,2449.0
21,59,3019.0,2449.0
21,60,3019.0,2449.0
21,61,3019.0,2449.0
21,62,3019.0,2449.0
21,63,3019.0,2449.0
21,64,3019.0,2449.0
21,65,3019.0,2449.0
21,66,3019.0,2449.0
21,67,3019.0,2449.0
21,68,3019.0,2449.0
21,69,3019.0,2449.0
21,70,3019.0,2449.0
21,71,3019.0,2449.0
21,72,3019.0,2449.0
21,73,3019.0,2449.0
21,74,3019.0,2449.0
21,75,3019.0,2449.0
21,76,3019.0,2449.0
21,77,3019.0,2449.0
21,78,3019.0,2449.0
21,79,3019.0,2449.0
21,80,3019.0,2449.0
21,81,3019.0,2449.0
21,82,3019.0,2449.0
21,83,3019.0,2449.0
21,84,3019.0,2449.0
21,85,3019.0,2449.0
21,86,3019.0,2449.0
21,87,3019.0,2449.0
21,88,3019.0,2449.0
21,89,3019.0,2449.0
21,90,3019.0,2449.0
21,91,3019.0,2449.0
21,92,3019.0,2449.0
21,93,3019.0,2449.0
21,94,3019.0,2449.0
21,95,3019.0,2449.0
21,96,3019.0,2449.0
21,97,3019.0,2449.0
21,98,3019.0,2449.0
21,99,3019.0,2449.0
21,100,3019.0,2449.0
21,101,3019.0,2449.0
21,102,3019.0,2449.0
21,103,3019.0,2449.0
21,104,3019.0,2449.0
21,105,3019.0,2449.0
21,106,3019.0,2449.0
21,107,3019.0,2449.0
21,108,3019.0,2449.0
21,109,3019.0,2449.0
21,110,3019.0,2449.0
21,111,3019.0,2449.0
21,112,3019.0,2449.0
21,113,3019.0,2449.0
21,114,3019.0,2449.0
21,115,3019.0,2449.0
21,116,3019.0,2449.0
21,117,3019.0,2449.0
21,118,3019.0,2449.0
22,0,1161.0,2140.0
22,1,1161.0,2140.0
22,2,1161.0,2140.0
22,3,1161.0,2140.0
22,4,1161.0,2140.0
22,5,1161.0,2140.0
22,6,1161.0,2140.0
22,7,1161.0,2140.0
22,8,1161.0,2140.0
22,9,1161.0,2140.0
22,10,1161.0,2140.0
22,11,1161.0,2140.0
22,12,1161.0,2140.0
22,13,1161.0,2140.0
22,14,1161.0,2140.0
22,15,1161.0,2140.0
22,16,1161.0,2140.0
22,17,1161.0,2140.0
22,18,1161.0,2140.0
22,19,1161.0,2140.0
22,20,1161.0,2140.0
22,21,1161.0,2140.0
22,22,1161.0,2140.0
22,23,1161.0,2140.0
22,24,1161.0,2140.0
22,25,1161.0,2140.0
22,26,1161.0,2140.0
22,27,1161.0,2140.0
22,28,1161.0,2140.0
22,29,1161.0,2140.0
22,30,1161.0,2140.0
22,31,1161.0,2140.0
22,32,1161.0,2140.0
22,33,1161.0,2140.0
22,34,1161.0,2140.0
22,35,1161.0,2140.0
22,36,1161.0,2140.0
22,37,1161.0,2140.0
22,38,1161.0,2140.0
22,39,1161.0,2140.0
22,40,1161.0,2140.0
22,41,1161.0,2140.0
22,42,1161.0,2140.0
22,43,1161.0,2140.0
22,44,1161.0,2140.0
22,45,1161.0,2140.0
22,46,1161.0,2140.0
22,47,1161.0,2140.0
22,48,1161.0,2140.0
22,49,1161.0,2140.0
22,50,1161.0,2140.0
22,51,1161.0,2140.0
22,52,1161.0,2140.0
22,53,1161.0,2140.0
22,54,1161.0,2140.0
22,55,1161.0,2140.0
22,56,1161.0,2140.0
22,57,1161.0,2140.0
22,58,1161.0,2140.0
22,59,1161.0,2140.0
22,60,1161.0,2140.0
22,61,1161.0,2140.0
22,62,1161.0,2140.0
22,63,1161.0,2140.0
22,64,1161.0,2140.0
22,65,1161.0,2140.0
22,66,1161.0,2140.0
22,67,1161.0,2140.0
22,68,1161.0,2140.0
22,69,1161.0,2140.0
22,70,1161.0,2140.0
22,71,1161.0,2140.0
22,72,1161.0,2140.0
22,73,1161.0,2140.0
22,74,1161.0,2140.0
22,75,1161.0,2140.0
22,76,1161.0,2140.0
22,77,1161.0,2140.0
22,78,1161.0,2140.0
22,79,1161.0,2140.0
22,80,1161.0,2140.0
22,81,1161.0,2140.0
22,82,1161.0,2140.0
22,83,1161.0,2140.0
22,84,1161.0,2140.0
22,85,1161.0,2140.0
22,86,1161.0,2140.0
22,87,1161.0,2140.0
22,88,1161.0,2140.0
22,89,1161.0,2140.0
22,90,1161.0,2140.0
22,91,1161.0,2140.0
22,92,1161.0,2140.0
22,93,1161.0,2140.0
22,94,1161.0,2140.0
22,95,1161.0,2140.0
22,96,1161.0,2140.0
22,97,1161.0,2140.0
22,98,1161.0,2140.0
22,99,1161.0,2140.0
22,100,1161.0,2140.0
22,101,1161.0,2140.0
22,102,1161.0,2140.0
22,103,1161.0,2140.0
22,104,1161.0,2140.0
22,105,1161.0,2140.0
22,106,1161.0,2140.0
22,107,1161.0,2140.0
22,108,1161.0,2140.0
22,109,1161.0,2140.0
22,110,1161.0,2140.0
22,111,1161.0,2140.0
22,112,1161.0,2140.0
22,113,1161.0,2140.0
22,114,1161.0,2140.0
22,115,1161.0,2140.0
22,116,1161.0,2140.0
22,117,1161.0,2140.0
22,118,1161.0,2140.0
23,0,2580.0,2173.0
23,1,2580.0,2173.0
23,2,2580.0,2173.0
23,3,2580.0,2173.0
23,4,2580.0,2173.0
23,5,2580.0,2173.0
23,6,2580.0,2173.0
23,7,2580.0,2173.0
23,8,2580.0,2173.0
23,9,2580.0,2173.0
23,10,2580.0,2173.0
23,11,2580.0,2173.0
23,12,2580.0,2173.0
23,13,2580.0,2173.0
23,14,2580.0,2173.0
23,15,2580.0,2173.0
23,16,2580.0,2173.0
23,17,2580.0,2173.0
23,18,2580.0,2173.0
23,19,2580.0,2173.0
23,20,2580.0,2173.0
23,21,2580.0,2173.0
23,22,2580.0,2173.0
23,23,2580.0,2173.0
23,24,2580.0,2173.0
23,25,2580.0,2173.0
23,26,2580.0,2173.0
23,27,2580.0,2173.0
23,28,2580.0,2173.0
23,29,2580.0,2173.0
23,30,2580.0,2173.0
23,31,2580.0,2173.0
23,32,2580.0,2173.0
23,33,2580.0,2173.0
23,34,2580.0,2173.0
23,35,2580.0,2173.0
23,36,2580.0,2173.0
23,37,2580.0,2173.0
23,38,2580.0,2173.0
23,39,2580.0,2173.0
23,40,2580.0,2173.0
23,41,2580.0,2173.0
23,42,2580.0,2173.0
23,43,2580.0,2173.0
23,44,2580.0,2173.0
23,45,2580.0,2173.0
23,46,2580.0,2173.0
23,47,2580.0,2173.0
23,48,2580.0,2173.0
23,49,2580.0,2173.0
23,50,2580.0,2173.0
23,51,2580.0,2173.0
23,52,2580.0,2173.0
23,53,2580.0,2173.0
23,54,2580.0,2173.0
23,55,2580.0,2173.0
23,56,2580.0,2173.0
23,57,2580.0,2173.0
23,58,2580.0,2173.0
23,59,2580.0,2173.0
23,60,2580.0,2173.0
23,61,2580.0,2173.0
23,62,2580.0,2173.0
23,63,2580.0,2173.0
23,64,2580.0,2173.0
23,65,2580.0,2173.0
23,66,2580.0,2173.0
23,67,2580.0,2173.0
23,68,2580.0,2173.0
23,69,2580.0,2173.0
23,70,2580.0,2173.0
23,71,2580.0,2173.0
23,72,2580.0,2173.0
23,73,2580.0,2173.0
23,74,2580.0,2173.0
23,75,2580.0,2173.0
23,76,2580.0,2173.0
23,77,2580.0,2173.0
23,78,2580.0,2173.0
23,79,2580.0,2173.0
23,80,2580.0,2173.0
23,81,2580.0,2173.0
23,82,2580.0,2173.0
23,83,2580.0,2173.0
23,84,2580.0,2173.0
23,85,2580.0,2173.0
23,86,2580.0,2173.0
23,87,2580.0,2173.0
23,88,2580.0,2173.0
23,89,2580.0,2173.0
23,90,2580.0,2173.0
23,91,2580.0,2173.0
23,92,2580.0,2173.0
23,93,2580.0,2173.0
23,94,2580.0,2173.0
23,95,2580.0,2173.0
23,96,2580.0,2173.0
23,97,2580.0,2173.0
23,98,2580.0,2173.0
23,99,2580.0,2173.0
23,100,2580.0,2173.0
23,101,2580.0,2173.0
23,102,2580.0,2173.0
23,103,2580.0,2173.0
23,104,2580.0,2173.0
23,105,2580.0,2173.0
23,106,2580.0,2173.0
23,107,2580.0,2173.0
23,108,2580.0,2173.0
23,109,2580.0,2173.0
23,110,2580.0,2173.0
23,111,2580.0,2173.0
23,112,2580.0,2173.0
23,113,2580.0,2173.0
23,114,2580.0,2173.0
23,115,2580.0,2173.0
23,116,2580.0,2173.0
23,117,2580.0,2173.0
23,118,2580.0,2173.0
24,0,1713.0,2212.0
24,1,1713.0,2212.0
24,2,1713.0,2212.0
24,3,1713.0,2212.0
24,4,1713.0,2212.0
24,5,1713.0,2212.0
24,6,1713.0,2212.0
24,7,1713.0,2212.0
24,8,1713.0,2212.0
24,9,1713.0,2212.0
24,10,1713.0,2212.0
24,11,1713.0,2212.0
24,12,1713.0,2212.0
24,13,1713.0,2212.0
24,14,1713.0,2212.0
24,15,1713.0,2212.0
24,16,1713.0,2212.0
24,17,1713.0,2212.0
24,18,1713.0,2212.0
24,19,1713.0,2212.0
24,20,1713.0,2212.0
24,21,1713.0,2212.0
24,22,1713.0,2212.0
24,23,1713.0,2212.0
24,24,1713.0,2212.0
24,25,1713.0,2212.0
24,26,1713.0,2212.0
24,27,1713.0,2212.0
24,28,1713.0,2212.0
24,29,1713.0,2212.0
24,30,1713.0,2212.0
24,31,1713.0,2212.0
24,32,1713.0,2212.0
24,33,1713.0,2212.0
24,34,1713.0,2212.0
24,35,1713.0,2212.0
24,36,1713.0,2212.0
24,37,1713.0,2212.0
24,38,1713.0,2212.0
24,39,1713.0,2212.0
24,40,1713.0,2212.0
24,41,1713.0,2212.0
24,42,1713.0,2212.0
24,43,1713.0,2212.0
24,44,1713.0,2212.0
24,45,1713.0,2212.0
24,46,1713.0,2212.0
24,47,1713.0,2212.0
24,48,1713.0,2212.0
24,49,1713.0,2212.0
24,50,1713.0,2212.0
24,51,1713.0,2212.0
24,52,1713.0,2212.0
24,53,1713.0,2212.0
24,54,1713.0,2212.0
24,55,1713.0,2212.0
24,56,1713.0,2212.0
24,57,1713.0,2212.0
24,58,1713.0,2212.0
24,59,1713.0,2212.0
24,60,1713.0,2212.0
24,61,1713.0,2212.0
24,62,1713.0,2212.0
24,63,1713.0,2212.0
24,64,1713.0,2212.0
24,65,1713.0,2212.0
24,66,1713.0,2212.0
24,67,1713.0,2212.0
24,68,1713.0,2212.0
24,69,1713.0,2212.0
24,70,1713.0,2212.0
24,71,1713.0,2212.0
24,72,1713.0,2212.0
24,73,1713.0,2212.0
24,74,1713.0,2212.0
24,75,1713.0,2212.0
24,76,1713.0,2212.0
24,77,1713.0,2212.0
24,78,1713.0,2212.0
24,79,1713.0,2212.0
24,80,1713.0,2212.0
24,81,1713.0,2212.0
24,82,1713.0,2212.0
24,83,1713.0,2212.0
24,84,1713.0,2212.0
24,85,1713.0,2212.0
24,86,1713.0,2212.0
24,87,1713.0,2212.0
24,88,1713.0,2212.0
24,89,1713.0,2212.0
24,90,1713.0,2212.0
24,91,1713.0,2212.0
24,92,1713.0,2212.0
24,93,1713.0,2212.0
24,94,1713.0,2212.0
24,95,1713.0,2212.0
24,96,1713.0,2212.0
24,97,1713.0,2212.0
24,98,1713.0,2212.0
24,99,1713.0,2212.0
24,100,1713.0,2212.0
24,101,1713.0,2212.0
24,102,1713.0,2212.0
24,103,1713.0,2212.0
24,104,1713.0,2212.0
24,105,1713.0,2212.0
24,106,1713.0,2212.0
24,107,1713.0,2212.0
24,108,1713.0,2212.0
24,109,1713.0,2212.0
24,110,1713.0,2212.0
24,111,1713.0,2212.0
24,112,1713.0,2212.0
24,113,1713.0,2212.0
24,114,1713.0,2212.0
24,115,1713.0,2212.0
24,116,1713.0,2212.0
24,117,1713.0,2212.0
24,118,1713.0,2212.0
25,0,2713.0,1926.0
25,1,2713.0,1926.0
25,2,2713.0,1926.0
25,3,2713.0,1926.0
25,4,2713.0,1926.0
25,5,2713.0,1926.0
25,6,2713.0,1926.0
25,7,2713.0,1926.0
25,8,2713.0,1926.0
25,9,2713.0,1926.0
25,10,2713.0,1926.0
25,11,2713.0,1926.0
25,12,2713.0,1926.0
25,13,2713.0,1926.0
25,14,2713.0,1926.0
25,15,2713.0,1926.0
25,16,2713.0,1926.0
25,17,2713.0,1926.0
25,18,2713.0,1926.0
25,19,2713.0,1926.0
25,20,2713.0,1926.0
25,21,2713.0,1926.0
25,22,2713.0,1926.0
25,23,2713.0,1926.0
25,24,2713.0,1926.0
25,25,2713.0,1926.0
25,26,2713.0,1926.0
25,27,2713.0,1926.0
25,28,2713.0,1926.0
25,29,2713.0,1926.0
25,30,2713.0,1926.0
25,31,2713.0,1926.0
25,32,2713.0,1926.0
25,33,2713.0,1926.0
25,34,2713.0,1926.0
25,35,2713.0,1926.0
25,36,2713.0,1926.0
25,37,2713.0,1926.0
25,38,2713.0,1926.0
25,39,2713.0,1926.0
25,40,2713.0,1926.0
25,41,2713.0,1926.0
25,42,2713.0,1926.0
25,43,2713.0,1926.0
25,44,2713.0,1926.0
25,45,2713.0,1926.0
25,46,2713.0,1926.0
25,47,2713.0,1926.0
25,48,2713.0,1926.0
25,49,2713.0,1926.0
25,50,2713.0,1926.0
25,51,2713.0,1926.0
25,52,2713.0,1926.0
25,53,2713.0,1926.0
25,54,2713.0,1926.0
25,55,2713.0,1926.0
25,56,2713.0,1926.0
25,57,2713.0,1926.0
25,58,2713.0,1926.0
25,59,2713.0,1926.0
25,60,2713.0,1926.0
25,61,2713.0,1926.0
25,62,2713.0,1926.0
25,63,2713.0,1926.0
25,64,2713.0,1926.0
25,65,2713.0,1926.0
25,66,2713.0,1926.0
25,67,2713.0,1926.0
25,68,2713.0,1926.0
25,69,2713.0,1926.0
25,70,2713.0,1926.0
25,71,2713.0,1926.0
25,72,2713.0,1926.0
25,73,2713.0,1926.0
25,74,2713.0,1926.0
25,75,2713.0,1926.0
25,76,2713.0,1926.0
25,77,2713.0,1926.0
25,78,2713.0,1926.0
25,79,2713.0,1926.0
25,80,2713.0,1926.0
25,81,2713.0,1926.0
25,82,2713.0,1926.0
25,83,2713.0,1926.0
25,84,2713.0,1926.0
25,85,2713.0,1926.0
25,86,2713.0,1926.0
25,87,2713.0,1926.0
25,88,2713.0,1926.0
25,89,2713.0,1926.0
25,90,2713.0,1926.0
25,91,2713.0,1926.0
25,92,2713.0,1926.0
25,93,2713.0,1926.0
25,94,2713.0,1926.0
25,95,2713.0,1926.0
25,96,2713.0,1926.0
25,97,2713.0,1926.0
25,98,2713.0,1926.0
25,99,2713.0,1926.0
25,100,2713.0,1926.0
25,101,2713.0,1926.0
25,102,2713.0,1926.0
25,103,2713.0,1926.0
25,104,2713.0,1926.0
25,105,2713.0,1926.0
25,106,2713.0,1926.0
25,107,2713.0,1926.0
25,108,2713.0,1926.0
25,109,2713.0,1926.0
25,110,2713.0,1926.0
25,111,2713.0,1926.0
25,112,2713.0,1926.0
25,113,2713.0,1926.0
25,114,2713.0,1926.0
25,115,2713.0,1926.0
25,116,2713.0,1926.0
25,117,2713.0,1926.0
25,118,2713.0,1926.0
26,0,2141.0,2353.0
26,1,2141.0,2353.0
26,2,2141.0,2353.0
26,3,2141.0,2353.0
26,4,2141.0,2353.0
26,5,2141.0,2353.0
26,6,2141.0,2353.0
26,7,2141.0,2353.0
26,8,2141.0,2353.0
26,9,2141.0,2353.0
26,10,2141.0,2353.0
26,11,2141.0,2353.0
26,12,2141.0,2353.0
26,13,2141.0,2353.0
26,14,2141.0,2353.0
26,15,2141.0,2353.0
26,16,2141.0,2353.0
26,17,2141.0,2353.0
26,18,2141.0,2353.0
26,19,2141.0,2353.0
26,20,2141.0,2353.0
26,21,2141.0,2353.0
26,22,2141.0,2353.0
26,23,2141.0,2353.0
26,24,2141.0,2353.0
26,25,2141.0,2353.0
26,26,2141.0,2353.0
26,27,2141.0,2353.0
26,28,2141.0,2353.0
26,29,2141.0,2353.0
26,30,2141.0,2353.0
26,31,2141.0,2353.0
26,32,2141.0,2353.0
26,33,2141.0,2353.0
26,34,2141.0,2353.0
26,35,2141.0,2353.0
26,36,2141.0,2353.0
26,37,2141.0,2353.0
26,38,2141.0,2353.0
26,39,2141.0,2353.0
26,40,2141.0,2353.0
26,41,2141.0,2353.0
26,42,2141.0,2353.0
26,43,2141.0,2353.0
26,44,2141.0,2353.0
26,45,2141.0,2353.0
26,46,2141.0,2353.0
26,47,2141.0,2353.0
26,48,2141.0,2353.0
26,49,2141.0,2353.0
26,50,2141.0,2353.0
26,51,2141.0,2353.0
26,52,2141.0,2353.0
26,53,2141.0,2353.0
26,54,2141.0,2353.0
26,55,2141.0,2353.0
26,56,2141.0,2353.0
26,57,2141.0,2353.0
26,58,2141.0,2353.0
26,59,2141.0,2353.0
26,60,2141.0,2353.0
26,61,2141.0,2353.0
26,62,2141.0,2353.0
26,63,2141.0,2353.0
26,64,2141.0,2353.0
26,65,2141.0,2353.0
26,66,2141.0,2353.0
26,67,2141.0,2353.0
26,68,2141.0,2353.0
26,69,2141.0,2353.0
26,70,2141.0,2353.0
26,71,2141.0,2353.0
26,72,2141.0,2353.0
26,73,2141.0,2353.0
26,74,2141.0,2353.0
26,75,2141.0,2353.0
26,76,2141.0,2353.0
26,77,2141.0,2353.0
26,78,2141.0,2353.0
26,79,2141.0,2353.0
26,80,2141.0,2353.0
26,81,2141.0,2353.0
26,82,2141.0,2353.0
26,83,2141.0,2353.0
26,84,2141.0,2353.0
26,85,2141.0,2353.0
26,86,2141.0,2353.0
26,87,2141.0,2353.0
26,88,2141.0,2353.0
26,89,2141.0,2353.0
26,90,2141.0,2353.0
26,91,2141.0,2353.0
26,92,2141.0,2353.0
26,93,2141.0,2353.0
26,94,2141.0,2353.0
26,95,2141.0,2353.0
26,96,2141.0,2353.0
26,97,2141.0,2353.0
26,98,2141.0,2353.0
26,99,2141.0,2353.0
26,100,2141.0,2353.0
26,101,2141.0,2353.0
26,102,2141.0,2353.0
26,103,2141.0,2353.0
26,104,2141.0,2353.0
26,105,2141.0,2353.0
26,106,2141.0,2353.0
26,107,2141.0,2353.0
26,108,2141.0,2353.0
26,109,2141.0,2353.0
26,110,2141.0,2353.0
26,111,2141.0,2353.0
26,112,2141.0,2353.0
26,113,2141.0,2353.0
26,114,2141.0,2353.0
26,115,2141.0,2353.0
26,116,2141.0,2353.0
26,117,2141.0,2353.0
26,118,2141.0,2353.0
27,0,2482.0,1707.0
27,1,2482.0,1707.0
27,2,2482.0,1707.0
27,3,2482.0,1707.0
27,4,2482.0,1707.0
27,5,2482.0,1707.0
27,6,2482.0,1707.0
27,7,2482.0,1707.0
27,8,2482.0,1707.0
27,9,2482.0,1707.0
27,10,2482.0,1707.0
27,11,2482.0,1707.0
27,12,2482.0,1707.0
27,13,2482.0,1707.0
27,14,2482.0,1707.0
27,15,2482.0,1707.0
27,16,2482.0,1707.0
27,17,2482.0,1707.0
27,18,2482.0,1707.0
27,19,2482.0,1707.0
27,20,2482.0,1707.0
27,21,2482.0,1707.0
27,22,2482.0,1707.0
27,23,2482.0,1707.0
27,24,2482.0,1707.0
27,25,2482.0,1707.0
27,26,2482.0,1707.0
27,27,2482.0,1707.0
27,28,2482.0,1707.0
27,29,2482.0,1707.0
27,30,2482.0,1707.0
27,31,2482.0,1707.0
27,32,2482.0,1707.0
27,33,2482.0,1707.0
27,34,2482.0,1707.0
27,35,2482.0,1707.0
27,36,2482.0,1707.0
27,37,2482.0,1707.0
27,38,2482.0,1707.0
27,39,2482.0,1707.0
27,40,2482.0,1707.0
27,41,2482.0,1707.0
27,42,2482.0,1707.0
27,43,2482.0,1707.0
27,44,2482.0,1707.0
27,45,2482.0,1707.0
27,46,2482.0,1707.0
27,47,2482.0,1707.0
27,48,2482.0,1707.0
27,49,2482.0,1707.0
27,50,2482.0,1707.0
27,51,2482.0,1707.0
27,52,2482.0,1707.0
27,53,2482.0,1707.0
27,54,2482.0,1707.0
27,55,2482.0,1707.0
27,56,2482.0,1707.0
27,57,2482.0,1707.0
27,58,2482.0,1707.0
27,59,2482.0,1707.0
27,60,2482.0,1707.0
27,61,2482.0,1707.0
27,62,2482.0,1707.0
27,63,2482.0,1707.0
27,64,2482.0,1707.0
27,65,2482.0,1707.0
27,66,2482.0,1707.0
27,67,2482.0,1707.0
27,68,2482.0,1707.0
27,69,2482.0,1707.0
27,70,2482.0,1707.0
27,71,2482.0,1707.0
27,72,2482.0,1707.0
27,73,2482.0,1707.0
27,74,2482.0,1707.0
27,75,2482.0,1707.0
27,76,2482.0,1707.0
27,77,2482.0,1707.0
27,78,2482.0,1707.0
27,79,2482.0,1707.0
27,80,2482.0,1707.0
27,81,2482.0,1707.0
27,82,2482.0,1707.0
27,83,2482.0,1707.0
27,84,2482.0,1707.0
27,85,2482.0,1707.0
27,86,2482.0,1707.0
27,87,2482.0,1707.0
27,88,2482.0,1707.0
27,89,2482.0,1707.0
27,90,2482.0,1707.0
27,91,2482.0,1707.0
27,92,2482.0,1707.0
27,93,2482.0,1707.0
27,94,2482.0,1707.0
27,95,2482.0,1707.0
27,96,2482.0,1707.0
27,97,2482.0,1707.0
27,98,2482.0,1707.0
27,99,2482.0,1707.0
27,100,2482.0,1707.0
27,101,2482.0,1707.0
27,102,2482.0,1707.0
27,103,2482.0,1707.0
27,104,2482.0,1707.0
27,105,2482.0,1707.0
27,106,2482.0,1707.0
27,107,2482.0,1707.0
27,108,2482.0,1707.0
27,109,2482.0,1707.0
27,110,2482.0,1707.0
27,111,2482.0,1707.0
27,112,2482.0,1707.0
27,113,2482.0,1707.0
27,114,2482.0,1707.0
27,115,2482.0,1707.0
27,116,2482.0,1707.0
27,117,2482.0,1707.0
27,118,2482.0,1707.0
28,0,1959.0,2656.0
28,1,1959.0,2656.0
28,2,1959.0,2656.0
28,3,1959.0,2656.0
28,4,1959.0,2656.0
28,5,1959.0,2656.0
28,6,1959.0,2656.0
28,7,1959.0,2656.0
28,8,1959.0,2656.0
28,9,1959.0,2656.0
28,10,1959.0,2656.0
28,11,1959.0,2656.0
28,12,1959.0,2656.0
28,13,1959.0,2656.0
28,14,1959.0,2656.0
28,15,1959.0,2656.0
28,16,1959.0,2656.0
28,17,1959.0,2656.0
28,18,1959.0,2656.0
28,19,1959.0,2656.0
28,20,1959.0,2656.0
28,21,1959.0,2656.0
28,22,1959.0,2656.0
28,23,1959.0,2656.0
28,24,1959.0,2656.0
28,25,1959.0,2656.0
28,26,1959.0,2656.0
28,27,1959.0,2656.0
28,28,1959.0,2656.0
28,29,1959.0,2656.0
28,30,1959.0,2656.0
28,31,1959.0,2656.0
28,32,1959.0,2656.0
28,33,1959.0,2656.0
28,34,1959.0,2656.0
28,35,1959.0,2656.0
28,36,1959.0,2656.0
28,37,1959.0,2656.0
28,38,1959.0,2656.0
28,39,1959.0,2656.0
28,40,1959.0,2656.0
28,41,1959.0,2656.0
28,42,1959.0,2656.0
28,43,1959.0,2656.0
28,44,1959.0,2656.0
28,45,1959.0,2656.0
28,46,1959.0,2656.0
28,47,1959.0,2656.0
28,48,1959.0,2656.0
28,49,1959.0,2656.0
28,50,1959.0,2656.0
28,51,1959.0,2656.0
28,52,1959.0,2656.0
28,53,1959.0,2656.0
28,54,1959.0,2656.0
28,55,1959.0,2656.0
28,56,1959.0,2656.0
28,57,1959.0,2656.0
28,58,1959.0,2656.0
28,59,1959.0,2656.0
28,60,1959.0,2656.0
28,61,1959.0,2656.0
28,62,1959.0,2656.0
28,63,1959.0,2656.0
28,64,1959.0,2656.0
28,65,1959.0,2656.0
28,66,1959.0,2656.0
28,67,1959.0,2656.0
28,68,1959.0,2656.0
28,69,1959.0,2656.0
28,70,1959.0,2656.0
28,71,1959.0,2656.0
28,72,1959.0,2656.0
28,73,1959.0,2656.0
28,74,1959.0,2656.0
28,75,1959.0,2656.0
28,76,1959.0,2656.0
28,77,1959.0,2656.0
28,78,1959.0,2656.0
28,79,1959.0,2656.0
28,80,1959.0,2656.0
28,81,1959.0,2656.0
28,82,1959.0,2656.0
28,83,1959.0,2656.0
28,84,1959.0,2656.0
28,85,1959.0,2656.0
28,86,1959.0,2656.0
28,87,1959.0,2656.0
28,88,1959.0,2656.0
28,89,1959.0,2656.0
28,90,1959.0,2656.0
28,91,1959.0,2656.0
28,92,1959.0,2656.0
28,93,1959.0,2656.0
28,94,1959.0,2656.0
28,95,1959.0,2656.0
28,96,1959.0,2656.0
28,97,1959.0,2656.0
28,98,1959.0,2656.0
28,99,1959.0,2656.0
28,100,1959.0,2656.0
28,101,1959.0,2656.0
28,102,1959.0,2656.0
28,103,1959.0,2656.0
28,104,1959.0,2656.0
28,105,1959.0,2656.0
28,106,1959.0,2656.0
28,107,1959.0,2656.0
28,108,1959.0,2656.0
28,109,1959.0,2656.0
28,110,1959.0,2656.0
28,111,1959.0,2656.0
28,112,1959.0,2656.0
28,113,1959.0,2656.0
28,114,1959.0,2656.0
28,115,1959.0,2656.0
28,116,1959.0,2656.0
28,117,1959.0,2656.0
28,118,1959.0,2656.0
29,0,2946.0,1698.0
29,1,2946.0,1698.0
29,2,2946.0,1698.0
29,3,2946.0,1698.0
29,4,2946.0,1698.0
29,5,2946.0,1698.0
29,6,2946.0,1698.0
29,7,2946.0,1698.0
29,8,2946.0,1698.0
29,9,2946.0,1698.0
29,10,2946.0,1698.0
29,11,2946.0,1698.0
29,12,2946.0,1698.0
29,13,2946.0,1698.0
29,14,2946.0,1698.0
29,15,2946.0,1698.0
29,16,2946.0,1698.0
29,17,2946.0,1698.0
29,18,2946.0,1698.0
29,19,2946.0,1698.0
29,20,2946.0,1698.0
29,21,2946.0,1698.0
29,22,2946.0,1698.0
29,23,2946.0,1698.0
29,24,2946.0,1698.0
29,25,2946.0,1698.0
29,26,2946.0,1698.0
29,27,2946.0,1698.0
29,28,2946.0,1698.0
29,29,2946.0,1698.0
29,30,2946.0,1698.0
29,31,2946.0,1698.0
29,32,2946.0,1698.0
29,33,2946.0,1698.0
29,34,2946.0,1698.0
29,35,2946.0,1698.0
29,36,2946.0,1698.0
29,37,2946.0,1698.0
29,38,2946.0,1698.0
29,39,2946.0,1698.0
29,40,2946.0,1698.0
29,41,2946.0,1698.0
29,42,2946.0,1698.0
29,43,2946.0,1698.0
29,44,2946.0,1698.0
29,45,2946.0,1698.0
29,46,2946.0,1698.0
29,47,2946.0,1698.0
29,48,2946.0,1698.0
29,49,2946.0,1698.0
29,50,2946.0,1698.0
29,51,2946.0,1698.0
29,52,2946.0,1698.0
29,53,2946.0,1698.0
29,54,2946.0,1698.0
29,55,2946.0,1698.0
29,56,2946.0,1698.0
29,57,2946.0,1698.0
29,58,2946.0,1698.0
29,59,2946.0,1698.0
29,60,2946.0,1698.0
29,61,2946.0,1698.0
29,62,2946.0,1698.0
29,63,2946.0,1698.0
29,64,2946.0,1698.0
29,65,2946.0,1698.0
29,66,2946.0,1698.0
29,67,2946.0,1698.0
29,68,2946.0,1698.0
29,69,2946.0,1698.0
29,70,2946.0,1698.0
29,71,2946.0,1698.0
29,72,2946.0,1698.0
29,73,2946.0,1698.0
29,74,2946.0,1698.0
29,75,2946.0,1698.0
29,76,2946.0,1698.0
29,77,2946.0,1698.0
29,78,2946.0,1698.0
29,79,2946.0,1698.0
29,80,2946.0,1698.0
29,81,2946.0,1698.0
29,82,2946.0,1698.0
29,83,2946.0,1698.0
29,84,2946.0,1698.0
29,85,2946.0,1698.0
29,86,2946.0,1698.0
29,87,2946.0,1698.0
29,88,2946.0,1698.0
29,89,2946.0,1698.0
29,90,2946.0,1698.0
29,91,2946.0,1698.0
29,92,2946.0,1698.0
29,93,2946.0,1698.0
29,94,2946.0,1698.0
29,95,2946.0,1698.0
29,96,2946.0,1698.0
29,97,2946.0,1698.0
29,98,2946.0,1698.0
29,99,2946.0,1698.0
29,100,2946.0,1698.0
29,101,2946.0,1698.0
29,102,2946.0,1698.0
29,103,2946.0,1698.0
29,104,2946.0,1698.0
29,105,2946.0,1698.0
29,106,2946.0,1698.0
29,107,2946.0,1698.0
29,108,2946.0,1698.0
29,109,2946.0,1698.0
29,110,2946.0,1698.0
29,111,2946.0,1698.0
29,112,2946.0,1698.0
29,113,2946.0,1698.0
29,114,2946.0,1698.0
29,115,2946.0,1698.0
29,116,2946.0,1698.0
29,117,2946.0,1698.0
29,118,2946.0,1698.0
30,0,1854.0,2722.0
30,1,1854.0,2722.0
30,2,1854.0,2722.0
30,3,1854.0,2722.0
30,4,1854.0,2722.0
30,5,1854.0,2722.0
30,6,1854.0,2722.0
30,7,1854.0,2722.0
30,8,1854.0,2722.0
30,9,1854.0,2722.0
30,10,1854.0,2722.0
30,11,1854.0,2722.0
30,12,1854.0,2722.0
30,13,1854.0,2722.0
30,14,1854.0,2722.0
30,15,1854.0,2722.0
30,16,1854.0,2722.0
30,17,1854.0,2722.0
30,18,1854.0,2722.0
30,19,1854.0,2722.0
30,20,1854.0,2722.0
30,21,1854.0,2722.0
30,22,1854.0,2722.0
30,23,1854.0,2722.0
30,24,1854.0,2722.0
30,25,1854.0,2722.0
30,26,1854.0,2722.0
30,27,1854.0,2722.0
30,28,1854.0,2722.0
30,29,1854.0,2722.0
30,30,1854.0,2722.0
30,31,1854.0,2722.0
30,32,1854.0,2722.0
30,33,1854.0,2722.0
30,34,1854.0,2722.0
30,35,1854.0,2722.0
30,36,1854.0,2722.0
30,37,1854.0,2722.0
30,38,1854.0,2722.0
30,39,1854.0,2722.0
30,40,1854.0,2722.0
30,41,1854.0,2722.0
30,42,1854.0,2722.0
30,43,1854.0,2722.0
30,44,1854.0,2722.0
30,45,1854.0,2722.0
30,46,1854.0,2722.0
30,47,1854.0,2722.0
30,48,1854.0,2722.0
30,49,1854.0,2722.0
30,50,1854.0,2722.0
30,51,1854.0,2722.0
30,52,1854.0,2722.0
30,53,1854.0,2722.0
30,54,1854.0,2722.0
30,55,1854.0,2722.0
30,56,1854.0,2722.0
30,57,1854.0,2722.0
30,58,1854.0,2722.0
30,59,1854.0,2722.0
30,60,1854.0,2722.0
30,61,1854.0,2722.0
30,62,1854.0,2722.0
30,63,1854.0,2722.0
30,64,1854.0,2722.0
30,65,1854.0,2722.0
30,66,1854.0,2722.0
30,67,1854.0,2722.0
30,68,1854.0,2722.0
30,69,1854.0,2722.0
30,70,1854.0,2722.0
30,71,1854.0,2722.0
30,72,1854.0,2722.0
30,73,1854.0,2722.0
30,74,1854.0,2722.0
30,75,1854.0,2722.0
30,76,1854.0,2722.0
30,77,1854.0,2722.0
30,78,1854.0,2722.0
30,79,1854.0,2722.0
30,80,1854.0,2722.0
30,81,1854.0,2722.0
30,82,1854.0,2722.0
30,83,1854.0,2722.0
30,84,1854.0,2722.0
30,85,1854.0,2722.0
30,86,1854.0,2722.0
30,87,1854.0,2722.0
30,88,1854.0,2722.0
30,89,1854.0,2722.0
30,90,1854.0,2722.0
30,91,1854.0,2722.0
30,92,1854.0,2722.0
30,93,1854.0,2722.0
30,94,1854.0,2722.0
30,95,1854.0,2722.0
30,96,1854.0,2722.0
30,97,1854.0,2722.0
30,98,1854.0,2722.0
30,99,1854.0,2722.0
30,100,1854.0,2722.0
30,101,1854.0,2722.0
30,102,1854.0,2722.0
30,103,1854.0,2722.0
30,104,1854.0,2722.0
30,105,1854.0,2722.0
30,106,1854.0,2722.0
30,107,1854.0,2722.0
30,108,1854.0,2722.0
30,109,1854.0,2722.0
30,110,1854.0,2722.0
30,111,1854.0,2722.0
30,112,1854.0,2722.0
30,113,1854.0,2722.0
30,114,1854.0,2722.0
30,115,1854.0,2722.0
30,116,1854.0,2722.0
30,117,1854.0,2722.0
30,118,1854.0,2722.0
31,0,2975.0,1950.0
31,1,2975.0,1950.0
31,2,2975.0,1950.0
31,3,2975.0,1950.0
31,4,2975.0,1950.0
31,5,2975.0,1950.0
31,6,2975.0,1950.0
31,7,2975.0,1950.0
31,8,2975.0,1950.0
31,9,2975.0,1950.0
31,10,2975.0,1950.0
31,11,2975.0,1950.0
31,12,2975.0,1950.0
31,13,2975.0,1950.0
31,14,2975.0,1950.0
31,15,2975.0,1950.0
31,16,2975.0,1950.0
31,17,2975.0,1950.0
31,18,2975.0,1950.0
31,19,2975.0,1950.0
31,20,2975.0,1950.0
31,21,2975.0,1950.0
31,22,2975.0,1950.0
31,23,2975.0,1950.0
31,24,2975.0,1950.0
31,25,2975.0,1950.0
31,26,2975.0,1950.0
31,27,2975.0,1950.0
31,28,2975.0,1950.0
31,29,2975.0,1950.0
31,30,2975.0,1950.0
31,31,2975.0,1950.0
31,32,2975.0,1950.0
31,33,2975.0,1950.0
31,34,2975.0,1950.0
31,35,2975.0,1950.0
31,36,2975.0,1950.0
31,37,2975.0,1950.0
31,38,2975.0,1950.0
31,39,2975.0,1950.0
31,40,2975.0,1950.0
31,41,2975.0,1950.0
31,42,2975.0,1950.0
31,43,2975.0,1950.0
31,44,2975.0,1950.0
31,45,2975.0,1950.0
31,46,2975.0,1950.0
31,47,2975.0,1950.0
31,48,2975.0,1950.0
31,49,2975.0,1950.0
31,50,2975.0,1950.0
31,51,2975.0,1950.0
31,52,2975.0,1950.0
31,53,2975.0,1950.0
31,54,2975.0,1950.0
31,55,2975.0,1950.0
31,56,2975.0,1950.0
31,57,2975.0,1950.0
31,58,2975.0,1950.0
31,59,2975.0,1950.0
31,60,2975.0,1950.0
31,61,2975.0,1950.0
31,62,2975.0,1950.0
31,63,2975.0,1950.0
31,64,2975.0,1950.0
31,65,2975.0,1950.0
31,66,2975.0,1950.0
31,67,2975.0,1950.0
31,68,2975.0,1950.0
31,69,2975.0,1950.0
31,70,2975.0,1950.0
31,71,2975.0,1950.0
31,72,2975.0,1950.0
31,73,2975.0,1950.0
31,74,2975.0,1950.0
31,75,2975.0,1950.0
31,76,2975.0,1950.0
31,77,2975.0,1950.0
31,78,2975.0,1950.0
31,79,2975.0,1950.0
31,80,2975.0,1950.0
31,81,2975.0,1950.0
31,82,2975.0,1950.0
31,83,2975.0,1950.0
31,84,2975.0,1950.0
31,85,2975.0,1950.0
31,86,2975.0,1950.0
31,87,2975.0,1950.0
31,88,2975.0,1950.0
31,89,2975.0,1950.0
31,90,2975.0,1950.0
31,91,2975.0,1950.0
31,92,2975.0,1950.0
31,93,2975.0,1950.0
31,94,2975.0,1950.0
31,95,2975.0,1950.0
31,96,2975.0,1950.0
31,97,2975.0,1950.0
31,98,2975.0,1950.0
31,99,2975.0,1950.0
31,100,2975.0,1950.0
31,101,2975.0,1950.0
31,102,2975.0,1950.0
31,103,2975.0,1950.0
31,104,2975.0,1950.0
31,105,2975.0,1950.0
31,106,2975.0,1950.0
31,107,2975.0,1950.0
31,108,2975.0,1950.0
31,109,2975.0,1950.0
31,110,2975.0,1950.0
31,111,2975.0,1950.0
31,112,2975.0,1950.0
31,113,2975.0,1950.0
31,114,2975.0,1950.0
31,115,2975.0,1950.0
31,116,2975.0,1950.0
31,117,2975.0,1950.0
31,118,2975.0,1950.0
32,0,2058.0,2681.0
32,1,2058.0,2681.0
32,2,2058.0,2681.0
32,3,2058.0,2681.0
32,4,2058.0,2681.0
32,5,2058.0,2681.0
32,6,2058.0,2681.0
32,7,2058.0,2681.0
32,8,2058.0,2681.0
32,9,2058.0,2681.0
32,10,2058.0,2681.0
32,11,2058.0,2681.0
32,12,2058.0,2681.0
32,13,2058.0,2681.0
32,14,2058.0,2681.0
32,15,2058.0,2681.0
32,16,2058.0,2681.0
32,17,2058.0,2681.0
32,18,2058.0,2681.0
32,19,2058.0,2681.0
32,20,2058.0,2681.0
32,21,2058.0,2681.0
32,22,2058.0,2681.0
32,23,2058.0,2681.0
32,24,2058.0,2681.0
32,25,2058.0,2681.0
32,26,2058.0,2681.0
32,27,2058.0,2681.0
32,28,2058.0,2681.0
32,29,2058.0,2681.0
32,30,2058.0,2681.0
32,31,2058.0,2681.0
32,32,2058.0,2681.0
32,33,2058.0,2681.0
32,34,2058.0,2681.0
32,35,2058.0,2681.0
32,36,2058.0,2681.0
32,37,2058.0,2681.0
32,38,2058.0,2681.0
32,39,2058.0,2681.0
32,40,2058.0,2681.0
32,41,2058.0,2681.0
32,42,2058.0,2681.0
32,43,2058.0,2681.0
32,44,2058.0,2681.0
32,45,2058.0,2681.0
32,46,2058.0,2681.0
32,47,2058.0,2681.0
32,48,2058.0,2681.0
32,49,2058.0,2681.0
32,50,2058.0,2681.0
32,51,2058.0,2681.0
32,52,2058.0,2681.0
32,53,2058.0,2681.0
32,54,2058.0,2681.0
32,55,2058.0,2681.0
32,56,2058.0,2681.0
32,57,2058.0,2681.0
32,58,2058.0,2681.0
32,59,2058.0,2681.0
32,60,2058.0,2681.0
32,61,2058.0,2681.0
32,62,2058.0,2681.0
32,63,2058.0,2681.0
32,64,2058.0,2681.0
32,65,2058.0,2681.0
32,66,2058.0,2681.0
32,67,2058.0,2681.0
32,68,2058.0,2681.0
32,69,2058.0,2681.0
32,70,2058.0,2681.0
32,71,2058.0,2681.0
32,72,2058.0,2681.0
32,73,2058.0,2681.0
32,74,2058.0,2681.0
32,75,2058.0,2681.0
32,76,2058.0,2681.0
32,77,2058.0,2681.0
32,78,2058.0,2681.0
32,79,2058.0,2681.0
32,80,2058.0,2681.0
32,81,2058.0,2681.0
32,82,2058.0,2681.0
32,83,2058.0,2681.0
32,84,2058.0,2681.0
32,85,2058.0,2681.0
32,86,2058.0,2681.0
32,87,2058.0,2681.0
32,88,2058.0,2681.0
32,89,2058.0,2681.0
32,90,2058.0,2681.0
32,91,2058.0,2681.0
32,92,2058.0,2681.0
32,93,2058.0,2681.0
32,94,2058.0,2681.0
32,95,2058.0,2681.0
32,96,2058.0,2681.0
32,97,2058.0,2681.0
32,98,2058.0,2681.0
32,99,2058.0,2681.0
32,100,2058.0,2681.0
32,101,2058.0,2681.0
32,102,2058.0,2681.0
32,103,2058.0,2681.0
32,104,2058.0,2681.0
32,105,2058.0,2681.0
32,106,2058.0,2681.0
32,107,2058.0,2681.0
32,108,2058.0,2681.0
32,109,2058.0,2681.0
32,110,2058.0,2681.0
32,111,2058.0,2681.0
32,112,2058.0,2681.0
32,113,2058.0,2681.0
32,114,2058.0,2681.0
32,115,2058.0,2681.0
32,116,2058.0,2681.0
32,117,2058.0,2681.0
32,118,2058.0,2681.0
33,0,3217.0,2057.0
33,1,3217.0,2057.0
33,2,3217.0,2057.0
33,3,3217.0,2057.0
33,4,3217.0,2057.0
33,5,3217.0,2057.0
33,6,3217.0,2057.0
33,7,3217.0,2057.0
33,8,3217.0,2057.0
33,9,3217.0,2057.0
33,10,3217.0,2057.0
33,11,3217.0,2057.0
33,12,3217.0,2057.0
33,13,3217.0,2057.0
33,14,3217.0,2057.0
33,15,3217.0,2057.0
33,16,3217.0,2057.0
33,17,3217.0,2057.0
33,18,3217.0,2057.0
33,19,3217.0,2057.0
33,20,3217.0,2057.0
33,21,3217.0,2057.0
33,22,3217.0,2057.0
33,23,3217.0,2057.0
33,24,3217.0,2057.0
33,25,3217.0,2057.0
33,26,3217.0,2057.0
33,27,3217.0,2057.0
33,28,3217.0,2057.0
33,29,3217.0,2057.0
33,30,3217.0,2057.0
33,31,3217.0,2057.0
33,32,3217.0,2057.0
33,33,3217.0,2057.0
33,34,3217.0,2057.0
33,35,3217.0,2057.0
33,36,3217.0,2057.0
33,37,3217.0,2057.0
33,38,3217.0,2057.0
33,39,3217.0,2057.0
33,40,3217.0,2057.0
33,41,3217.0,2057.0
33,42,3217.0,2057.0
33,43,3217.0,2057.0
33,44,3217.0,2057.0
33,45,3217.0,2057.0
33,46,3217.0,2057.0
33,47,3217.0,2057.0
33,48,3217.0,2057.0
33,49,3217.0,2057.0
33,50,3217.0,2057.0
33,51,3217.0,2057.0
33,52,3217.0,2057.0
33,53,3217.0,2057.0
33,54,3217.0,2057.0
33,55,3217.0,2057.0
33,56,3217.0,2057.0
33,57,3217.0,2057.0
33,58,3217.0,2057.0
33,59,3217.0,2057.0
33,60,3217.0,2057.0
33,61,3217.0,2057.0
33,62,3217.0,2057.0
33,63,3217.0,2057.0
33,64,3217.0,2057.0
33,65,3217.0,2057.0
33,66,3217.0,2057.0
33,67,3217.0,2057.0
33,68,3217.0,2057.0
33,69,3217.0,2057.0
33,70,3217.0,2057.0
33,71,3217.0,2057.0
33,72,3217.0,2057.0
33,73,3217.0,2057.0
33,74,3217.0,2057.0
33,75,3217.0,2057.0
33,76,3217.0,2057.0
33,77,3217.0,2057.0
33,78,3217.0,2057.0
33,79,3217.0,2057.0
33,80,3217.0,2057.0
33,81,3217.0,2057.0
33,82,3217.0,2057.0
33,83,3217.0,2057.0
33,84,3217.0,2057.0
33,85,3217.0,2057.0
33,86,3217.0,2057.0
33,87,3217.0,2057.0
33,88,3217.0,2057.0
33,89,3217.0,2057.0
33,90,3217.0,2057.0
33,91,3217.0,2057.0
33,92,3217.0,2057.0
33,93,3217.0,2057.0
33,94,3217.0,2057.0
33,95,3217.0,2057.0
33,96,3217.0,2057.0
33,97,3217.0,2057.0
33,98,3217.0,2057.0
33,99,3217.0,2057.0
33,100,3217.0,2057.0
33,101,3217.0,2057.0
33,102,3217.0,2057.0
33,103,3217.0,2057.0
33,104,3217.0,2057.0
33,105,3217.0,2057.0
33,106,3217.0,2057.0
33,107,3217.0,2057.0
33,108,3217.0,2057.0
33,109,3217.0,2057.0
33,110,3217.0,2057.0
33,111,3217.0,2057.0
33,112,3217.0,2057.0
33,113,3217.0,2057.0
33,114,3217.0,2057.0
33,115,3217.0,2057.0
33,116,3217.0,2057.0
33,117,3217.0,2057.0
33,118,3217.0,2057.0
34,0,2161.0,2692.0
34,1,2161.0,2692.0
34,2,2161.0,2692.0
34,3,2161.0,2692.0
34,4,2161.0,2692.0
34,5,2161.0,2692.0
34,6,2161.0,2692.0
34,7,2161.0,2692.0
34,8,2161.0,2692.0
34,9,2161.0,2692.0
34,10,2161.0,2692.0
34,11,2161.0,2692.0
34,12,2161.0,2692.0
34,13,2161.0,2692.0
34,14,2161.0,2692.0
34,15,2161.0,2692.0
34,16,2161.0,2692.0
34,17,2161.0,2692.0
34,18,2161.0,2692.0
34,19,2161.0,2692.0
34,20,2161.0,2692.0
34,21,2161.0,2692.0
34,22,2161.0,2692.0
34,23,2161.0,2692.0
34,24,2161.0,2692.0
34,25,2161.0,2692.0
34,26,2161.0,2692.0
34,27,2161.0,2692.0
34,28,2161.0,2692.0
34,29,2161.0,2692.0
34,30,2161.0,2692.0
34,31,2161.0,2692.0
34,32,2161.0,2692.0
34,33,2161.0,2692.0
34,34,2161.0,2692.0
34,35,2161.0,2692.0
34,36,2161.0,2692.0
34,37,2161.0,2692.0
34,38,2161.0,2692.0
34,39,2161.0,2692.0
34,40,2161.0,2692.0
34,41,2161.0,2692.0
34,42,2161.0,2692.0
34,43,2161.0,2692.0
34,44,2161.0,2692.0
34,45,2161.0,2692.0
34,46,2161.0,2692.0
34,47,2161.0,2692.0
34,48,2161.0,2692.0
34,49,2161.0,2692.0
34,50,2161.0,2692.0
34,51,2161.0,2692.0
34,52,2161.0,2692.0
34,53,2161.0,2692.0
34,54,2161.0,2692.0
34,55,2161.0,2692.0
34,56,2161.0,2692.0
34,57,2161.0,2692.0
34,58,2161.0,2692.0
34,59,2161.0,2692.0
34,60,2161.0,2692.0
34,61,2161.0,2692.0
34,62,2161.0,2692.0
34,63,2161.0,2692.0
34,64,2161.0,2692.0
34,65,2161.0,2692.0
34,66,2161.0,2692.0
34,67,2161.0,2692.0
34,68,2161.0,2692.0
34,69,2161.0,2692.0
34,70,2161.0,2692.0
34,71,2161.0,2692.0
34,72,2161.0,2692.0
34,73,2161.0,2692.0
34,74,2161.0,2692.0
34,75,2161.0,2692.0
34,76,2161.0,2692.0
34,77,2161.0,2692.0
34,78,2161.0,2692.0
34,79,2161.0,2692.0
34,80,2161.0,2692.0
34,81,2161.0,2692.0
34,82,2161.0,2692.0
34,83,2161.0,2692.0
34,84,2161.0,2692.0
34,85,2161.0,2692.0
34,86,2161.0,2692.0
34,87,2161.0,2692.0
34,88,2161.0,2692.0
34,89,2161.0,2692.0
34,90,2161.0,2692.0
34,91,2161.0,2692.0
34,92,2161.0,2692.0
34,93,2161.0,2692.0
34,94,2161.0,2692.0
34,95,2161.0,2692.0
34,96,2161.0,2692.0
34,97,2161.0,2692.0
34,98,2161.0,2692.0
34,99,2161.0,2692.0
34,100,2161.0,2692.0
34,101,2161.0,2692.0
34,102,2161.0,2692.0
34,103,2161.0,2692.0
34,104,2161.0,2692.0
34,105,2161.0,2692.0
34,106,2161.0,2692.0
34,107,2161.0,2692.0
34,108,2161.0,2692.0
34,109,2161.0,2692.0
34,110,2161.0,2692.0
34,111,2161.0,2692.0
34,112,2161.0,2692.0
34,113,2161.0,2692.0
34,114,2161.0,2692.0
34,115,2161.0,2692.0
34,116,2161.0,2692.0
34,117,2161.0,2692.0
34,118,2161.0,2692.0
35,0,2501.0,2077.0
35,1,2501.0,2077.0
35,2,2501.0,2077.0
35,3,2501.0,2077.0
35,4,2501.0,2077.0
35,5,2501.0,2077.0
35,6,2501.0,2077.0
35,7,2501.0,2077.0
35,8,2501.0,2077.0
35,9,2501.0,2077.0
35,10,2501.0,2077.0
35,11,2501.0,2077.0
35,12,2501.0,2077.0
35,13,2501.0,2077.0
35,14,2501.0,2077.0
35,15,2501.0,2077.0
35,16,2501.0,2077.0
35,17,2501.0,2077.0
35,18,2501.0,2077.0
35,19,2501.0,2077.0
35,20,2501.0,2077.0
35,21,2501.0,2077.0
35,22,2501.0,2077.0
35,23,2501.0,2077.0
35,24,2501.0,2077.0
35,25,2501.0,2077.0
35,26,2501.0,2077.0
35,27,2501.0,2077.0
35,28,2501.0,2077.0
35,29,2501.0,2077.0
35,30,2501.0,2077.0
35,31,2501.0,2077.0
35,32,2501.0,2077.0
35,33,2501.0,2077.0
35,34,2501.0,2077.0
35,35,2501.0,2077.0
35,36,2501.0,2077.0
35,37,2501.0,2077.0
35,38,2501.0,2077.0
35,39,2501.0,2077.0
35,40,2501.0,2077.0
35,41,2501.0,2077.0
35,42,2501.0,2077.0
35,43,2501.0,2077.0
35,44,2501.0,2077.0
35,45,2501.0,2077.0
35,46,2501.0,2077.0
35,47,2501.0,2077.0
35,48,2501.0,2077.0
35,49,2501.0,2077.0
35,50,2501.0,2077.0
35,51,2501.0,2077.0
35,52,2501.0,2077.0
35,53,2501.0,2077.0
35,54,2501.0,2077.0
35,55,2501.0,2077.0
35,56,2501.0,2077.0
35,57,2501.0,2077.0
35,58,2501.0,2077.0
35,59,2501.0,2077.0
35,60,2501.0,2077.0
35,61,2501.0,2077.0
35,62,2501.0,2077.0
35,63,2501.0,2077.0
35,64,2501.0,2077.0
35,65,2501.0,2077.0
35,66,2501.0,2077.0
35,67,2501.0,2077.0
35,68,2501.0,2077.0
35,69,2501.0,2077.0
35,70,2501.0,2077.0
35,71,2501.0,2077.0
35,72,2501.0,2077.0
35,73,2501.0,2077.0
35,74,2501.0,2077.0
35,75,2501.0,2077.0
35,76,2501.0,2077.0
35,77,2501.0,2077.0
35,78,2501.0,2077.0
35,79,2501.0,2077.0
35,80,2501.0,2077.0
35,81,2501.0,2077.0
35,82,2501.0,2077.0
35,83,2501.0,2077.0
35,84,2501.0,2077.0
35,85,2501.0,2077.0
35,86,2501.0,2077.0
35,87,2501.0,2077.0
35,88,2501.0,2077.0
35,89,2501.0,2077.0
35,90,2501.0,2077.0
35,91,2501.0,2077.0
35,92,2501.0,2077.0
35,93,2501.0,2077.0
35,94,2501.0,2077.0
35,95,2501.0,2077.0
35,96,2501.0,2077.0
35,97,2501.0,2077.0
35,98,2501.0,2077.0
35,99,2501.0,2077.0
35,100,2501.0,2077.0
35,101,2501.0,2077.0
35,102,2501.0,2077.0
35,103,2501.0,2077.0
35,104,2501.0,2077.0
35,105,2501.0,2077.0
35,106,2501.0,2077.0
35,107,2501.0,2077.0
35,108,2501.0,2077.0
35,109,2501.0,2077.0
35,110,2501.0,2077.0
35,111,2501.0,2077.0
35,112,2501.0,2077.0
35,113,2501.0,2077.0
35,114,2501.0,2077.0
35,115,2501.0,2077.0
35,116,2501.0,2077.0
35,117,2501.0,2077.0
35,118,2501.0,2077.0
36,0,1962.0,2907.0
36,1,1962.0,2907.0
36,2,1962.0,2907.0
36,3,1962.0,2907.0
36,4,1962.0,2907.0
36,5,1962.0,2907.0
36,6,1962.0,2907.0
36,7,1962.0,2907.0
36,8,1962.0,2907.0
36,9,1962.0,2907.0
36,10,1962.0,2907.0
36,11,1962.0,2907.0
36,12,1962.0,2907.0
36,13,1962.0,2907.0
36,14,1962.0,2907.0
36,15,1962.0,2907.0
36,16,1962.0,2907.0
36,17,1962.0,2907.0
36,18,1962.0,2907.0
36,19,1962.0,2907.0
36,20,1962.0,2907.0
36,21,1962.0,2907.0
36,22,1962.0,2907.0
36,23,1962.0,2907.0
36,24,1962.0,2907.0
36,25,1962.0,2907.0
36,26,1962.0,2907.0
36,27,1962.0,2907.0
36,28,1962.0,2907.0
36,29,1962.0,2907.0
36,30,1962.0,2907.0
36,31,1962.0,2907.0
36,32,1962.0,2907.0
36,33,1962.0,2907.0
36,34,1962.0,2907.0
36,35,1962.0,2907.0
36,36,1962.0,2907.0
36,37,1962.0,2907.0
36,38,1962.0,2907.0
36,39,1962.0,2907.0
36,40,1962.0,2907.0
36,41,1962.0,2907.0
36,42,1962.0,2907.0
36,43,1962.0,2907.0
36,44,1962.0,2907.0
36,45,1962.0,2907.0
36,46,1962.0,2907.0
36,47,1962.0,2907.0
36,48,1962.0,2907.0
36,49,1962.0,2907.0
36,50,1962.0,2907.0
36,51,1962.0,2907.0
36,52,1962.0,2907.0
36,53,1962.0,2907.0
36,54,1962.0,2907.0
36,55,1962.0,2907.0
36,56,1962.0,2907.0
36,57,1962.0,2907.0
36,58,1962.0,2907.0
36,59,1962.0,2907.0
36,60,1962.0,2907.0
36,61,1962.0,2907.0
36,62,1962.0,2907.0
36,63,1962.0,2907.0
36,64,1962.0,2907.0
36,65,1962.0,2907.0
36,66,1962.0,2907.0
36,67,1962.0,2907.0
36,68,1962.0,2907.0
36,69,1962.0,2907.0
36,70,1962.0,2907.0
36,71,1962.0,2907.0
36,72,1962.0,2907.0
36,73,1962.0,2907.0
36,74,1962.0,2907.0
36,75,1962.0,2907.0
36,76,1962.0,2907.0
36,77,1962.0,2907.0
36,78,1962.0,2907.0
36,79,1962.0,2907.0
36,80,1962.0,2907.0
36,81,1962.0,2907.0
36,82,1962.0,2907.0
36,83,1962.0,2907.0
36,84,1962.0,2907.0
36,85,1962.0,2907.0
36,86,1962.0,2907.0
36,87,1962.0,2907.0
36,88,1962.0,2907.0
36,89,1962.0,2907.0
36,90,1962.0,2907.0
36,91,1962.0,2907.0
36,92,1962.0,2907.0
36,93,1962.0,2907.0
36,94,1962.0,2907.0
36,95,1962.0,2907.0
36,96,1962.0,2907.0
36,97,1962.0,2907.0
36,98,1962.0,2907.0
36,99,1962.0,2907.0
36,100,1962.0,2907.0
36,101,1962.0,2907.0
36,102,1962.0,2907.0
36,103,1962.0,2907.0
36,104,1962.0,2907.0
36,105,1962.0,2907.0
36,106,1962.0,2907.0
36,107,1962.0,2907.0
36,108,1962.0,2907.0
36,109,1962.0,2907.0
36,110,1962.0,2907.0
36,111,1962.0,2907.0
36,112,1962.0,2907.0
36,113,1962.0,2907.0
36,114,1962.0,2907.0
36,115,1962.0,2907.0
36,116,1962.0,2907.0
36,117,1962.0,2907.0
36,118,1962.0,2907.0
37,0,2738.0,1361.0
37,1,2738.0,1361.0
37,2,2738.0,1361.0
37,3,2738.0,1361.0
37,4,2738.0,1361.0
37,5,2738.0,1361.0
37,6,2738.0,1361.0
37,7,2738.0,1361.0
37,8,2738.0,1361.0
37,9,2738.0,1361.0
37,10,2738.0,1361.0
37,11,2738.0,1361.0
37,12,2738.0,1361.0
37,13,2738.0,1361.0
37,14,2738.0,1361.0
37,15,2738.0,1361.0
37,16,2738.0,1361.0
37,17,2738.0,1361.0
37,18,2738.0,1361.0
37,19,2738.0,1361.0
37,20,2738.0,1361.0
37,21,2738.0,1361.0
37,22,2738.0,1361.0
37,23,2738.0,1361.0
37,24,2738.0,1361.0
37,25,2738.0,1361.0
37,26,2738.0,1361.0
37,27,2738.0,1361.0
37,28,2738.0,1361.0
37,29,2738.0,1361.0
37,30,2738.0,1361.0
37,31,2738.0,1361.0
37,32,2738.0,1361.0
37,33,2738.0,1361.0
37,34,2738.0,1361.0
37,35,2738.0,1361.0
37,36,2738.0,1361.0
37,37,2738.0,1361.0
37,38,2738.0,1361.0
37,39,2738.0,1361.0
37,40,2738.0,1361.0
37,41,2738.0,1361.0
37,42,2738.0,1361.0
37,43,2738.0,1361.0
37,44,2738.0,1361.0
37,45,2738.0,1361.0
37,46,2738.0,1361.0
37,47,2738.0,1361.0
37,48,2738.0,1361.0
37,49,2738.0,1361.0
37,50,2738.0,1361.0
37,51,2738.0,1361.0
37,52,2738.0,1361.0
37,53,2738.0,1361.0
37,54,2738.0,1361.0
37,55,2738.0,1361.0
37,56,2738.0,1361.0
37,57,2738.0,1361.0
37,58,2738.0,1361.0
37,59,2738.0,1361.0
37,60,2738.0,1361.0
37,61,2738.0,1361.0
37,62,2738.0,1361.0
37,63,2738.0,1361.0
37,64,2738.0,1361.0
37,65,2738.0,1361.0
37,66,2738.0,1361.0
37,67,2738.0,1361.0
37,68,2738.0,1361.0
37,69,2738.0,1361.0
37,70,2738.0,1361.0
37,71,2738.0,1361.0
37,72,2738.0,1361.0
37,73,2738.0,1361.0
37,74,2738.0,1361.0
37,75,2738.0,1361.0
37,76,2738.0,1361.0
37,77,2738.0,1361.0
37,78,2738.0,1361.0
37,79,2738.0,1361.0
37,80,2738.0,1361.0
37,81,2738.0,1361.0
37,82,2738.0,1361.0
37,83,2738.0,1361.0
37,84,2738.0,1361.0
37,85,2738.0,1361.0
37,86,2738.0,1361.0
37,87,2738.0,1361.0
37,88,2738.0,1361.0
37,89,2738.0,1361.0
37,90,2738.0,1361.0
37,91,2738.0,1361.0
37,92,2738.0,1361.0
37,93,2738.0,1361.0
37,94,2738.0,1361.0
37,95,2738.0,1361.0
37,96,2738.0,1361.0
37,97,2738.0,1361.0
37,98,2738.0,1361.0
37,99,2738.0,1361.0
37,100,2738.0,1361.0
37,101,2738.0,1361.0
37,102,2738.0,1361.0
37,103,2738.0,1361.0
37,104,2738.0,1361.0
37,105,2738.0,1361.0
37,106,2738.0,1361.0
37,107,2738.0,1361.0
37,108,2738.0,1361.0
37,109,2738.0,1361.0
37,110,2738.0,1361.0
37,111,2738.0,1361.0
37,112,2738.0,1361.0
37,113,2738.0,1361.0
37,114,2738.0,1361.0
37,115,2738.0,1361.0
37,116,2738.0,1361.0
37,117,2738.0,1361.0
37,118,2738.0,1361.0
38,0,2433.0,2969.0
38,1,2433.0,2969.0
38,2,2433.0,2969.0
38,3,2433.0,2969.0
38,4,2433.0,2969.0
38,5,2433.0,2969.0
38,6,2433.0,2969.0
38,7,2433.0,2969.0
38,8,2433.0,2969.0
38,9,2433.0,2969.0
38,10,2433.0,2969.0
38,11,2433.0,2969.0
38,12,2433.0,2969.0
38,13,2433.0,2969.0
38,14,2433.0,2969.0
38,15,2433.0,2969.0
38,16,2433.0,2969.0
38,17,2433.0,2969.0
38,18,2433.0,2969.0
38,19,2433.0,2969.0
38,20,2433.0,2969.0
38,21,2433.0,2969.0
38,22,2433.0,2969.0
38,23,2433.0,2969.0
38,24,2433.0,2969.0
38,25,2433.0,2969.0
38,26,2433.0,2969.0
38,27,2433.0,2969.0
38,28,2433.0,2969.0
38,29,2433.0,2969.0
38,30,2433.0,2969.0
38,31,2433.0,2969.0
38,32,2433.0,2969.0
38,33,2433.0,2969.0
38,34,2433.0,2969.0
38,35,2433.0,2969.0
38,36,2433.0,2969.0
38,37,2433.0,2969.0
38,38,2433.0,2969.0
38,39,2433.0,2969.0
38,40,2433.0,2969.0
38,41,2433.0,2969.0
38,42,2433.0,2969.0
38,43,2433.0,2969.0
38,44,2433.0,2969.0
38,45,2433.0,2969.0
38,46,2433.0,2969.0
38,47,2433.0,2969.0
38,48,2433.0,2969.0
38,49,2433.0,2969.0
38,50,2433.0,2969.0
38,51,2433.0,2969.0
38,52,2433.0,2969.0
38,53,2433.0,2969.0
38,54,2433.0,2969.0
38,55,2433.0,2969.0
38,56,2433.0,2969.0
38,57,2433.0,2969.0
38,58,2433.0,2969.0
38,59,2433.0,2969.0
38,60,2433.0,2969.0
38,61,2433.0,2969.0
38,62,2433.0,2969.0
38,63,2433.0,2969.0
38,64,2433.0,2969.0
38,65,2433.0,2969.0
38,66,2433.0,2969.0
38,67,2433.0,2969.0
38,68,2433.0,2969.0
38,69,2433.0,2969.0
38,70,2433.0,2969.0
38,71,2433.0,2969.0
38,72,2433.0,2969.0
38,73,2433.0,2969.0
38,74,2433.0,2969.0
38,75,2433.0,2969.0
38,76,2433.0,2969.0
38,77,2433.0,2969.0
38,78,2433.0,2969.0
38,79,2433.0,2969.0
38,80,2433.0,2969.0
38,81,2433.0,2969.0
38,82,2433.0,2969.0
38,83,2433.0,2969.0
38,84,2433.0,2969.0
38,85,2433.0,2969.0
38,86,2433.0,2969.0
38,87,2433.0,2969.0
38,88,2433.0,2969.0
38,89,2433.0,2969.0
38,90,2433.0,2969.0
38,91,2433.0,2969.0
38,92,2433.0,2969.0
38,93,2433.0,2969.0
38,94,2433.0,2969.0
38,95,2433.0,2969.0
38,96,2433.0,2969.0
38,97,2433.0,2969.0
38,98,2433.0,2969.0
38,99,2433.0,2969.0
38,100,2433.0,2969.0
38,101,2433.0,2969.0
38,102,2433.0,2969.0
38,103,2433.0,2969.0
38,104,2433.0,2969.0
38,105,2433.0,2969.0
38,106,2433.0,2969.0
38,107,2433.0,2969.0
38,108,2433.0,2969.0
38,109,2433.0,2969.0
38,110,2433.0,2969.0
38,111,2433.0,2969.0
38,112,2433.0,2969.0
38,113,2433.0,2969.0
38,114,2433.0,2969.0
38,115,2433.0,2969.0
38,116,2433.0,2969.0
38,117,2433.0,2969.0
38,118,2433.0,2969.0
39,0,2841.0,1411.0
39,1,2841.0,1411.0
39,2,2841.0,1411.0
39,3,2841.0,1411.0
39,4,2841.0,1411.0
39,5,2841.0,1411.0
39,6,2841.0,1411.0
39,7,2841.0,1411.0
39,8,2841.0,1411.0
39,9,2841.0,1411.0
39,10,2841.0,1411.0
39,11,2841.0,1411.0
39,12,2841.0,1411.0
39,13,2841.0,1411.0
39,14,2841.0,1411.0
39,15,2841.0,1411.0
39,16,2841.0,1411.0
39,17,2841.0,1411.0
39,18,2841.0,1411.0
39,19,2841.0,1411.0
39,20,2841.0,1411.0
39,21,2841.0,1411.0
39,22,2841.0,1411.0
39,23,2841.0,1411.0
39,24,2841.0,1411.0
39,25,2841.0,1411.0
39,26,2841.0,1411.0
39,27,2841.0,1411.0
39,28,2841.0,1411.0
39,29,2841.0,1411.0
39,30,2841.0,1411.0
39,31,2841.0,1411.0
39,32,2841.0,1411.0
39,33,2841.0,1411.0
39,34,2841.0,1411.0
39,35,2841.0,1411.0
39,36,2841.0,1411.0
39,37,2841.0,1411.0
39,38,2841.0,1411.0
39,39,2841.0,1411.0
39,40,2841.0,1411.0
39,41,2841.0,1411.0
39,42,2841.0,1411.0
39,43,2841.0,1411.0
39,44,2841.0,1411.0
39,45,2841.0,1411.0
39,46,2841.0,1411.0
39,47,2841.0,1411.0
39,48,2841.0,1411.0
39,49,2841.0,1411.0
39,50,2841.0,1411.0
39,51,2841.0,1411.0
39,52,2841.0,1411.0
39,53,2841.0,1411.0
39,54,2841.0,1411.0
39,55,2841.0,1411.0
39,56,2841.0,1411.0
39,57,2841.0,1411.0
39,58,2841.0,1411.0
39,59,2841.0,1411.0
39,60,2841.0,1411.0
39,61,2841.0,1411.0
39,62,2841.0,1411.0
39,63,2841.0,1411.0
39,64,2841.0,1411.0
39,65,2841.0,1411.0
39,66,2841.0,1411.0
39,67,2841.0,1411.0
39,68,2841.0,1411.0
39,69,2841.0,1411.0
39,70,2841.0,1411.0
39,71,2841.0,1411.0
39,72,2841.0,1411.0
39,73,2841.0,1411.0
39,74,2841.0,1411.0
39,75,2841.0,1411.0
39,76,2841.0,1411.0
39,77,2841.0,1411.0
39,78,2841.0,1411.0
39,79,2841.0,1411.0
39,80,2841.0,1411.0
39,81,2841.0,1411.0
39,82,2841.0,1411.0
39,83,2841.0,1411.0
39,84,2841.0,1411.0
39,85,2841.0,1411.0
39,86,2841.0,1411.0
39,87,2841.0,1411.0
39,88,2841.0,1411.0
39,89,2841.0,1411.0
39,90,2841.0,1411.0
39,91,2841.0,1411.0
39,92,2841.0,1411.0
39,93,2841.0,1411.0
39,94,2841.0,1411.0
39,95,2841.0,1411.0
39,96,2841.0,1411.0
39,97,2841.0,1411.0
39,98,2841.0,1411.0
39,99,2841.0,1411.0
39,100,2841.0,1411.0
39,101,2841.0,1411.0
39,102,2841.0,1411.0
39,103,2841.0,1411.0
39,104,2841.0,1411.0
39,105,2841.0,1411.0
39,106,2841.0,1411.0
39,107,2841.0,1411.0
39,108,2841.0,1411.0
39,109,2841.0,1411.0
39,110,2841.0,1411.0
39,111,2841.0,1411.0
39,112,2841.0,1411.0
39,113,2841.0,1411.0
39,114,2841.0,1411.0
39,115,2841.0,1411.0
39,116,2841.0,1411.0
39,117,2841.0,1411.0
39,118,2841.0,1411.0
40,0,2226.0,3126.0
40,1,2226.0,3126.0
40,2,2226.0,3126.0
40,3,2226.0,3126.0
40,4,2226.0,3126.0
40,5,2226.0,3126.0
40,6,2226.0,3126.0
40,7,2226.0,3126.0
40,8,2226.0,3126.0
40,9,2226.0,3126.0
40,10,2226.0,3126.0
40,11,2226.0,3126.0
40,12,2226.0,3126.0
40,13,2226.0,3126.0
40,14,2226.0,3126.0
40,15,2226.0,3126.0
40,16,2226.0,3126.0
40,17,2226.0,3126.0
40,18,2226.0,3126.0
40,19,2226.0,3126.0
40,20,2226.0,3126.0
40,21,2226.0,3126.0
40,22,2226.0,3126.0
40,23,2226.0,3126.0
40,24,2226.0,3126.0
40,25,2226.0,3126.0
40,26,2226.0,3126.0
40,27,2226.0,3126.0
40,28,2226.0,3126.0
40,29,2226.0,3126.0
40,30,2226.0,3126.0
40,31,2226.0,3126.0
40,32,2226.0,3126.0
40,33,2226.0,3126.0
40,34,2226.0,3126.0
40,35,2226.0,3126.0
40,36,2226.0,3126.0
40,37,2226.0,3126.0
40,38,2226.0,3126.0
40,39,2226.0,3126.0
40,40,2226.0,3126.0
40,41,2226.0,3126.0
40,42,2226.0,3126.0
40,43,2226.0,3126.0
40,44,2226.0,3126.0
40,45,2226.0,3126.0
40,46,2226.0,3126.0
40,47,2226.0,3126.0
40,48,2226.0,3126.0
40,49,2226.0,3126.0
40,50,2226.0,3126.0
40,51,2226.0,3126.0
40,52,2226.0,3126.0
40,53,2226.0,3126.0
40,54,2226.0,3126.0
40,55,2226.0,3126.0
40,56,2226.0,3126.0
40,57,2226.0,3126.0
40,58,2226.0,3126.0
40,59,2226.0,3126.0
40,60,2226.0,3126.0
40,61,2226.0,3126.0
40,62,2226.0,3126.0
40,63,2226.0,3126.0
40,64,2226.0,3126.0
40,65,2226.0,3126.0
40,66,2226.0,3126.0
40,67,2226.0,3126.0
40,68,2226.0,3126.0
40,69,2226.0,3126.0
40,70,2226.0,3126.0
40,71,2226.0,3126.0
40,72,2226.0,3126.0
40,73,2226.0,3126.0
40,74,2226.0,3126.0
40,75,2226.0,3126.0
40,76,2226.0,3126.0
40,77,2226.0,3126.0
40,78,2226.0,3126.0
40,79,2226.0,3126.0
40,80,2226.0,3126.0
40,81,2226.0,3126.0
40,82,2226.0,3126.0
40,83,2226.0,3126.0
40,84,2226.0,3126.0
40,85,2226.0,3126.0
40,86,2226.0,3126.0
40,87,2226.0,3126.0
40,88,2226.0,3126.0
40,89,2226.0,3126.0
40,90,2226.0,3126.0
40,91,2226.0,3126.0
40,92,2226.0,3126.0
40,93,2226.0,3126.0
40,94,2226.0,3126.0
40,95,2226.0,3126.0
40,96,2226.0,3126.0
40,97,2226.0,3126.0
40,98,2226.0,3126.0
40,99,2226.0,3126.0
40,100,2226.0,3126.0
40,101,2226.0,3126.0
40,102,2226.0,3126.0
40,103,2226.0,3126.0
40,104,2226.0,3126.0
40,105,2226.0,3126.0
40,106,2226.0,3126.0
40,107,2226.0,3126.0
40,108,2226.0,3126.0
40,109,2226.0,3126.0
40,110,2226.0,3126.0
40,111,2226.0,3126.0
40,112,2226.0,3126.0
40,113,2226.0,3126.0
40,114,2226.0,3126.0
40,115,2226.0,3126.0
40,116,2226.0,3126.0
40,117,2226.0,3126.0
40,118,2226.0,3126.0
41,0,2393.0,2277.0
41,1,2393.0,2277.0
41,2,2393.0,2277.0
41,3,2393.0,2277.0
41,4,2393.0,2277.0
41,5,2393.0,2277.0
41,6,2393.0,2277.0
41,7,2393.0,2277.0
41,8,2393.0,2277.0
41,9,2393.0,2277.0
41,10,2393.0,2277.0
41,11,2393.0,2277.0
41,12,2393.0,2277.0
41,13,2393.0,2277.0
41,14,2393.0,2277.0
41,15,2393.0,2277.0
41,16,2393.0,2277.0
41,17,2393.0,2277.0
41,18,2393.0,2277.0
41,19,2393.0,2277.0
41,20,2393.0,2277.0
41,21,2393.0,2277.0
41,22,2393.0,2277.0
41,23,2393.0,2277.0
41,24,2393.0,2277.0
41,25,2393.0,2277.0
41,26,2393.0,2277.0
41,27,2393.0,2277.0
41,28,2393.0,2277.0
41,29,2393.0,2277.0
41,30,2393.0,2277.0
41,31,2393.0,2277.0
41,32,2393.0,2277.0
41,33,2393.0,2277.0
41,34,2393.0,2277.0
41,35,2393.0,2277.0
41,36,2393.0,2277.0
41,37,2393.0,2277.0
41,38,2393.0,2277.0
41,39,2393.0,2277.0
41,40,2393.0,2277.0
41,41,2393.0,2277.0
41,42,2393.0,2277.0
41,43,2393.0,2277.0
41,44,2393.0,2277.0
41,45,2393.0,2277.0
41,46,2393.0,2277.0
41,47,2393.0,2277.0
41,48,2393.0,2277.0
41,49,2393.0,2277.0
41,50,2393.0,2277.0
41,51,2393.0,2277.0
41,52,2393.0,2277.0
41,53,2393.0,2277.0
41,54,2393.0,2277.0
41,55,2393.0,2277.0
41,56,2393.0,2277.0
41,57,2393.0,2277.0
41,58,2393.0,2277.0
41,59,2393.0,2277.0
41,60,2393.0,2277.0
41,61,2393.0,2277.0
41,62,2393.0,2277.0
41,63,2393.0,2277.0
41,64,2393.0,2277.0
41,65,2393.0,2277.0
41,66,2393.0,2277.0
41,67,2393.0,2277.0
41,68,2393.0,2277.0
41,69,2393.0,2277.0
41,70,2393.0,2277.0
41,71,2393.0,2277.0
41,72,2393.0,2277.0
41,73,2393.0,2277.0
41,74,2393.0,2277.0
41,75,2393.0,2277.0
41,76,2393.0,2277.0
41,77,2393.0,2277.0
41,78,2393.0,2277.0
41,79,2393.0,2277.0
41,80,2393.0,2277.0
41,81,2393.0,2277.0
41,82,2393.0,2277.0
41,83,2393.0,2277.0
41,84,2393.0,2277.0
41,85,2393.0,2277.0
41,86,2393.0,2277.0
41,87,2393.0,2277.0
41,88,2393.0,2277.0
41,89,2393.0,2277.0
41,90,2393.0,2277.0
41,91,2393.0,2277.0
41,92,2393.0,2277.0
41,93,2393.0,2277.0
41,94,2393.0,2277.0
41,95,2393.0,2277.0
41,96,2393.0,2277.0
41,97,2393.0,2277.0
41,98,2393.0,2277.0
41,99,2393.0,2277.0
41,100,2393.0,2277.0
41,101,2393.0,2277.0
41,102,2393.0,2277.0
41,103,2393.0,2277.0
41,104,2393.0,2277.0
41,105,2393.0,2277.0
41,106,2393.0,2277.0
41,107,2393.0,2277.0
41,108,2393.0,2277.0
41,109,2393.0,2277.0
41,110,2393.0,2277.0
41,111,2393.0,2277.0
41,112,2393.0,2277.0
41,113,2393.0,2277.0
41,114,2393.0,2277.0
41,115,2393.0,2277.0
41,116,2393.0,2277.0
41,117,2393.0,2277.0
41,118,2393.0,2277.0
